pregame_total,inning,n,under_pct,season_sd_pp,autocorr_lag1,autocorr_lag5,drift_pp_per_1000,od25,od50,od100,od250,od500,sd100_pp,range100_pp,sd250_pp,range250_pp,stationarity_score,core_n2000,usable_n500
8.5,1,2871,51.2365029606409,1.3331900527223388,0.0028911564625852568,-0.007596619968162633,0.7640266536228103,0.995932795923802,1.1148171335581356,1.1840045318331278,0.8211567450713806,0.7508592073419456,5.438934691831719,23.0,2.8647068706144196,10.400000000000004,0.27286994768632283,True,True
8.0,7,2144,56.809701492537314,1.7168321539983458,-0.0070305539480969605,0.009245898134787095,1.2946811095591155,1.174137399375231,1.1835800216602639,1.0121067122511964,0.894011422815941,0.39329515865331516,4.983305462575349,24.0,2.9621420820557716,9.599999999999998,0.2929170121325974,True,True
8.5,3,2871,51.48032044583769,2.2689559712548735,-0.014151035104910404,-0.005832657427649016,-0.1292055428041735,1.0055079781838325,0.9723309832060674,0.9343110239621519,1.584807327960118,1.0985629337485827,4.830869651243097,20.0,3.979218744701254,13.199999999999996,0.3272288090185493,True,True
8.5,8,2862,55.52061495457722,1.9682616820235885,-0.007671439963116957,-0.005495140552477491,-0.8108002595464853,0.802353979602716,0.7426373597094867,0.6459166172949067,1.018378562932234,0.7345548671468256,3.993877589643703,14.000000000000002,3.1716929806707888,9.599999999999998,0.3458641760702793,True,True
8.5,2,2871,56.14768373389063,2.5375965787289934,0.008075438469339861,-0.001853634562546808,1.4812999671884763,0.9891123022257052,0.867398706273357,0.6027094070160277,0.9815292821708499,1.4686017426883722,3.8522651894628277,16.000000000000004,3.1091653366955376,8.799999999999997,0.37685562759977587,True,True
8.5,7,2867,55.56330659225671,1.514098511165997,-0.011917318945958212,-0.020605982669251816,1.5065532024313057,0.7798329947891907,0.947266146081465,0.766312461653558,0.8860236530396327,1.1640106286234586,4.349785617778755,20.0,2.9581320887589597,9.599999999999998,0.4055257760557919,True,True
8.0,2,2146,57.735321528424976,2.0385175638128628,-0.0070207227576178045,0.010150700023608466,-0.8531614782518151,0.7667204973593346,0.6069543026167366,0.6541322437046998,0.9589516245718658,0.795028269944194,3.9952352573915793,15.000000000000002,3.05941170815567,9.999999999999998,0.41085913805299523,True,True
8.0,9,2143,65.2356509566029,2.4915231549651544,0.00047864436439114705,0.005040458461347127,-0.1815555482331413,1.1221403370945984,1.238169657349218,1.588019034039862,1.365658574295289,0.8642451863160235,6.0011903581111055,23.0,3.5197402501564565,10.399999999999999,0.4329525739241009,True,True
8.0,6,2145,54.07925407925408,3.2169276458611,-0.0020113400743696154,0.00376994376506422,-0.24549111013343738,1.0032040628259002,1.1294223387762246,1.375057316021104,1.6771634102047954,1.596627352091723,5.843596413820776,20.0,4.08166632639171,12.799999999999995,0.4397966643477591,True,True
8.5,6,2869,52.21331474381318,1.936741177420092,-0.015907818554687966,-0.020193723357098726,-1.4084827890776568,0.8607831223137362,0.9439549474670338,0.8767974539534393,0.6260995724290432,0.33104869152061783,4.677283840754602,18.0,2.499745441585457,7.9999999999999964,0.4653512171359962,True,True
8.0,1,2146,53.12208760484622,3.7262966840104537,-0.004385708445601372,0.00034952661555942354,1.1848217042313014,1.1105709819709682,0.873463682805261,0.947312593279089,1.9823003629849956,3.5411401410251906,4.857002799101128,18.0,4.44361500196791,13.599999999999996,0.5286339881313638,True,True
8.5,4,2871,52.385928247997214,1.7327665072886296,0.017273029275382257,0.004638161668005461,-0.8110842453505618,1.0420747779377122,1.2622727688917248,1.1707081023217702,1.7558527300035798,0.7352742646772725,5.403800348001228,21.999999999999996,4.1855161515093275,14.799999999999997,0.5776659229883421,True,True
8.5,9,2861,66.79482698357218,1.223158121038509,-0.021913507236403708,0.018944345654002676,0.5585399266194502,1.1341682196195635,1.2966752510873152,1.237805378576682,1.8008571050803817,0.9675672073590548,5.239628202812076,20.999999999999996,3.9970898504696213,13.200000000000001,0.6673671440540978,True,True
8.0,8,2144,54.24440298507462,1.5235110461735566,-0.014315280117842909,0.018687276739832042,0.9025509004615015,0.9727462875780807,1.147034383302328,1.6342525863076796,1.613627773789708,1.995042911331343,6.368822870978966,21.000000000000004,4.002499219237899,12.4,0.6828649019880993,True,True
8.0,5,2146,52.79589934762349,3.2753281204316127,-0.011089638058326301,-0.011896217926949315,1.4521290399420295,1.0948294986226275,1.1071086530623653,1.3466870401503848,1.88675669380888,1.328821654473024,5.7932637400609295,21.999999999999996,4.336884991393181,14.000000000000002,0.6832005437405592,True,True
8.0,3,2146,54.14725069897484,0.8604198866136697,0.041417797882054116,-0.002649063646060376,0.7099459422669059,0.9153394380379246,0.7576398779040536,0.6227607065061305,0.41312798331204315,0.07786906277840762,3.932162860552034,13.0,2.025551071401839,6.799999999999995,0.6881879186677332,True,True
8.0,4,2146,54.007455731593666,1.919542647033632,0.02207698110037496,-0.02765037677815099,-2.341534551675417,1.2209750505725516,1.4293445402549623,1.2211780351937862,0.7591624834171719,0.6280344180996595,5.507570547286102,22.000000000000004,2.7464262493023783,7.599999999999996,0.7246095216810617,True,True
8.5,5,2871,52.10727969348659,3.69128274899672,0.021955039610553465,0.019857378947019527,3.0238559374018807,1.3247813386668128,1.3251106214064572,1.1894142857142853,1.261294921925133,1.8809410235294122,5.448168470462314,19.0,3.5483158617216493,11.599999999999994,0.7303395383159725,True,True
9.0,5,1839,51.22349102773246,1.707646184919833,0.008110850664776372,-0.025672146167621517,-0.38299816909510725,0.9139719184356196,1.0268370636256263,1.2500295285799965,0.724243180432602,0.41624923843810663,5.58856208194835,23.000000000000004,2.6903708365381975,8.000000000000002,0.3400783126605974,False,True
9.0,1,1839,48.23273518216422,2.896137188986867,-0.009967937345018257,0.03029299834161897,0.8138469910544875,0.9790008337043953,0.9268722178837714,1.2486187103663005,0.8055778288767595,0.8036706843955161,5.5835894000396635,21.999999999999996,2.8364968333693388,8.800000000000002,0.39415960205732015,False,True
9.0,4,1839,49.374660141381185,1.7470184081237266,-0.00886279892340689,-0.05029874173419493,-0.23404371743695956,1.171324771103427,0.7424018407634658,0.6553966347726199,0.975390665822157,0.2987133914080361,4.047511944537838,14.999999999999996,3.1228802334353065,7.600000000000001,0.427551544443901,False,True
7.5,8,1609,56.86761963952765,3.8005235422588255,0.007369851051347289,0.013869369234227524,2.107594120238743,0.9985203040172098,0.96662309864564,0.7800494973832429,0.826254519876326,0.5327167299202605,4.3741665872864655,15.000000000000002,2.847220867208347,7.9999999999999964,0.43157440301489036,False,True
9.0,7,1836,51.688453159041394,3.067874129301834,0.009186336098114407,-0.02465900364695369,-2.620374273285784,1.2117318740954954,1.0726517694749846,0.9528512894959746,1.091530440617743,0.11479757603981187,4.877921447405527,20.999999999999996,3.3019474773014075,10.799999999999994,0.4523897589589292,False,True
9.0,9,1830,63.82513661202186,1.8232889815465916,-0.004466043562058327,0.02297543730299936,-1.1764081661308352,0.8442739458154916,0.7740350321625151,0.7401139031844993,0.7103055291147616,0.7478420001655437,4.133791878423205,17.999999999999993,2.5612496949731387,7.199999999999996,0.46741252484511453,False,True
9.5,8,871,51.77956371986223,3.2792905258934404,0.003333606735573329,-0.04273848852906452,-1.2730497368364884,1.4211228295927656,1.0436750048134553,1.3931933835618497,0.6621721324745727,,5.897941529526575,15.999999999999998,2.571640202931457,4.800000000000004,0.5304205582489532,False,True
7.5,2,1612,58.06451612903226,1.8682510365540976,-0.030142450142450265,-0.011559370529327428,-0.9634144770394023,0.8656545499253833,0.9723103632478635,0.8513132122507117,0.4298490028490023,0.8241054131054102,4.552929459882576,16.999999999999993,2.046134567096373,5.999999999999995,0.5305742838883147,False,True
7.5,4,1612,55.955334987593055,2.511547089395388,0.03659550957866256,-0.012739294534298751,-1.0075315836299368,1.2958034283553006,0.9658797820180507,0.8302786702476498,1.4244748450496016,1.2118585844706038,4.5235494912734175,15.000000000000002,3.747354622485928,10.399999999999999,0.5313873874538364,False,True
9.0,6,1839,52.20228384991843,2.830119798449061,0.0067764397788321025,-0.01506351248707344,2.8382383211027324,1.1176019619703275,1.2796253580570454,1.1987962789851443,0.8488849504306842,1.4134087101820276,5.469164900227673,24.000000000000004,2.910735465888467,7.9999999999999964,0.5727421306694892,False,True
9.0,8,1833,53.40971085651937,2.22034427161321,0.0030006603692124107,-0.006972349947740488,2.5425600072414554,0.9788595969794481,1.057616808105717,0.5368757997011494,0.6315082267941263,0.11520240985759517,3.6550618495701284,15.000000000000002,2.507132682112037,7.200000000000006,0.5865872796169095,False,True
7.0,8,651,55.29953917050692,6.8752474601255535,0.022509578544061208,0.0009889615003754102,0.643725955422015,1.1222691620407084,0.9626088642171116,1.321512600229095,0.07281804123711352,,5.715476066494082,15.000000000000002,0.8485281374238578,1.200000000000001,0.6085826043552571,False,True
7.5,9,1607,65.6502800248911,0.9774492087829965,0.011790831339548297,0.032744346704675194,0.628916581626572,1.101530848735223,1.2916243161515764,1.123210404718159,0.24123433202829905,0.00886890926574629,5.032809023464599,20.000000000000007,1.4751271131668633,4.400000000000004,0.6112789845882364,False,True
7.5,1,1612,54.59057071960298,2.5856103863021507,-0.01539743293043752,0.03360616047859272,3.717582417050395,1.015384413021708,1.2254913686040736,1.0643047151846328,1.119301636032455,1.3742506871998634,5.136470902607482,18.0,3.3314661437071007,9.999999999999998,0.6859297944000591,False,True
9.5,6,874,47.368421052631575,5.442880057995217,0.005257811757284532,0.012316566372072235,-0.9508306849598395,1.3035753614577141,1.2245686274509804,1.1052043650793653,2.315748148148149,,5.249149590988186,14.000000000000002,4.805552344250694,9.600000000000003,0.7068288732914548,False,True
9.5,5,875,47.65714285714286,2.279583923216873,-0.0159644395920441,-0.011226167620991368,1.5136113064077452,0.5977493884676488,0.5087640971219944,0.8010444810090797,0.10155630953752241,,4.470139019889971,14.000000000000007,1.0066445913694313,1.9999999999999962,0.7944068689077703,False,True
7.5,3,1612,55.521091811414394,2.5992592638478453,-0.03183915375934847,-0.008990888482533432,0.011029276647653819,0.9961138521538703,1.125660643743718,1.408507236597763,2.354575968875071,3.614741140018022,5.897739680024317,16.000000000000004,4.8227239882318225,12.4,0.8168526449812921,False,True
9.5,1,875,46.85714285714286,4.214886956397356,-0.011015590083339917,0.016620675749839747,-4.257815473764847,1.0920457876305523,0.682106782524182,0.7852453776553902,0.5997027712212604,,4.421942042651785,13.000000000000005,2.4440403706431137,4.799999999999999,0.8417032145757594,False,True
7.0,7,655,58.16793893129771,8.042626233536893,0.01648945844016514,-0.0468264264895233,-1.3664959116149678,1.0543519153031198,1.2307937925502153,0.6849451756486638,0.07397407897005588,,4.082482904638629,9.999999999999998,0.8485281374238578,1.200000000000001,0.8502010088080575,False,True
7.0,1,655,57.404580152671755,6.795154977713189,-0.001071483238940613,0.017670309230411425,5.653876834307272,1.0872287630008977,1.2290047359539469,1.0142434988179665,0.2944577899794075,,4.979959839195491,12.0,1.6970562748477076,2.399999999999991,0.9400195089141665,False,True
9.0,3,1839,50.24469820554649,2.566455028877718,0.05111445811664649,-0.005481273406400254,-0.7086913224616069,1.2846578615386162,1.6043558860603357,1.1383279175554977,2.067859050863265,3.15474222553403,5.334558682765548,23.000000000000004,4.547317367206211,13.199999999999996,0.9463995278749601,False,True
7.0,5,655,55.72519083969466,1.7543397253264765,-0.004389249656349335,-0.06611674966565916,1.2383869199011757,0.847293586715599,0.5289868948560493,0.3728889938592342,0.20265706188001928,,3.033150177620618,7.9999999999999964,1.4142135623730963,2.0000000000000018,0.9759575390704074,False,True
7.5,5,1612,56.07940446650124,5.252354947210772,-0.001792793180295927,-0.03720865190521726,-6.9822483047521615,1.1392228394532653,1.0788526198690065,1.038688961385264,1.4080156292185377,2.703974651267432,5.0579969684978385,17.000000000000004,3.724513391035128,9.199999999999998,0.994000488916617,False,True
7.0,2,655,63.81679389312978,1.8867076366600886,-0.016710813847404606,-0.011207453376334064,6.123609803924868,1.154764158781481,0.853924953941609,0.636612712736963,0.5543294369410302,,3.8340579025361623,12.0,2.2627416997969543,3.200000000000003,1.0479150418853114,False,True
7.5,7,1610,54.09937888198758,3.4193316049166644,0.03514740305737784,-0.04141761205777097,4.6917060110849516,0.8891514461970706,0.6586207727784751,0.7651432646282483,1.2628890936179913,2.955869243353334,4.358898943540673,13.0,3.5417509793885826,8.399999999999997,1.04886880463912,False,True
7.5,6,1611,55.92799503414029,2.36153866021544,0.05516431924882693,-0.06234814763403097,2.6565508791056582,1.0380435888080983,0.7144785154349171,0.7219818349330163,1.4518748733019633,2.0312183864563584,4.218510795687659,15.000000000000002,3.7834728314957746,8.799999999999997,1.06699263470147,False,True
9.5,9,871,61.99770378874856,3.6247102817195493,0.044218621257895836,0.007987488393602868,-5.555291219661545,0.7845677486513337,1.0504847683786505,1.3703293371057723,0.4131199358472276,,5.682051943243241,15.000000000000002,1.9731531449265007,3.600000000000003,1.1364827499821741,False,True
7.0,3,655,59.84732824427481,3.6697753573049616,-0.05068935971335118,-0.03205128205128231,5.525767842593375,0.8655738340963761,0.37452713975323976,0.6727617140011899,1.1984868472103691,,4.02077936060494,12.0,3.394112549695431,4.800000000000004,1.2859100934652534,False,True
9.5,3,875,51.542857142857144,5.701155584240256,0.024308176100628756,-0.019371305443683942,8.773571809213346,0.9493409023233611,1.0933940308071104,0.9373210541040877,1.5428023330404834,,4.838461975226662,14.000000000000002,3.9259818304894556,6.800000000000001,1.2899704143366988,False,True
7.0,4,655,59.69465648854961,3.671857461198993,0.018018109003141904,-0.03456477314666225,6.17058310088674,1.3023776819940502,1.3971402372137665,1.7858031239505026,0.2992501743780521,,6.554896388705673,17.000000000000004,1.6970562748477156,2.400000000000002,1.4387409034731093,False,True
7.0,6,655,57.25190839694656,3.7660837368200166,-0.002808760947449395,-0.0020297619950864145,-10.500667020816797,1.1498498608058612,1.435321733821734,1.1222749206349203,0.400423333333334,,5.240865068542278,15.000000000000002,1.9798989873223347,2.8000000000000025,1.455924233178626,False,True
9.5,2,875,52.114285714285714,3.2109149207849796,0.028099346953762143,-0.026855654824914234,9.697859896913158,1.0982999844831791,0.9163443809096304,0.44007260001884263,1.1914637678125326,,3.3139316313320157,9.000000000000007,3.448671241700686,6.800000000000006,1.4691986178962224,False,True
9.5,4,875,47.77142857142857,3.8404753313378963,-0.0319097019977015,-0.0366741692042898,3.602215783652135,1.1311210485052545,1.6686089967118736,0.8295050477421921,2.7574780396385847,,4.54933276112317,14.000000000000002,5.245950819441602,10.400000000000004,1.4953199255026792,False,True
9.0,2,1839,55.899945622621,3.2417068801566127,-0.0021280684056301743,0.019699827097126085,-3.529178594921137,1.3318471903799176,1.5785507642621022,1.8134858050173583,3.2390038197683473,1.3710907152144354,6.686245759238975,21.000000000000004,5.651464201341775,16.400000000000002,1.6330044791609124,False,True
10.0,2,261,50.191570881226056,9.114567117357367,0.07692307692307691,0.0,-6.2094613292296295,0.7537888432178509,1.6160237228420435,0.1800026423957725,,,2.1213203435596446,3.0000000000000027,,,1.723572057761483,False,False
6.5,5,149,55.033557046979865,8.89961520029248,0.030630161261767774,0.14353989026528813,-2.1766733176127757,0.6950440480524204,0.0404095376774664,,,,,,,,1.7610282711885143,False,False
11.0,9,124,54.03225806451613,9.848102371056319,-0.03114189609075197,0.01960227272727273,-11.014948859166172,0.7918163568124295,0.3623566378633143,,,,,,,,1.953654546688881,False,False
10.0,4,261,45.593869731800766,8.643393624932912,-0.00011927839394003832,-0.07040521429010639,-12.486416803342102,0.6181335069238966,0.32250443839507653,0.5039131849923066,,,3.535533905932737,4.999999999999999,,,2.047244903480538,False,False
6.5,3,149,58.38926174496645,16.99004859317032,-0.04323726572164798,0.05735329986116377,14.511155450752794,1.7615921394141636,0.6585391175380064,,,,,,,,2.180822655729004,False,False
9.5,7,873,52.69186712485682,5.64745651406996,0.02940912711600652,0.03438511326860844,-17.28024616622396,1.648128191371678,1.1828401789971696,1.4327241213360806,1.385348710390565,,5.976143046671969,20.0,3.7166292972710244,6.799999999999995,2.311863262249526,False,True
7.0,9,651,68.97081413210445,4.489561825175197,-0.019934582743988846,-0.018335563059559967,13.879253538861606,0.7372740058724049,0.9285415928092717,0.6105610267040058,3.373661183267543,,3.614784456460253,8.999999999999996,5.374011537017758,7.599999999999996,2.4874578113695405,False,True
6.5,2,149,61.74496644295302,16.05588641717477,-0.0735084974157346,-0.1286783195362839,-15.599492109559076,0.474163234172387,0.6773760488176976,,,,,,,,2.6361506078257344,False,False
10.5,3,186,47.31182795698925,8.270785678970064,-0.05169383140828781,0.04620098039215683,20.32738275622544,0.6342141531937453,0.7488311688311688,,,,,,,,2.680979205009285,False,False
11.0,7,124,54.03225806451613,8.78833913605212,0.019138755980861247,-0.0973326393188211,23.603461841069834,1.0065462162869858,1.0065462162869856,,,,,,,,2.7545840982547385,False,False
10.5,4,186,44.086021505376344,5.590212816049797,-0.09805318138651495,0.021501391052235995,-23.12472900708195,0.509991959260252,0.7572607879924954,,,,,,,,3.1099821928049822,False,False
10.0,7,260,50.76923076923077,8.166324727785469,0.04211405392507743,-0.051125876707272144,-22.804160735195225,1.08292297979798,1.7364109848484846,2.000473484848486,,,7.071067811865476,10.000000000000004,,,3.5128062081152116,False,False
10.0,5,261,45.593869731800766,6.609540235843096,0.039275284581917896,-0.030356106727413228,29.427447168958363,0.9030124275062139,1.1045777015031373,1.6326787193750751,,,6.36396103067893,9.000000000000002,,,3.5988176704267714,False,False
10.0,1,261,45.97701149425287,5.696821593100159,0.09410645397301555,-0.02909136039333479,-24.70285702715289,1.325917021276596,0.10467765957446802,0.020130319148936208,,,0.7071067811865481,1.0000000000000009,,,3.965688064398669,False,False
11.0,8,124,44.354838709677416,11.556703267538369,-0.10367015279847995,-0.06910428233451939,22.974036191974765,0.7968238910847613,0.04051646903820825,,,,,,,,3.9825507611552258,False,False
10.0,6,261,47.12643678160919,6.3192877914880405,-0.05735150626441104,0.011764705882352941,30.372365197319212,0.5012110286320256,0.2247423117709439,0.3210604453870623,,,2.828427124746189,3.9999999999999982,,,4.086386790122032,False,False
10.5,9,185,61.62162162162163,8.812584166964323,-0.03203290539698358,0.021996813835148534,-32.40968879117539,0.2738418816995541,0.36646487109793324,,,,,,,,4.10065897650997,False,False
11.0,6,124,47.58064516129033,11.364367723774802,0.038430968946737955,0.04100679388967478,-32.415420928402746,0.5345849630595396,0.16037548891786166,,,,,,,,4.396341830325127,False,False
10.0,3,261,44.44444444444444,12.426846227939507,-0.10704647676161924,0.0670291977046332,-28.280046705948195,0.6138,0.18630000000000002,0.020250000000000035,,,0.7071067811865481,1.0000000000000009,,,4.461049647516815,False,False
6.5,8,143,60.83916083916085,16.38670882343369,-0.03866248693834911,-0.0646100134966025,34.88295741816864,0.3357799671592774,0.37775246305418647,,,,,,,,4.49768575394423,False,False
11.5,7,103,51.45631067961165,14.043391184095205,-0.11852994085688037,0.06127555276542502,31.84993190704268,1.3211207547169808,0.3603056603773591,,,,,,,,4.601163892907586,False,False
10.0,9,259,63.32046332046332,4.4317027880155235,-0.07702035317218388,-0.007063623371489197,-31.15049626677548,0.5759914705462841,0.8869503209242615,3.10002053915276,,,8.485281374238571,12.0,,,4.627877371767184,False,False
10.0,8,259,48.26254826254826,3.7563168115974883,0.1229806609258612,-0.04854580069612135,36.607013351199235,1.2263697247097847,0.29635785074626875,0.720870447761194,,,4.242640687119286,6.0,,,4.912627892583862,False,False
6.5,6,149,53.691275167785236,13.958101776973034,0.03525848828046588,-0.004845900368288439,46.798476328677914,0.37001666666666677,0.643507246376811,,,,,,,,5.227170528998175,False,False
10.5,6,186,44.623655913978496,6.041693992051933,-0.11445783132530067,0.01897018970189699,53.80229289147698,0.5395718797520179,0.728422037665224,,,,,,,,6.281006977214668,False,False
11.5,4,103,46.601941747572816,9.215992066168893,-0.08344608748432125,-0.04343289065907594,-54.913675701796166,1.9690946969696967,0.04018560606060591,,,,,,,,6.998711073517844,False,False
10.5,8,185,54.59459459459459,8.765538821079174,-0.05142857142857185,-0.06290796543355585,66.71468102043141,0.9604914573089961,1.0488566713814238,,,,,,,,7.166191526868092,False,False
11.0,1,124,43.54838709677419,9.271921279283383,0.057288997599312996,0.004901960784313718,62.94256490951995,0.2576225749559082,0.3660952380952381,,,,,,,,7.229312123206263,False,False
6.5,4,149,56.375838926174495,31.580158199660758,0.1344352662577968,-0.07559289460184539,-58.40740068928006,0.6017853479853474,0.162644688644688,,,,,,,,7.577050395377838,False,False
10.5,5,186,41.935483870967744,4.946077248445289,0.011883346593475109,-0.07934728446018194,-67.88226902078874,1.3063654863654866,0.2464102564102564,,,,,,,,7.839275232016538,False,False
11.5,6,103,41.74757281553398,10.64097719560109,0.035080804099329975,-0.04794633014853849,80.1739665246234,0.712749354005168,0.0,,,,,,,,9.336639663404606,False,False
10.5,1,186,41.39784946236559,11.10020611164447,-0.06782106782106798,-0.06592348342328655,-90.7272634027851,0.3690177188473389,0.5221208149648515,,,,,,,,10.087481314688858,False,False
11.0,2,124,47.58064516129033,8.12236052166113,-0.05936922099358131,0.022115155548954855,107.31707317073156,1.3364624076488478,0.0,,,,,,,,12.094898888687926,False,False
11.5,9,103,52.42718446601942,9.293219245364313,0.09664998074701564,-0.08178608201095311,-105.43425734744919,0.7885248173343415,0.040094482237339454,,,,,,,,12.231939402275517,False,False
11.0,3,124,45.96774193548387,7.905799683453399,0.019138755980861226,0.0014224765458310574,121.16443745082606,1.113911146024265,1.9728305839224933,,,,,,,,13.189235538546898,False,False
10.5,2,186,44.623655913978496,11.33618097593281,0.016654854712969458,0.08599255030841571,116.64933866072393,1.2641398325618702,2.940666744648498,,,,,,,,13.946852535210985,False,False
10.5,7,186,46.774193548387096,9.44427468879911,0.13206661975134854,-0.06470588235294113,133.24692641580688,2.1269483007414047,2.9991501219087415,,,,,,,,16.178293509304996,False,False
11.5,3,103,50.48543689320388,17.670164252079317,-0.05923076923076924,0.10166666666666656,-149.36519790888715,1.0000942684766214,1.9601847662141763,,,,,,,,16.497858403256735,False,False
11.5,1,103,36.89320388349515,8.925881013600346,-0.11742998742951816,0.17554184850698598,-148.2669243948507,0.17180566801619443,0.17180566801619465,,,,,,,,16.76866225413742,False,False
6.5,1,149,59.06040268456376,15.014379716158926,0.03551537005395839,0.10987038883349932,163.61327770723776,0.8271609538002983,1.0339511922503721,,,,,,,,16.90246697974444,False,False
6.5,9,143,67.83216783216784,6.1340379077891685,0.11069540992550045,-0.07787660565194136,142.81493154732607,2.144807709547288,2.9330703720304765,,,,,,,,17.00167039334641,False,False
11.0,5,124,48.38709677419355,18.693650294666362,0.022775423728813526,0.14196834850080509,142.8796223446106,1.8552638888888886,3.243375000000002,,,,,,,,17.071119398607543,False,False
11.5,2,103,43.689320388349515,8.766577314354587,0.08072100313479622,-0.10748615458500284,-162.54448007731813,3.1840549169859518,0.04064750957854414,,,,,,,,17.93986397758226,False,False
11.5,5,103,50.48543689320388,12.569471120707524,-0.019999999999999973,0.10212592127570837,-176.82203575978534,1.066767219708396,0.0,,,,,,,,19.088581339805657,False,False
11.0,4,124,52.41935483870967,13.035638351396175,0.053846153846153814,0.12333452133070989,-225.0196695515342,0.14701086484137316,0.36084485006518835,,,,,,,,23.78035643831113,False,False
6.5,7,149,61.07382550335571,20.02231242814096,-0.05571621361095041,0.018332737529045344,-243.42463268637738,1.4301515725653648,1.5142781356574457,,,,,,,,25.19032068493707,False,False
11.5,8,103,44.66019417475729,12.627879439838186,0.2264156126227073,-0.026845788736229864,-216.35988226507897,1.4026646325959833,4.046147978642259,,,,,,,,25.894751634472385,False,False
