n,mean_runs,variance,p0_pct,p1_pct,p2plus_pct,mean_runs_given_score,multi_run_given_score_pct,poisson_p0_pct,poisson_residual_pp,nb_p0_pct,nb_residual_pp,pregame_total,inning,half,clean_i1_i8,target_cell,seasons,season_p0_sd_pp,season_nb_residual_mean_pp,season_nb_residual_sd_pp
655,0.3511450381679389,0.6471508275556179,78.93129770992367,11.908396946564885,9.16030534351145,1.6666666666666667,43.47826086956522,70.38816567458707,8.543132035336587,77.51693852949698,1.414359180426683,7.0,1,top,True,False,5,4.900625701472319,1.7944985479796791,0.8194847735153323
1612,0.40384615384615385,0.7635606169125722,75.62034739454094,14.578163771712157,9.801488833746898,1.6564885496183206,40.20356234096692,66.77468436506432,8.845663029476626,74.91680196835105,0.7035454261898888,7.5,1,top,True,False,5,2.519650089213284,0.6780808320231824,0.3889816435585665
2146,0.424044734389562,0.8205684343615378,74.51071761416588,15.191053122087606,10.298229263746506,1.663619744058501,40.40219378427788,65.43946073107821,9.071256883087674,74.12881246813727,0.381905146028616,8.0,1,top,True,False,5,2.6247459568696336,0.41954001992527523,1.0278839197124572
2871,0.47579240682688956,0.9853893980050414,73.7025426680599,14.14141414141414,12.15604319052595,1.809271523178808,46.22516556291391,62.139246569265715,11.563296098794195,72.36668178239314,1.335860885666762,8.5,1,top,True,False,5,1.176094133066434,1.418747402138596,0.2893418897367269
1839,0.5046220772158782,1.0216053930052584,72.10440456769985,14.627514953779228,13.268080478520936,1.8089668615984404,47.563352826510716,60.3733697037801,11.731034863919742,70.65154051011682,1.4528640575830254,9.0,1,top,True,False,5,1.213942249415129,1.495676942220383,1.1062393191274433
875,0.5382857142857143,1.047445570447859,70.62857142857143,15.2,14.17142857142857,1.8326848249027237,48.249027237354085,58.374810615072015,12.253760813499415,68.46506923287508,2.163502195696343,9.5,1,top,True,False,5,3.6257803085309424,2.4564908697211596,0.7870186399796931
655,0.48396946564885496,0.9381982865280015,72.97709923664122,14.198473282442748,12.82442748091603,1.7909604519774012,47.45762711864407,61.63320209233238,11.343897144308833,71.08214616744189,1.8949530691993344,7.0,1,bottom,True,False,5,5.096328994161464,2.401236953387218,1.8685307374922038
1612,0.4813895781637717,0.8531605756330932,71.7741935483871,15.694789081885856,12.531017369727046,1.7054945054945054,44.395604395604394,61.79241410530868,9.98177944307842,69.99730232876938,1.7768912196177267,7.5,1,bottom,True,False,5,3.162668316594968,1.7449055590011309,1.027265674607939
2146,0.548928238583411,1.1782575920506955,70.59645852749301,15.703634669151912,13.69990680335508,1.866877971473851,46.592709984152144,57.75684944081737,12.83960908667564,69.3698229850052,1.2266355424878084,8.0,1,bottom,True,False,5,3.2506801425058027,1.1908108361344794,1.2050127976789817
2871,0.5740160222918843,1.144258395562012,68.89585510275165,16.30094043887147,14.803204458376873,1.845464725643897,47.59238521836507,56.32588303523198,12.569972067519675,67.12536791906157,1.7704871836900837,8.5,1,bottom,True,False,5,2.764324602502064,1.7315148360413921,0.628701044503805
1839,0.6296900489396411,1.258334561114198,67.10168569874932,16.041326808047852,16.856987493202826,1.9140495867768594,51.2396694214876,53.27569039859576,13.82599530015356,64.61846740520016,2.483218293549161,9.0,1,bottom,True,False,5,3.764521491988207,2.6729233216764725,1.2735699563690668
875,0.6605714285714286,1.4922079110820532,66.28571428571428,17.37142857142857,16.34285714285714,1.959322033898305,48.47457627118644,51.65560752398102,14.630106761733263,65.20873973078862,1.0769745549256582,9.5,1,bottom,True,False,5,2.4767413535593534,1.032445444116119,0.6535938199168887
655,0.2687022900763359,0.4750892919672246,82.29007633587786,12.061068702290076,5.648854961832061,1.5172413793103448,31.896551724137932,76.43707825453335,5.8529980813445075,81.9247364901538,0.3653398457240553,7.0,2,top,True,False,5,1.9792979564163449,0.29518259046765083,1.0149723107610915
1612,0.3728287841191067,0.8273928620387441,78.287841191067,12.531017369727046,9.181141439205955,1.717142857142857,42.285714285714285,68.87831533630825,9.40952585475875,78.3672616042883,-0.07942041322130944,7.5,2,top,True,False,5,3.4313902239792498,0.32444493194498936,1.4385983954282084
2146,0.4207828518173346,0.8620200861580172,76.0484622553588,13.560111835973904,10.391425908667289,1.7568093385214008,43.3852140077821,65.65326508034227,10.395197175016547,74.99263745957124,1.0558247957875633,8.0,2,top,True,False,5,2.485771551872812,1.091487405257645,0.7393674822111082
2871,0.4106583072100313,0.8741581379091892,76.66318355973529,13.444792755137582,9.892023685127134,1.7597014925373133,42.38805970149254,66.3213508162683,10.341832743466972,75.96619048816181,0.6969930715734707,8.5,2,top,True,False,5,1.2172878947902996,0.6867511663730341,0.41370320386903625
1839,0.44861337683523655,0.9776354538144342,75.69331158238172,12.887438825448614,11.419249592169658,1.8456375838926173,46.97986577181208,63.851291486215665,11.842020096166062,74.35324949761907,1.3400620847626499,9.0,2,top,True,False,5,2.07403116084371,1.4002434510711148,0.9532515336036185
875,0.5211428571428571,1.2750101340307292,74.05714285714285,12.571428571428573,13.37142857142857,2.0088105726872247,51.541850220264315,59.38414840258226,14.672994454560595,72.44654166071616,1.6106011964266864,9.5,2,top,True,False,5,2.8334397547545023,1.5031097340523236,1.4686749201798845
655,0.42748091603053434,1.0218736139318811,77.70992366412214,11.450381679389313,10.839694656488549,1.917808219178082,48.63013698630137,65.21498474851607,12.494938915606069,76.49623658400401,1.213687080118131,7.0,2,bottom,True,False,5,3.3958226345043347,1.0149724528182436,1.8266235406290952
1612,0.45471464019851116,0.9321503219953391,74.81389578163771,13.709677419354838,11.476426799007445,1.8054187192118227,45.566502463054185,63.46290397284918,11.350991808788535,73.28079899791867,1.5330967837190568,7.5,2,bottom,True,False,5,3.0870384021375026,1.6258971929340316,0.5750047556891851
2146,0.45200372786579684,0.9620309482378449,75.16309412861138,13.69990680335508,11.136999068033552,1.8198874296435272,44.8405253283302,63.635179748656476,11.527914379954895,73.89082127026894,1.272272858342427,8.0,2,bottom,True,False,5,1.50452490153881,1.2136075897988086,0.6858551114604284
2871,0.48589341692789967,1.0359507607615264,73.84186694531523,13.758272378962033,12.399860675722744,1.8575233022636484,47.4034620505992,61.514736811591895,12.32713013372333,72.25621251805077,1.585654427264449,8.5,2,bottom,True,False,5,2.3163271377317747,1.7173142995228965,0.5709483282447391
1839,0.45568243610657966,0.9532851569873156,74.49700924415443,14.301250679717237,11.201740076128331,1.7867803837953091,43.923240938166316,63.401514545080204,11.095494699074226,73.49065264598323,1.0063565981711986,9.0,2,bottom,True,False,5,3.026541513939697,1.1086513705358536,0.9977393334939212
875,0.5714285714285714,1.3206930369401768,71.42857142857143,13.257142857142856,15.314285714285713,2.0,53.6,56.47181220077593,14.956759227795501,69.41254901154265,2.0160224170287733,9.5,2,bottom,True,False,5,2.8885196436112177,1.9345862435790817,1.1320801694909124
655,0.4076335877862595,0.7678315474939889,77.40458015267176,10.381679389312977,12.213740458015266,1.804054054054054,54.054054054054056,66.5222579850272,10.882322167644565,74.66892587088651,2.735654281785238,7.0,3,top,True,False,5,3.9149472945882406,2.8937032842525667,0.6244436607352715
1612,0.4218362282878412,0.8473937708033943,75.74441687344913,13.895781637717123,10.359801488833748,1.7391304347826086,42.710997442455245,65.58414388740523,10.160272986043895,74.70089889945878,1.0435179739903488,7.5,3,top,True,False,5,2.6464951761321074,0.9944570818231435,1.4827659856533464
2146,0.461789375582479,0.8892152581807755,73.57875116495805,14.585274930102516,11.835973904939422,1.747795414462081,44.79717813051146,63.015505200599776,10.56324596435828,72.11524847726574,1.4635026876923196,8.0,3,top,True,True,5,1.3483129485238101,1.474827709982487,0.42876857331789314
2871,0.48589341692789967,1.0373444889845227,73.8070358760014,13.514454893765237,12.678509230233367,1.8550531914893618,48.40425531914894,61.514736811591895,12.292299064409494,72.27396633541504,1.5330695405863515,8.5,3,top,True,True,5,1.1202577932663647,1.625759321888074,0.4540458403154543
1839,0.533442088091354,1.1706710073897615,71.94127243066885,15.116911364872212,12.941816204458945,1.9011627906976745,46.12403100775194,58.658242241156714,13.283030189512136,70.39925808933278,1.5420143413360732,9.0,3,top,True,False,5,2.520331938469371,1.6040643463465254,0.9809673154816335
875,0.5394285714285715,1.2144047074207256,72.22857142857143,14.057142857142857,13.714285714285715,1.9423868312757202,49.382716049382715,58.308134653604306,13.920436774967126,70.48020147326345,1.7483699553079823,9.5,3,top,True,False,5,4.853549595983794,1.90964352432619,0.4326615243217833
655,0.41068702290076337,0.7959100777365362,76.4885496183206,13.435114503816795,10.076335877862595,1.7467532467532467,42.857142857142854,66.31944638021308,10.169103238107535,74.84917480271302,1.639374815607586,7.0,3,bottom,True,False,5,2.896651217268447,2.183438558916273,1.6077448849613796
1612,0.478287841191067,0.9200745341040889,73.20099255583126,14.01985111662531,12.779156327543426,1.7847222222222223,47.68518518518518,61.98437547370729,11.216617082123982,71.26466190160225,1.9363306542290126,7.5,3,bottom,True,False,5,0.7668091946769747,2.2255720804002155,0.7080558250496443
2146,0.4902143522833178,1.046291142842867,73.53215284249767,13.839701770736253,12.628145386766077,1.852112676056338,47.7112676056338,61.24950903911386,12.282643803383808,72.06204239507741,1.4701104474202475,8.0,3,bottom,True,True,5,2.2831051356788357,1.5467003463258955,0.5274564338737386
2871,0.593521421107628,1.3660764802901053,69.66213862765586,14.872866597004528,15.464994775339601,1.9563719862227325,50.97588978185993,55.23786978446164,14.424268843194232,68.37834088591912,1.2837977417367585,8.5,3,bottom,True,True,5,1.3440706923698793,1.455723808475795,0.6881177353550483
1839,0.5584556824361065,1.1237573526322733,69.65742251223492,15.551930396954866,14.790647090810221,1.8405017921146953,48.74551971326165,57.20918735325695,12.44823515897796,67.99232257081894,1.6650999414159706,9.0,3,bottom,True,False,5,1.266293238965146,1.809417354834053,0.5009715437877552
875,0.5394285714285715,1.0976999019287348,70.62857142857143,15.657142857142858,13.714285714285715,1.8365758754863812,46.69260700389105,58.308134653604306,12.320436774967124,69.05214642319709,1.576425005374349,9.5,3,bottom,True,False,5,2.1091699401110438,1.8705281933264573,1.3251510100416366
655,0.40458015267175573,0.8039545252935546,77.25190839694656,11.297709923664122,11.450381679389313,1.778523489932886,50.33557046979866,66.72568980833364,10.526218588612924,75.46934327382256,1.7825651231240025,7.0,4,top,True,False,5,3.023949809258138,1.8353480104573983,1.1806063281139876
1612,0.4466501240694789,0.9499763567163099,75.18610421836229,13.771712158808933,11.042183622828784,1.8,44.5,63.97677084436808,11.209333373994202,74.14744564441959,1.0386585739426968,7.5,4,top,True,False,5,1.7791029657083832,1.1329284628589553,1.040868192414895
2146,0.4771668219944082,1.0039073073555833,73.76514445479962,14.445479962721341,11.78937558247903,1.8188277087033748,44.93783303730018,62.053900110451565,11.71124434434806,72.50539516333906,1.2597492914605657,8.0,4,top,True,False,5,1.261472874766994,1.240225301128024,0.5783834192352695
2871,0.47579240682688956,1.005598457238491,73.24973876698014,15.151515151515152,11.598746081504702,1.7786458333333333,43.359375,62.139246569265715,11.110492197714429,72.6322001775998,0.6175385893803398,8.5,4,top,True,False,5,1.5792080054998567,0.492076312611085,1.231570865336799
1839,0.524741707449701,1.1156824006044823,71.77814029363785,15.062533985861881,13.159325720500274,1.859344894026975,46.628131021194605,59.170817844503986,12.607322449133862,70.36461481401889,1.413525479618949,9.0,4,top,True,False,5,2.2518350407805934,1.6647252722549077,0.965525620505737
875,0.5645714285714286,1.0516037920889179,68.22857142857143,15.771428571428572,16.0,1.776978417266187,50.35971223021583,56.86037818813768,11.368193240433744,66.55947258347925,1.6690988450921762,9.5,4,top,True,False,5,5.019950125456133,2.1368924385017296,1.3802195373233388
655,0.3893129770992366,0.8222097719261388,77.55725190839695,12.977099236641221,9.465648854961833,1.7346938775510203,42.17687074829932,67.75221878982428,9.80503311857267,76.97020583710031,0.5870460712966485,7.0,4,bottom,True,False,5,2.314452402989183,0.8497621747648253,0.9249729911041742
1612,0.47146401985111663,1.0898121321621053,75.0,13.399503722084367,11.600496277915633,1.8858560794044665,46.40198511166253,62.40879220287893,12.591207797121074,73.99243697901441,1.0075630209855801,7.5,4,bottom,True,False,5,3.0950565564161487,1.097597523977154,0.5087663547973267
2146,0.48415657036346693,0.9911241600896773,72.87977632805219,15.191053122087606,11.929170549860205,1.7852233676975946,43.986254295532646,61.62167130840993,11.258105019642262,71.80200377016835,1.0777725578838382,8.0,4,bottom,True,False,5,1.247243209424228,1.159901706255655,0.3467162945789117
2871,0.520027864855451,1.0838321943452307,71.71717171717171,14.907697666318356,13.375130616509928,1.8386699507389161,47.29064039408867,59.450398197186814,12.266773519984897,70.31087261321666,1.4062991039550554,8.5,4,bottom,True,False,5,1.1941062419151882,1.6013938613707102,0.9561514367213256
1839,0.5508428493746601,1.0625659377494392,69.60304513322458,15.823817292006526,14.573137574768896,1.81216457960644,47.9427549194991,57.646373346718406,11.95667178650618,67.7350951622757,1.867949970948879,9.0,4,bottom,True,False,5,2.946635970774445,2.0723024441747118,1.4088094657187091
875,0.5691428571428572,1.1219300424975482,69.37142857142857,15.542857142857141,15.085714285714285,1.8582089552238805,49.25373134328358,56.60103825932579,12.770390312102787,67.1869461484301,2.1844824229984794,9.5,4,bottom,True,False,5,2.582530006209367,2.435536218457115,0.36233585424725806
655,0.44580152671755724,0.8437705721689197,73.58778625954199,15.572519083969466,10.839694656488549,1.6878612716763006,41.040462427745666,64.03108440460346,9.556701854938531,72.71592463307502,0.8718616264669743,7.0,5,top,True,False,5,3.8131570423709307,0.38982346233403353,1.5910433860124775
1612,0.446029776674938,0.978463433004792,75.80645161290323,12.655086848635236,11.538461538461538,1.8435897435897435,47.69230769230769,64.01647098013726,11.789980632765962,74.56218568542855,1.2442659274746748,7.5,5,top,True,False,5,3.489245268129856,1.4672241770944838,0.600306858963615
2146,0.4864864864864865,1.0117054117054116,72.8331780055918,15.330848089468779,11.835973904939422,1.7907375643224699,43.56775300171527,61.478265109981464,11.354912895610337,71.89743994081128,0.9357380647805225,8.0,5,top,True,False,5,1.8837988040135965,1.0735169311942117,0.7851000711390954
2871,0.5217694183211424,1.1471740109250623,72.5531173807036,13.688610240334379,13.758272378962033,1.901015228426396,50.1269035532995,59.34695225463569,13.206165126067903,70.9674555756585,1.585661805045091,8.5,5,top,True,False,5,0.9864175281164845,1.6353847150341383,0.7768787961882423
1839,0.4703643284393692,0.8792899107181423,72.5394235997825,15.443175638934203,12.017400761283307,1.7128712871287128,43.76237623762376,62.477460365656235,10.061963234126258,71.28568515841248,1.2537384413700114,9.0,5,top,True,False,5,2.2144816113491554,1.2545157783950733,0.4111341337694426
875,0.5691428571428572,1.1814266100032687,69.71428571428572,14.857142857142858,15.428571428571427,1.879245283018868,50.943396226415096,56.60103825932579,13.11324745495993,67.95097448420523,1.7633112300804776,9.5,5,top,True,False,5,4.1801924302990034,1.955205717761841,0.6926648485958197
655,0.46106870229007635,0.9094147582697201,75.41984732824427,11.297709923664122,13.282442748091603,1.875776397515528,54.037267080745345,63.06093516031819,12.358912167926084,72.46474647204236,2.9551008562019088,7.0,5,bottom,True,False,5,3.2903024914246375,3.1387515749091284,0.9799442628363964
1612,0.5099255583126551,1.1575674680738657,73.44913151364764,13.337468982630273,13.213399503722083,1.9205607476635513,49.76635514018692,60.05402823802798,13.395103275619668,71.95358051588381,1.4955509977638393,7.5,5,bottom,True,False,5,3.2497704373025957,1.430260757390649,1.2260835390186071
2146,0.5065237651444549,1.087370008059663,72.41379310344827,15.144454799627214,12.44175209692451,1.8361486486486487,45.10135135135135,60.258667493878484,12.155125609569794,71.35922630599693,1.0545667974513506,8.0,5,bottom,True,False,5,3.8846284392770833,1.0442386205908405,1.2364957824474685
2870,0.5146341463414634,1.062002567394095,71.67247386759583,15.505226480836237,12.822299651567945,1.8167281672816729,45.26445264452644,59.77192323890318,11.900550628692642,70.43124870303909,1.2412251645567363,8.5,5,bottom,True,False,5,3.244198548827539,1.1940472979184036,0.9896970988021816
1839,0.5372485046220772,1.2128392151433014,71.56063077759653,15.551930396954866,12.887438825448614,1.8891013384321225,45.31548757170172,58.43538894353794,13.125241834058588,70.61838098200607,0.9422497955904441,9.0,5,bottom,True,False,5,1.4167383583075113,1.2201431276572405,1.3057141983828464
875,0.5885714285714285,1.2218372016999017,69.6,14.62857142857143,15.771428571428572,1.9360902255639099,51.8796992481203,55.51197467650915,14.08802532349085,67.06159174283985,2.5384082571601407,9.5,5,bottom,True,False,5,2.6367708840541626,2.6333960869651363,0.9020329408023423
655,0.38778625954198476,0.8371594649485259,78.16793893129771,12.213740458015266,9.618320610687023,1.7762237762237763,44.05594405594406,67.8557362926809,10.312202638616807,77.29618905699942,0.8717498742982888,7.0,6,top,True,False,5,4.171697979890582,1.0363294175563231,1.0122654047527373
1611,0.43947858472998136,0.8688504111870641,75.66728739913098,12.60086902545003,11.731843575418994,1.8061224489795917,48.214285714285715,64.43723190711022,11.230055492020764,73.59512374577952,2.0721636533514554,7.5,6,top,True,False,5,1.864426940220976,2.0521931584094744,0.6989843404608823
2145,0.4489510489510489,0.9098228264273039,74.63869463869463,14.219114219114218,11.142191142191143,1.7702205882352942,43.93382352941176,63.82973432535305,10.808960313341586,73.42482819755568,1.2138664411389555,8.0,6,top,True,False,5,1.9201720306894146,1.155523009360373,1.2597764958127033
2869,0.5078424538166608,1.099398028169151,72.88253746950157,14.081561519693272,13.035901010805159,1.8727506426735219,48.0719794344473,60.17925744172763,12.703280027773944,71.4105500952272,1.471987374274386,8.5,6,top,True,True,5,1.7262777825168087,1.5215554432440848,0.8343213360912127
1839,0.48341489940184884,0.9234190176451341,71.94127243066885,15.606307775965197,12.45241979336596,1.7228682170542635,44.37984496124031,61.667391265112094,10.273881165556753,70.91149559636781,1.0297768343010327,9.0,6,top,True,True,5,3.034025359721682,1.215368510105863,1.0728344229912026
874,0.5640732265446224,1.130483275273197,69.79405034324942,15.217391304347828,14.988558352402745,1.8674242424242424,49.621212121212125,56.88871320149045,12.905337141758977,67.66946954273546,2.1245808005139755,9.5,6,top,True,False,5,4.195448260314756,2.4764465040847217,1.6062750865419162
655,0.4549618320610687,0.9517146392137638,73.74045801526718,15.572519083969466,10.687022900763358,1.7325581395348837,40.69767441860465,63.44721839816591,10.293239617101268,73.52561748128248,0.21484053398469483,7.0,6,bottom,True,False,5,3.6759466815851165,0.537854389416601,1.892310812549068
1611,0.48044692737430167,1.0684062597591866,73.9292364990689,13.842333954065797,12.2284295468653,1.8428571428571427,46.904761904761905,61.85069023595329,12.07854626311562,73.06917226729212,0.8600642317767915,7.5,6,bottom,True,False,5,2.4520360707626563,1.1566272844707193,1.685680655394507
2144,0.5018656716417911,1.0069960510095346,71.96828358208955,15.438432835820896,12.593283582089551,1.7903494176372712,44.92512479201331,60.540012758971486,11.42827082311807,70.66373760385417,1.304545978235383,8.0,6,bottom,True,False,5,2.4778054231791193,1.2976125968646923,1.0256920302863615
2869,0.5322411990240502,1.141655400659092,71.52317880794702,14.987800627396306,13.489020564656675,1.869033047735618,47.368421052631575,58.728726596446556,12.794452211500463,70.13573614101203,1.3874426669349904,8.5,6,bottom,True,True,5,1.8495418424444314,1.4756048736479688,0.3566612655754715
1837,0.5449101796407185,1.2187063780934861,71.20304844855742,15.405552531301034,13.391399020141534,1.892249527410208,46.502835538752365,57.98938672762163,13.213661720935798,70.13751696787358,1.0655314806838456,9.0,6,bottom,True,True,5,3.248525964051655,1.3509526476574019,0.7214800312783446
874,0.5583524027459954,1.0532921276746325,68.53546910755148,17.391304347826086,14.073226544622425,1.7745454545454546,44.72727272727273,57.21509620552527,11.320372902026211,67.046627380229,1.4888417273224874,9.5,6,bottom,True,False,5,4.185527868911037,1.7655634247559981,1.8220048277517105
655,0.4015267175572519,0.8033615799425732,77.09923664122137,12.061068702290076,10.839694656488549,1.7533333333333334,47.333333333333336,66.92974374682362,10.169492894397758,75.71017586489249,1.3890607763288765,7.0,7,top,True,False,5,4.756376686919553,1.8798625478885023,0.8310571092364973
1610,0.44285714285714284,0.9380005327177483,75.15527950310559,13.850931677018632,10.993788819875776,1.7825,44.25,64.21989432412342,10.935385178982171,74.28445204647188,0.8708274566337049,7.5,7,top,True,False,5,2.561170943537592,1.0657701668647301,0.6475173443203407
2144,0.45802238805970147,0.9305749019717093,74.44029850746269,13.852611940298507,11.707089552238806,1.7919708029197081,45.8029197080292,63.25333148552252,11.186967021940164,73.00067457449634,1.4396239329663385,8.0,7,top,True,False,5,1.3930418350989335,1.4851471802457783,0.6594880918226339
2867,0.4492500871991629,0.9606998910284291,75.44471573072899,12.940355772584583,11.614928496686431,1.8295454545454546,47.30113636363637,63.81064964708941,11.63406608363957,74.08628830688599,1.3584274238429894,8.5,7,top,True,False,5,0.6046126570857788,1.4365340658812653,0.6039311109617922
1836,0.5179738562091504,1.0465432494523697,71.56862745098039,15.359477124183007,13.071895424836603,1.8218390804597702,45.97701149425287,59.572635324191694,11.995992126788702,69.97723062134722,1.5913968296331737,9.0,7,top,True,False,5,1.0857393865931357,1.6356853776962144,0.6937790627773566
873,0.5200458190148912,1.194838530008302,73.08132875143184,13.974799541809851,12.943871706758307,1.9319148936170212,48.08510638297872,59.449330824840715,13.631997926591122,71.64879687233132,1.4325318791005182,9.5,7,top,True,False,5,4.128156182008336,1.5791923081189863,1.93076586184005
652,0.5030674846625767,1.0921564747014976,73.46625766871165,13.190184049079754,13.34355828220859,1.8959537572254335,50.28901734104046,60.46729868647086,12.998958982240794,71.6752178124645,1.7910398562471563,7.0,7,bottom,True,False,5,3.267303968275015,2.062517671092081,0.7385894011195709
1610,0.49130434782608695,0.9573513119139622,72.60869565217392,14.534161490683232,12.857142857142856,1.7936507936507937,46.93877551020408,61.18278371902149,11.425911933152433,70.7855779332588,1.8231177189151127,7.5,7,bottom,True,False,5,3.0010919468363157,1.9403044056926055,1.0498641762959062
2144,0.45475746268656714,1.0049516910315432,75.18656716417911,13.386194029850746,11.42723880597015,1.8327067669172932,46.05263157894737,63.46018639158901,11.726380772590094,74.22694985292972,0.9596173112493833,8.0,7,bottom,True,False,5,1.2950349267176562,0.9167734710486686,0.8400557484923815
2865,0.48097731239092495,1.0081051897783888,73.50785340314137,14.45026178010471,12.041884816753926,1.8155467720685112,45.45454545454545,61.817894254601704,11.689959148539664,72.26970510161452,1.2381483015268424,8.5,7,bottom,True,False,5,1.3605616735066217,1.2462784729566367,0.6440648850141565
1835,0.5645776566757493,1.367010658497232,72.31607629427793,13.514986376021799,14.168937329700274,2.0393700787401574,51.181102362204726,56.86002405687339,15.456052237404538,70.37942904381327,1.9366472504646515,9.0,7,bottom,True,False,5,1.8706082201681549,1.8471623522819502,1.6388009979570488
873,0.5189003436426117,1.05726851413979,71.70675830469645,14.318442153493699,13.974799541809851,1.834008097165992,49.392712550607285,59.51746758623986,12.189290718456592,70.04983888119585,1.6569194235005913,9.5,7,bottom,True,False,5,3.8627798305420202,1.5196210293941226,1.775249513691916
651,0.38095238095238093,0.6946520146520146,75.72964669738863,15.360983102918588,8.90937019969278,1.5696202531645569,36.708860759493675,68.32104226749482,7.408604429893806,75.73614341154075,-0.006496714152126604,7.0,8,top,True,False,5,3.495174467911648,-0.4152766303441613,2.0501184496540668
1609,0.42013673088875075,0.9054649066661719,76.88004972032319,11.99502796768179,11.124922311995029,1.8172043010752688,48.11827956989247,65.69569873610081,11.18435098422237,75.63316477991285,1.2468849404103421,7.5,8,top,True,False,5,3.1203557741213053,1.3059861312157728,1.5775972146588033
2144,0.4822761194029851,1.0234841309086855,73.88059701492537,13.292910447761194,12.826492537313433,1.8464285714285715,49.107142857142854,61.73765685779921,12.14294015712617,72.37028830046413,1.5103087144612504,8.0,8,top,True,False,5,1.1315902570444698,1.6883067545043027,1.681963860602709
2862,0.4451432564640112,0.9503276795752709,75.6114605171209,12.753319357092943,11.635220125786164,1.825214899713467,47.70773638968481,64.07324803877985,11.538212478341048,74.26893075802651,1.3425297590943797,8.5,8,top,True,True,5,2.3493306468266555,1.3690723081084277,0.28834017973141024
1833,0.4877250409165303,1.0414704221728284,73.10420076377522,15.057283142389524,11.838516093835242,1.8133874239350913,44.01622718052739,61.40216806727062,11.702032696504606,72.18829609155596,0.9159046722192699,9.0,8,top,True,False,5,2.709459647564954,0.9695892275293305,0.1446195308822336
871,0.5177956371986223,1.128131227153358,72.56027554535017,14.121699196326063,13.318025258323765,1.887029288702929,48.53556485355649,59.58325324644341,12.97702229890676,71.02850729932102,1.5317682460291526,9.5,8,top,True,False,5,1.9431298072019425,1.8100288002803766,1.3874735440903538
651,0.46390168970814133,0.8860025995509867,72.65745007680492,15.514592933947775,11.827956989247312,1.696629213483146,43.258426966292134,62.88253714342205,9.774912933382874,71.9001480087983,0.7573020680066156,7.0,8,bottom,True,False,5,5.820847068134943,0.884466924997913,2.12019163618642
1607,0.4791537025513379,1.075374625800417,74.36216552582452,13.814561294337274,11.823273179838207,1.8689320388349515,46.116504854368934,61.93072882667512,12.431436699149401,73.24986897653068,1.1122965492938452,7.5,8,bottom,True,False,5,2.9231852814900092,1.3223220861760465,0.6682936989025359
2143,0.5062995800279981,1.1445681399017844,73.58842743817078,13.159122725151656,13.252449836677554,1.9169611307420495,50.17667844522968,60.272178104650465,13.316249333520325,72.06654507390098,1.521882364269811,8.0,8,bottom,True,False,5,2.910625487182809,1.5667131860529282,0.5868213686559691
2862,0.5027952480782669,1.1273951897991519,73.89937106918238,12.683438155136267,13.417190775681343,1.926372155287818,51.40562248995983,60.483762338230186,13.4156087309522,72.1211021276747,1.778268941507688,8.5,8,bottom,True,True,5,1.400190598276339,1.8361106074620959,0.1820577776848377
1832,0.5414847161572053,1.3210525186084394,72.92576419213974,13.100436681222707,13.973799126637553,2.0,51.61290322580645,58.18836786102458,14.73739633111516,71.50207348363608,1.4236907085036665,9.0,8,bottom,True,False,5,3.7429673910217756,1.8128787253171796,1.2262276910949825
871,0.5522388059701493,1.3693944072739752,73.47876004592423,12.169919632606199,14.351320321469574,2.0822510822510822,54.112554112554115,57.56595765310676,15.912802392817472,71.25359627975963,2.225163766164595,9.5,8,bottom,True,False,5,3.4518031058036636,2.8013029905793436,0.8087850022074671
651,0.4685099846390169,1.150929930284769,76.95852534562212,10.906298003072196,12.135176651305683,2.033333333333333,52.666666666666664,62.593422540588264,14.365102805033859,74.89445091547246,2.064074430149654,7.0,9,top,False,False,5,4.627298794042478,1.8166018686364005,1.7080783097545063
1607,0.4418170504044804,0.8681879789619047,74.48662103298071,14.312383322962042,11.20099564405725,1.7317073170731707,43.90243902439025,64.28672369986074,10.199897333119956,73.39862932464936,1.0879917083313373,7.5,9,top,False,False,5,1.2993090225587187,0.9849137080184199,0.40097633568882135
2143,0.4353709752683154,0.9126045191758457,75.4083061129258,13.99906672888474,10.592627158189453,1.7703984819734346,43.07400379506641,64.70245924281264,10.705846870113167,74.53100482284522,0.8773012900805899,8.0,9,top,False,False,5,2.0998468462349016,0.9425768469758712,0.8812086391568287
2861,0.447046487242223,0.9430865534325862,75.63788885005242,12.827682628451589,11.53442852149598,1.8350071736011477,47.34576757532281,63.951417833326154,11.686471016726275,74.02576065473565,1.6121281953167754,8.5,9,top,False,False,5,1.1486760249805086,1.593784776806182,0.5494362486749956
1830,0.49836065573770494,1.08775018150203,72.95081967213115,14.972677595628415,12.076502732240439,1.8424242424242425,44.64646464646464,60.75257877253753,12.198240899593616,71.97052210678359,0.9802975653475654,9.0,9,top,False,False,5,0.8069479987145848,0.8953729055767212,0.7712835393677692
871,0.5361653272101033,1.1041503358538867,71.06773823191733,15.958668197474168,12.973593570608497,1.8531746031746033,44.84126984126984,58.49871912962305,12.569019102294288,69.376541476482,1.6911967554353313,9.5,9,top,False,False,5,2.25059486305005,1.9146408388741976,1.1310721743412135
364,0.3269230769230769,0.6283640601822421,80.21978021978022,11.538461538461538,8.241758241758241,1.6527777777777777,41.66666666666667,72.11392131402783,8.105858905752383,79.32100651721004,0.8987737025701881,7.0,9,bottom,False,False,5,4.629403571952022,1.3141992408498182,1.0510125152636431
858,0.40792540792540793,0.6502054926792384,73.89277389277389,15.734265734265735,10.372960372960373,1.5625,39.732142857142854,66.5028482826543,7.3899256101195965,72.60045834079446,1.2923155519794283,7.5,9,bottom,False,False,5,2.0438164058798414,1.2477028360853781,0.23284211381780037
1197,0.4218880534670008,0.7558081379591677,73.51712614870509,16.875522138680033,9.60735171261487,1.5930599369085174,36.27760252365931,65.58074506547128,7.936381083233812,73.28736063087396,0.22976551783112642,8.0,9,bottom,False,False,5,1.1318903495272332,0.4284869320907192,1.2044364852491056
1547,0.40077569489334197,0.7189644690595912,75.30704589528119,14.93212669683258,9.760827407886232,1.6230366492146597,39.52879581151832,66.98002838135373,8.327017513927458,74.45247371284549,0.8545721824356978,8.5,9,bottom,False,False,5,1.6056026760843163,0.9045067193771249,0.7536794381100077
1002,0.41317365269461076,0.7062398679165145,74.45109780439122,15.269461077844312,10.27944111776447,1.6171875,40.234375,66.1547393365234,8.296358467867815,73.17815691676317,1.272940887628049,9.0,9,bottom,False,False,5,2.635600380840755,1.123990128483614,0.9993288719779239
518,0.39575289575289574,0.7192856022643257,75.2895752895753,15.637065637065636,9.073359073359073,1.6015625,36.71875,67.31730192990403,7.972273359671256,74.8839116525126,0.40566363706270314,9.5,9,bottom,False,False,5,6.364250877374553,0.5432412545546139,0.864847832564221
