pregame_total,inning,season,n,mean_runs,p0_under_pct,poisson_zero_residual_pp,nb_zero_residual_pp
7.0,1,2021,113,0.8938053097345132,58.4070796460177,17.497474658295637,4.914460185953473
7.0,1,2022,278,0.8309352517985612,57.194244604316545,13.630078495509467,1.6694936607515865
7.0,1,2023,96,0.9583333333333334,54.166666666666664,15.813509379035596,4.48532404953249
7.0,1,2024,86,0.9883720930232558,50.0,12.781792406877862,4.98716153736411
7.0,1,2025,82,0.4634146341463415,68.29268292682927,5.379511034144546,0.6172657064977272
7.0,2,2021,113,0.7168141592920354,62.83185840707964,14.001314016809003,-2.665242421269509
7.0,2,2022,278,0.7697841726618705,62.94964028776978,16.638339290373338,3.9430875673443277
7.0,2,2023,96,0.5729166666666666,66.66666666666666,10.278827405351654,0.49007238462537295
7.0,2,2024,86,0.686046511627907,62.7906976744186,12.43440075159623,2.453956851744088
7.0,2,2025,82,0.573170731707317,65.85365853658537,9.480143634208005,1.6614707700571052
7.0,3,2021,113,0.9557522123893806,55.75221238938053,17.29993309629626,5.418151307997543
7.0,3,2022,278,0.762589928057554,61.51079136690647,14.865114192381979,1.5393310761953716
7.0,3,2023,96,0.84375,61.458333333333336,18.448869269327112,5.254032821970456
7.0,3,2024,86,0.7790697674418605,62.7906976744186,16.90743428440498,7.040973788056548
7.0,3,2025,82,0.8292682926829268,54.87804878048781,11.241202427202651,2.9724475134828676
7.0,4,2021,113,0.8495575221238938,61.94690265486725,19.186493110139587,2.390803232862204
7.0,4,2022,278,0.8884892086330936,56.11510791366906,14.987444232327357,2.1983913284633005
7.0,4,2023,96,0.75,59.375,12.13834472589853,1.5045431077208127
7.0,4,2024,86,0.6627906976744186,62.7906976744186,11.249600732315034,0.4305259090950364
7.0,4,2025,82,0.5853658536585366,65.85365853658537,10.163450549195908,0.013600939206981355
7.0,5,2021,113,0.831858407079646,56.63716814159292,13.113199965473543,1.9273849309946578
7.0,5,2022,278,0.9424460431654677,55.39568345323741,16.42833240849893,3.1097682674590565
7.0,5,2023,96,0.8541666666666666,54.166666666666664,11.602892521635521,0.5416924289231351
7.0,5,2024,86,1.058139534883721,54.65116279069767,19.941064865642794,2.2696320328241315
7.0,5,2025,82,0.7926829268292683,58.536585365853654,13.273705880427384,0.1277801376457388
7.0,6,2021,113,0.8053097345132744,61.94690265486725,17.25195571070589,-2.0000193473694083
7.0,6,2022,278,0.7697841726618705,58.63309352517986,12.321792527783415,1.2240966360926198
7.0,6,2023,96,0.9166666666666666,54.166666666666664,14.181701232181926,0.8557003395673002
7.0,6,2024,86,0.9534883720930233,53.48837209302325,14.94894437274733,1.1909510231413067
7.0,6,2025,82,0.9390243902439024,53.65853658536586,14.55762442048889,2.4480497447131877
7.0,7,2021,113,0.9026548672566371,60.17699115044248,19.627820869158864,1.3650873485779758
7.0,7,2022,278,0.8812949640287769,59.352517985611506,17.927904949365082,2.5090219859371765
7.0,7,2023,96,0.9375,54.166666666666664,15.006103998986763,1.37839870832126
7.0,7,2024,86,1.0930232558139534,46.51162790697674,12.99147188575387,3.955068309469356
7.0,7,2025,82,0.7317073170731707,68.29268292682927,20.18399086582667,5.991873550481685
7.0,8,2021,109,0.9724770642201835,55.04587155963303,17.231352848498528,3.29232178222425
7.0,8,2022,278,0.8201438848920863,55.75539568345324,11.718566923073382,0.14977871465730042
7.0,8,2023,96,0.8645833333333334,48.95833333333333,6.8356306004393295,-4.196085016604495
7.0,8,2024,86,0.6511627906976745,66.27906976744185,14.135159809873022,2.1978553700362724
7.0,8,2025,82,0.9390243902439024,50.0,10.899087835123034,1.3122109532391013
7.0,9,2021,109,0.6697247706422018,67.88990825688074,16.704964817597347,0.2076929457131227
7.0,9,2022,278,0.7446043165467626,66.54676258992805,19.05454442838139,2.925036953798521
7.0,9,2023,96,0.5520833333333334,68.75,11.175091719895313,3.5349394518746746
7.0,9,2024,86,0.5,77.90697674418605,17.25391077292271,1.9234081790267976
7.0,9,2025,82,0.5853658536585366,69.51219512195121,13.821987134561752,-1.7278488817250026
7.5,1,2021,269,0.9219330855018587,53.159851301115246,13.384909918985805,1.1093571996171225
7.5,1,2022,478,0.9205020920502092,51.88284518828452,12.050945381650946,1.0193707556239273
7.5,1,2023,275,0.8218181818181818,54.90909090909091,10.945931186608181,2.0777004078857297
7.5,1,2024,366,0.8469945355191257,58.7431693989071,15.87302493280493,2.5956037660651576
7.5,1,2025,224,0.90625,54.91071428571429,14.507061919380082,-0.2384731021226938
7.5,2,2021,269,0.8550185873605948,58.36431226765799,15.836783641286829,2.1087012201292277
7.5,2,2022,478,0.7343096234309623,59.41422594142259,11.430564680852907,1.0902111558312555
7.5,2,2023,275,0.8872727272727273,56.72727272727273,15.549547566412436,0.4075576111993495
7.5,2,2024,366,0.9371584699453552,55.73770491803278,16.563765457086628,-1.2390644113450144
7.5,2,2025,224,0.7410714285714286,60.26785714285714,12.607557563258059,0.940684072321385
7.5,3,2021,269,0.7955390334572491,57.249070631970255,12.115282319812582,-0.41949614411330716
7.5,3,2022,478,0.9079497907949791,55.02092050209205,14.685887556282212,1.0127835396739338
7.5,3,2023,275,1.0727272727272728,52.0,17.792568586345354,3.7765680142512084
7.5,3,2024,366,0.8743169398907104,55.46448087431693,13.74979499779066,3.1280306153155135
7.5,3,2025,224,0.8392857142857143,58.92857142857143,15.726671604058067,3.733798013638223
7.5,4,2021,269,0.9553903345724907,54.27509293680297,15.808896098760167,2.653838801042452
7.5,4,2022,478,0.8430962343096234,58.36820083682008,15.330609467515565,1.1780022446692295
7.5,4,2023,275,1.0363636363636364,52.36363636363637,16.889405219937547,1.1689895587985277
7.5,4,2024,366,0.9043715846994536,57.650273224043715,17.170654693240657,2.261832031610267
7.5,4,2025,224,0.9107142857142857,54.46428571428571,14.240604775179566,3.736208660862461
7.5,5,2021,269,0.724907063197026,62.45353159851301,14.016573336104637,1.0574671094937815
7.5,5,2022,478,0.9769874476987448,56.27615062761506,18.63180583361767,2.329864257659575
7.5,5,2023,275,1.0,60.0,23.212055882855765,4.975337425387516
7.5,5,2024,366,1.0437158469945356,51.91256830601093,16.698194747251417,1.9378248196799452
7.5,5,2025,224,0.9910714285714286,50.0,12.88212136599049,2.707405158829185
7.5,6,2021,269,0.966542750929368,54.27509293680297,16.235503866189866,1.5259862447552064
7.5,6,2022,477,0.9266247379454927,55.55555555555556,15.966787303050427,1.7841454271140256
7.5,6,2023,275,0.9418181818181818,58.909090909090914,19.917266088560382,4.485149495643359
7.5,6,2024,366,0.9262295081967213,53.825136612021865,14.220718608166194,2.62510754394486
7.5,6,2025,224,0.8125,58.48214285714286,14.107411849034873,2.9985832831291193
7.5,7,2021,269,1.1226765799256506,49.814126394052046,17.273361556067396,2.694856276750679
7.5,7,2022,476,0.9159663865546218,53.36134453781513,13.348368620808577,2.549245439611414
7.5,7,2023,275,0.9309090909090909,53.090909090909086,13.671390273940782,-1.6983209026650292
7.5,7,2024,366,0.8633879781420765,59.2896174863388,17.116533056050585,2.378429201788601
7.5,7,2025,224,0.8660714285714286,53.57142857142857,11.51136181617849,2.892102781098349
7.5,8,2021,268,0.917910447761194,55.970149253731336,16.034885447938947,0.025160431040405218
7.5,8,2022,476,0.8151260504201681,57.98319327731093,13.724839676861912,-0.5899319166925765
7.5,8,2023,275,1.08,52.0,18.040447435506092,3.8358557809801743
7.5,8,2024,366,0.9371584699453552,56.284153005464475,17.11021354451832,1.5989736390059073
7.5,8,2025,224,0.7678571428571429,62.5,16.09936970281758,1.3535475746597636
7.5,9,2021,268,0.6753731343283582,64.55223880597015,13.655591575086579,1.6611964493193354
7.5,9,2022,475,0.6547368421052632,66.3157894736842,14.357911888236686,2.0734578161832884
7.5,9,2023,275,0.7127272727272728,64.36363636363637,15.333118721889754,1.4262323426173507
7.5,9,2024,365,0.6493150684931507,66.3013698630137,14.061023378666459,2.4617496720267473
7.5,9,2025,224,0.6026785714285714,66.07142857142857,11.337071375329854,0.5158784152394791
8.0,1,2021,363,1.118457300275482,47.107438016528924,14.429084533293318,0.5118396721594975
8.0,1,2022,443,0.909706546275395,56.43340857787811,16.169172217895866,2.6047970203996518
8.0,1,2023,372,0.9139784946236559,55.64516129032258,15.552564789017959,1.2670127106187423
8.0,1,2024,589,0.9592529711375212,53.65025466893039,15.332352181342856,2.474142574961402
8.0,1,2025,379,0.9868073878627969,51.71503957783641,14.438550878747463,-0.9965395218060502
8.0,2,2021,363,0.8292011019283747,58.40220385674931,14.7624254123278,1.2675469405682982
8.0,2,2022,443,0.8216704288939052,60.722347629796836,16.752691742002785,2.353359476534944
8.0,2,2023,372,0.9758064516129032,56.98924731182796,19.300418431379157,1.6496265397234144
8.0,2,2024,589,0.9151103565365025,55.178268251273344,15.131025361081246,2.0855859282641664
8.0,2,2025,379,0.8073878627968337,58.31134564643799,13.709184092289789,1.5074733482346225
8.0,3,2021,363,0.9944903581267218,53.71900826446281,16.727816352850926,3.3152527236902207
8.0,3,2022,443,0.8893905191873589,54.627539503386004,13.536927919161169,1.6793662081932559
8.0,3,2023,372,1.075268817204301,53.2258064516129,19.10520435931076,3.571824868330953
8.0,3,2024,589,0.9286926994906621,53.82003395585738,14.313049162049907,1.410210311687432
8.0,3,2025,379,0.899736147757256,55.4089709762533,14.74127615518504,1.2714465143045084
8.0,4,2021,363,0.9504132231404959,54.54545454545454,15.887329932619688,2.7692149125938648
8.0,4,2022,443,0.9571106094808126,55.75620767494357,17.356126385375383,0.37449403820518645
8.0,4,2023,372,0.9193548387096774,54.03225806451613,14.154634754563771,1.5074361596504215
8.0,4,2024,589,0.9830220713073005,54.49915110356537,17.081291697037226,2.93926865218771
8.0,4,2025,379,0.9841688654353562,50.65963060686016,13.284657186385274,1.7853851944334642
8.0,5,2021,363,1.1487603305785123,47.38292011019284,15.679966340101803,1.5195109787322802
8.0,5,2022,443,0.8623024830699775,54.401805869074494,12.182917908206154,-0.7092363946429425
8.0,5,2023,372,0.967741935483871,55.91397849462365,17.919978571319746,3.659388436415223
8.0,5,2024,589,1.0016977928692699,52.29202037351443,15.566481574924683,1.532250649276512
8.0,5,2025,379,1.007915567282322,53.825857519788926,17.327961387870566,0.7379749581436612
8.0,6,2021,363,0.931129476584022,54.82093663911846,15.410104362180432,3.438250541435872
8.0,6,2022,443,0.9255079006772009,56.659142212189614,17.026135048660407,1.2396805213576
8.0,6,2023,372,1.021505376344086,48.38709677419355,12.381845028399429,1.7052308761599355
8.0,6,2024,588,0.9285714285714286,54.421768707483,14.909992574794268,1.9383502749496628
8.0,6,2025,379,0.9630606860158312,55.4089709762533,17.236694708562194,1.7694949892960388
8.0,7,2021,363,0.9393939393939394,54.54545454545454,15.458989419823826,2.7785313475108153
8.0,7,2022,443,0.9142212189616253,56.884875846501124,16.802009613205566,3.6701877273273675
8.0,7,2023,372,0.9435483870967742,58.602150537634415,19.677731248711535,3.178436754999625
8.0,7,2024,588,0.891156462585034,55.952380952380956,14.934269028400355,2.233759118877454
8.0,7,2025,378,0.8888888888888888,58.46560846560847,17.35437941488972,0.4176406264361332
8.0,8,2021,363,1.0853994490358128,53.71900826446281,19.942324433835374,2.2288591602150243
8.0,8,2022,443,1.0428893905191874,52.144469525959366,16.90098079059098,2.2129080706488446
8.0,8,2023,372,0.9919354838709677,53.494623655913976,16.408803069688272,1.5393985832432788
8.0,8,2024,588,0.9149659863945578,56.12244897959183,16.06942404589201,1.1464215906625719
8.0,8,2025,378,0.9417989417989417,55.026455026455025,16.033879995247734,4.050452904849533
8.0,9,2021,363,0.5674931129476584,68.04407713498622,11.3495845747005,1.0710974548543417
8.0,9,2022,442,0.6628959276018099,65.61085972850678,14.075186166936138,1.3316625506367918
8.0,9,2023,372,0.739247311827957,62.096774193548384,14.34945732276684,1.0164988674968845
8.0,9,2024,588,0.6972789115646258,63.775510204081634,13.981670561461733,-0.8806802187752649
8.0,9,2025,378,0.671957671957672,67.46031746031747,16.389537443310566,1.8380617300405744
8.5,1,2021,526,1.070342205323194,50.950570342205324,16.661454526228127,3.1115211898478154
8.5,1,2022,506,1.1027667984189724,50.0,16.80486305713104,1.620022340711813
8.5,1,2023,628,1.1114649681528663,49.84076433121019,16.93311221535413,3.269320158967659
8.5,1,2024,733,1.024556616643929,52.796725784447474,16.901167278464875,3.9069367114970444
8.5,1,2025,478,0.9288702928870293,52.30125523012552,12.801285992951101,1.7159703330646425
8.5,2,2021,526,0.8992395437262357,57.414448669201526,16.726553091479374,2.4787436738582524
8.5,2,2022,506,0.9841897233201581,52.17391304347826,14.799719177763487,0.8681964575400936
8.5,2,2023,628,0.9378980891719745,54.77707006369427,15.632093689407645,2.1888050392337655
8.5,2,2024,733,0.8485675306957708,58.52660300136425,15.72384005643186,1.2964936154358009
8.5,2,2025,478,0.8200836820083682,57.11297071129707,13.073490727031183,1.6564718310569826
8.5,3,2021,526,1.0608365019011408,54.562737642585546,19.9461255859889,2.5983150024758928
8.5,3,2022,506,1.1383399209486167,49.01185770750988,16.97681894678656,2.5240295930507637
8.5,3,2023,628,1.0764331210191083,50.0,15.919101536848812,2.427463728223916
8.5,3,2024,733,1.0641200545702592,51.15961800818554,16.656485011310195,0.8255563191002402
8.5,3,2025,478,1.0648535564853556,53.13807531380753,18.660241151556118,2.510911175929309
8.5,4,2021,526,1.0456273764258555,51.52091254752852,16.37378800551768,1.0336447607687593
8.5,4,2022,506,0.924901185770751,53.55731225296443,13.900251857212243,2.2453114242241834
8.5,4,2023,628,0.9299363057324841,54.45859872611465,15.000714527960628,2.4160960938157006
8.5,4,2024,733,1.0600272851296044,50.068212824010914,15.42357708727755,2.3673514791131334
8.5,4,2025,478,1.00418410041841,52.928870292887034,16.294529059081707,1.1201845702052182
8.5,5,2021,526,1.1711026615969582,46.00760456273764,15.005114545654418,0.6267884264810453
8.5,5,2022,506,1.098814229249012,51.38339920948617,18.056796549228686,2.6702398753771286
8.5,5,2023,628,1.0382165605095541,52.07006369426752,16.661502750274433,1.368946313428232
8.5,5,2024,733,0.956343792633015,55.7980900409277,17.36855162940459,2.2498312817352817
8.5,5,2025,478,0.9414225941422594,53.97489539748954,14.967642840288232,2.673030713818425
8.5,6,2021,526,1.0475285171102662,52.09125475285171,17.010886362723003,3.014040610469104
8.5,6,2022,505,0.9742574257425742,54.25742574257426,16.51017065099368,1.4575748717629233
8.5,6,2023,627,1.0047846889952152,51.674641148325364,15.062295475581328,2.291501563564524
8.5,6,2024,733,1.0641200545702592,53.34242837653479,18.839295379659447,2.5053735294214063
8.5,6,2025,478,1.110878661087866,49.163179916317986,16.236228154327254,1.779027425719465
8.5,7,2021,526,0.8897338403041825,54.94296577946768,13.86645904851737,1.1034634824963918
8.5,7,2022,504,0.9087301587301587,53.769841269841265,13.466272212105345,1.7406167503320469
8.5,7,2023,627,1.0111642743221692,54.54545454545454,18.165936992862648,2.535034595158714
8.5,7,2024,733,0.9072305593451568,57.43519781718963,17.071144212121155,2.637934051420232
8.5,7,2025,477,0.9245283018867925,56.60377358490566,16.931922953097768,3.639947116633213
8.5,8,2021,524,0.9770992366412213,56.10687022900763,18.466733421297437,3.055595511448639
8.5,8,2022,504,0.9087301587301587,56.547619047619044,16.244049989883123,2.9656484472632916
8.5,8,2023,627,0.9681020733652312,57.41626794258373,19.435948634314887,2.3318320034502515
8.5,8,2024,732,0.9467213114754098,52.322404371584696,13.52129359380716,1.5896470174974087
8.5,8,2025,475,0.9326315789473684,56.21052631578948,16.85884870385243,3.698868207092154
8.5,9,2021,524,0.7041984732824428,65.64885496183206,16.198377537731325,1.9598446210055909
8.5,9,2022,503,0.6739562624254473,67.9920477137177,17.023235341112255,2.9689188711102044
8.5,9,2023,627,0.6602870813397129,66.34768740031897,14.677389658873564,2.2764961293293973
8.5,9,2024,732,0.657103825136612,66.12021857923497,14.285178973319434,1.9195432251530753
8.5,9,2025,475,0.6231578947368421,68.42105263157895,14.796218117909078,2.312854353695748
9.0,1,2021,383,1.174934725848564,47.78067885117493,16.89676502689739,1.9034039756282872
9.0,1,2022,268,1.0746268656716418,47.76119402985074,13.618681132655263,3.3703059473467967
9.0,1,2023,493,1.1359026369168357,46.65314401622718,14.539931539998902,1.4692092647224708
9.0,1,2024,378,1.0317460317460319,53.17460317460318,17.536187278967464,2.9628023126817893
9.0,1,2025,317,1.2555205047318612,45.74132492113564,17.248574570443015,2.8364505352568905
9.0,2,2021,383,0.8511749347258486,57.96344647519582,15.272142254754273,2.5801196853121766
9.0,2,2022,268,0.8768656716417911,61.19402985074627,19.585528143636505,2.9875478221130902
9.0,2,2023,493,0.9655172413793104,53.9553752535497,15.876756211680831,1.3093311679415076
9.0,2,2024,378,0.9153439153439153,54.232804232804234,14.194913636703903,1.9565940428654893
9.0,2,2025,317,0.8832807570977917,53.94321766561514,12.600783716486664,-1.06173288512168
9.0,3,2021,383,1.0861618798955615,49.60835509138381,15.857413832136391,0.7245294469914176
9.0,3,2022,268,1.1753731343283582,48.134328358208954,17.263951336099964,2.8840280731009136
9.0,3,2023,493,1.0304259634888437,52.94117647058824,17.25568436832538,2.745579005692733
9.0,3,2024,378,1.1693121693121693,47.08994708994709,16.03189762914436,1.5284329064532975
9.0,3,2025,317,1.0315457413249212,52.36593059936908,16.720375955518335,1.6306272856121962
9.0,4,2021,383,0.9843342036553525,49.08616187989556,11.717367460171852,2.508463806000538
9.0,4,2022,268,1.1604477611940298,51.11940298507462,19.78481844940588,4.162209255385246
9.0,4,2023,493,1.184584178498986,47.870182555780936,17.2828483787238,0.9988827903070041
9.0,4,2024,378,0.9841269841269841,51.587301587301596,14.210762821260348,0.3758470351692411
9.0,4,2025,317,1.053627760252366,47.94952681388013,13.082470936355428,4.091068600009784
9.0,5,2021,383,0.9268929503916449,50.65274151436031,11.074590038388887,0.20294312979394213
9.0,5,2022,268,1.007462686567164,52.98507462686567,16.470645558203806,2.5367609159619775
9.0,5,2023,493,1.050709939148073,51.926977687626774,16.9580374106769,2.197244471849802
9.0,5,2024,378,1.0423280423280423,48.67724867724868,13.413970519370439,-0.25660724829117965
9.0,5,2025,317,0.9968454258675079,52.36593059936908,15.461752948065161,1.9228445178065878
9.0,6,2021,383,1.1201044386422976,47.51958224543081,14.895010227065308,2.6441375528256095
9.0,6,2022,268,0.9925373134328358,51.11940298507462,14.055895027130727,2.6922718755957753
9.0,6,2023,493,0.973630831643002,54.563894523326574,16.79297981271582,2.023771362143567
9.0,6,2024,378,0.9735449735449735,53.70370370370371,15.929545914974842,2.424808067215811
9.0,6,2025,317,1.0946372239747635,53.31230283911672,19.84620364772202,1.882936042016603
9.0,7,2021,382,1.0549738219895288,50.78534031413613,15.965186073084858,0.185548493282095
9.0,7,2022,266,0.9398496240601504,55.639097744360896,16.57043966403744,1.880309621979992
9.0,7,2023,493,1.0912778904665315,53.14401622718052,19.56530420125221,3.5731922556540843
9.0,7,2024,378,1.1164021164021165,51.587301587301596,18.84171901857635,3.9364646685014604
9.0,7,2025,317,1.1798107255520505,47.3186119873817,16.58492157546209,0.7578233072778828
9.0,8,2021,380,1.013157894736842,52.63157894736842,16.324516096061775,1.9354835922635094
9.0,8,2022,266,1.1578947368421053,50.37593984962406,18.961255151252622,2.313256133811886
9.0,8,2023,493,1.0628803245436105,52.94117647058824,18.395242378303493,2.5870872108038845
9.0,8,2024,378,0.9074074074074074,54.4973544973545,14.140438565790186,3.0968068995844034
9.0,8,2025,316,1.0316455696202531,56.32911392405063,20.687117537545806,-1.297088934365731
9.0,9,2021,378,0.7433862433862434,62.16931216931217,14.61920976502507,0.9894345607847077
9.0,9,2022,266,0.7330827067669173,65.78947368421053,17.746904339773135,0.8305825952807377
9.0,9,2023,493,0.7119675456389453,65.31440162271805,16.246620015134503,1.6714738931862816
9.0,9,2024,377,0.726790450928382,63.92572944297083,15.579910900842048,1.3575437633117415
9.0,9,2025,316,0.7120253164556962,61.70886075949367,12.643913755850267,-1.1056047441827976
9.5,1,2021,212,1.1650943396226414,50.943396226415096,19.7540725509727,2.1053169787787707
9.5,1,2022,146,1.13013698630137,45.20547945205479,12.906578619855075,-0.7710636103842095
9.5,1,2023,278,1.2553956834532374,43.52517985611511,15.028872781919429,3.167725333362237
9.5,1,2024,110,1.1636363636363636,52.72727272727272,21.492442601288296,3.7325641025167835
9.5,1,2025,129,1.2403100775193798,44.18604651162791,15.256596480724571,-1.231870038188898
9.5,2,2021,212,1.1226415094339623,47.16981132075472,14.62790524213547,3.694479352865576
9.5,2,2022,146,1.082191780821918,54.109589041095894,20.22438686299392,2.0482622152424357
9.5,2,2023,278,1.1079136690647482,53.597122302158276,20.572397514355174,4.34313879716553
9.5,2,2024,110,1.1181818181818182,55.45454545454545,22.76718842997453,3.6412952782447827
9.5,2,2025,129,1.0,51.93798449612403,15.150040378979801,0.48680180044053944
9.5,3,2021,212,1.0518867924528301,53.301886792452834,18.374075622222236,3.764906120489575
9.5,3,2022,146,1.2123287671232876,43.83561643835616,14.085250901633856,2.80035088293939
9.5,3,2023,278,1.1151079136690647,50.35971223021583,17.571722803418105,2.100524156672645
9.5,3,2024,110,1.0727272727272728,51.81818181818182,17.61075040452717,4.313035500743045
9.5,3,2025,129,0.8992248062015504,59.68992248062015,19.00142725961392,1.582380778976844
9.5,4,2021,212,1.2028301886792452,49.528301886792455,19.49400382637303,0.6366187369283072
9.5,4,2022,146,1.0753424657534247,49.31506849315068,15.196979241153214,5.273797200034375
9.5,4,2023,278,1.169064748201439,42.805755395683455,11.740020567064102,2.8261451090166867
9.5,4,2024,110,1.1272727272727272,48.18181818181818,15.790272314944248,1.5715128567259928
9.5,4,2025,129,1.0155038759689923,53.48837209302325,17.2663850975609,6.068555415867522
9.5,5,2021,212,1.2075471698113207,47.64150943396226,17.74854898532262,4.851175969061799
9.5,5,2022,146,1.2534246575342465,43.83561643835616,15.283087014669395,2.3346601521117503
9.5,5,2023,278,1.0611510791366907,50.0,15.394275828897975,2.890966184316196
9.5,5,2024,110,1.2636363636363637,48.18181818181818,19.91937513783063,3.7719745424552977
9.5,5,2025,129,1.0852713178294573,46.51162790697674,12.730615951825413,5.065634651720624
9.5,6,2021,211,1.033175355450237,51.18483412322274,15.597320673504711,1.236681986278565
9.5,6,2022,146,1.178082191780822,43.15068493150685,12.36382435782425,2.8366819784734987
9.5,6,2023,278,1.1618705035971224,44.96402877697842,13.67399358477715,1.4884570471516756
9.5,6,2024,110,1.3636363636363635,42.72727272727273,17.15435673596266,5.567806485950522
9.5,6,2025,129,0.9147286821705426,55.03875968992248,14.976228876373188,-0.8018842207428101
9.5,7,2021,211,0.9004739336492891,59.71563981042654,19.07793797529732,4.423934595488788
9.5,7,2022,146,0.952054794520548,50.68493150684932,12.090214906357122,-0.6267818333162034
9.5,7,2023,277,1.0036101083032491,53.42960288808665,16.77422779521188,2.634918380059059
9.5,7,2024,110,1.2272727272727273,50.0,20.690917271624432,2.694871655607778
9.5,7,2025,129,1.2790697674418605,44.18604651162791,16.356440497914427,0.7070336407683175
9.5,8,2021,210,1.161904761904762,51.90476190476191,20.615798637851036,1.0990464046381265
9.5,8,2022,145,0.9379310344827586,54.48275862068965,15.339071868571702,1.3092794172128719
9.5,8,2023,277,1.03971119133574,51.26353790613718,15.907860158569342,0.9702389801780842
9.5,8,2024,110,1.1363636363636365,46.36363636363636,14.265224648761098,3.8837813142055646
9.5,8,2025,129,1.0775193798449612,54.263565891472865,20.219668005330337,5.9450731601406295
9.5,9,2021,210,0.819047619047619,63.8095238095238,19.724392506498933,2.182956431767913
9.5,9,2022,145,0.7724137931034483,59.310344827586206,13.120664995134629,0.5301410877262214
9.5,9,2023,277,0.6931407942238267,63.1768953068592,13.176575989033633,1.9315759880070393
9.5,9,2024,110,0.6090909090909091,65.45454545454545,11.07004055422266,2.2495990951435063
9.5,9,2025,129,1.0,56.58914728682171,19.80120316967747,3.9228680446248387
