pregame_total,inning,season,n,under_pct,top_zero_pct,bottom_zero_pct,independence_p0_pct,joint_zero_dependence_pp,top_bottom_scoring_phi,mean_runs,multi_run_given_score_pct,threeplus_given_score_pct,season_under_sd_pp
6.5,1,2021,37,48.64864864864865,67.56756756756756,62.16216216216216,42.001460920379834,6.6471877282688165,0.292787700699943,1.1891891891891893,73.68421052631578,36.84210526315789,
6.5,1,2022,83,57.831325301204814,84.33734939759037,67.46987951807229,56.902308027289884,0.9290172739149338,0.0545611332601473,0.8795180722891566,48.57142857142857,28.57142857142857,
7.0,1,2021,113,58.4070796460177,79.64601769911505,76.99115044247787,61.32038530816823,-2.9133056621505227,-0.17191408767887398,0.8938053097345132,59.57446808510638,31.914893617021278,
7.0,1,2022,278,57.194244604316545,76.2589928057554,74.10071942446042,56.50846229491226,0.6857823094042814,0.036790535819332955,0.8309352517985612,50.42016806722689,22.689075630252102,
7.0,1,2023,96,54.166666666666664,81.25,65.625,53.3203125,0.846354166666663,0.04565452242296213,0.9583333333333334,61.36363636363637,29.545454545454547,
7.0,1,2024,86,50.0,75.5813953488372,68.6046511627907,51.85235262303948,-1.8523526230394771,-0.09290655434719013,0.9883720930232558,60.46511627906976,27.906976744186046,
7.0,1,2025,82,68.29268292682927,87.8048780487805,76.82926829268293,67.45984533016062,0.8328375966686563,0.060321857114515216,0.4634146341463415,30.76923076923077,15.384615384615385,
7.5,1,2021,269,53.159851301115246,74.72118959107806,72.4907063197026,54.16591810505659,-1.0060668039413412,-0.05183770056510672,0.9219330855018587,51.587301587301596,23.015873015873016,
7.5,1,2022,478,51.88284518828452,77.19665271966527,67.99163179916317,52.487263878433495,-0.6044186901489779,-0.030880181952874352,0.9205020920502092,47.82608695652174,25.217391304347824,
7.5,1,2023,275,54.90909090909091,76.72727272727272,70.18181818181817,53.84859504132231,1.060495867768596,0.05486022354599999,0.8218181818181818,50.806451612903224,19.35483870967742,
7.5,1,2024,366,58.7431693989071,76.22950819672131,75.40983606557377,57.484547164740654,1.258622234166451,0.06866256870465982,0.8469945355191257,54.966887417218544,27.81456953642384,
7.5,1,2025,224,54.91071428571429,70.98214285714286,75.0,53.23660714285714,1.6741071428571508,0.08518740546199816,0.90625,47.524752475247524,25.742574257425744,
8.0,1,2021,363,47.107438016528924,72.45179063360881,65.28925619834712,47.30323520706691,-0.1957971905379885,-0.009206241986411408,1.118457300275482,53.125,30.208333333333332,
8.0,1,2022,443,56.43340857787811,77.42663656884876,72.686230248307,56.27850332995328,0.1549052479248303,0.008315835746027518,0.909706546275395,52.84974093264248,31.606217616580313,
8.0,1,2023,372,55.64516129032258,77.41935483870968,71.7741935483871,55.56711758584808,0.07804370447449527,0.004147033927050948,0.9139784946236559,52.121212121212125,27.27272727272727,
8.0,1,2024,589,53.65025466893039,71.98641765704585,72.83531409168081,52.43153340385852,1.2187212650718648,0.06101286809634435,0.9592529711375212,56.776556776556774,27.472527472527474,
8.0,1,2025,379,51.71503957783641,74.14248021108179,68.60158311345647,50.8629151843833,0.8521243934531131,0.04193291611511681,0.9868073878627969,48.63387978142077,26.775956284153008,
8.5,1,2021,526,50.950570342205324,74.33460076045627,67.87072243346007,50.45143055414998,0.4991397880553472,0.024471520548772795,1.070342205323194,59.30232558139535,30.620155038759687,
8.5,1,2022,506,50.0,74.70355731225297,66.00790513833992,49.310253245637334,0.689746754362669,0.03349672575780691,1.1027667984189724,55.33596837944664,27.66798418972332,
8.5,1,2023,628,49.84076433121019,72.61146496815286,67.35668789808918,48.90867783682908,0.9320864943811125,0.044574013853767594,1.1114649681528663,57.77777777777777,33.01587301587301,
8.5,1,2024,733,52.796725784447474,74.48840381991815,70.25920873124147,52.33496312040634,0.4617626640411321,0.023172760781999837,1.024556616643929,60.40462427745664,30.057803468208093,
8.5,1,2025,478,52.30125523012552,72.17573221757321,73.01255230125523,52.69734423416956,-0.39608900404404235,-0.01991157631116068,0.9288702928870293,49.56140350877193,28.50877192982456,
9.0,1,2021,383,47.78067885117493,69.9738903394256,68.66840731070496,48.049956029422795,-0.269277178247862,-0.012665206675649115,1.174934725848564,60.0,30.5,
9.0,1,2022,268,47.76119402985074,72.38805970149254,68.28358208955224,49.42916016930274,-1.667966139451993,-0.08016874509302302,1.0746268656716418,56.42857142857143,29.28571428571429,
9.0,1,2023,493,46.65314401622718,73.02231237322515,65.11156186612575,47.545968096968096,-0.8928240807409116,-0.04220519618082941,1.1359026369168357,54.752851711026615,30.038022813688215,
9.0,1,2024,378,53.17460317460318,72.75132275132276,71.6931216931217,52.15769435346156,1.0169088211416155,0.05069955188173457,1.0317460317460319,56.49717514124294,35.02824858757062,
9.0,1,2025,317,45.74132492113564,72.2397476340694,61.82965299684543,44.66558528794196,1.0757396331936842,0.049447677245774826,1.2555205047318612,61.04651162790697,35.46511627906977,
9.5,1,2021,212,50.943396226415096,73.11320754716981,67.9245283018868,49.66180135279459,1.2815948736205063,0.061927493742073035,1.1650943396226414,58.65384615384615,33.65384615384615,
9.5,1,2022,146,45.20547945205479,67.8082191780822,69.86301369863014,47.372865453180715,-2.1673860011259203,-0.10109950405656784,1.13013698630137,48.75,28.749999999999996,
9.5,1,2023,278,43.52517985611511,67.98561151079137,63.30935251798561,43.041250452875104,0.4839294032400021,0.02152232954870789,1.2553956834532374,60.509554140127385,32.48407643312102,
9.5,1,2024,110,52.72727272727272,76.36363636363637,65.45454545454545,49.98347107438016,2.743801652892558,0.13581687079884733,1.1636363636363636,65.38461538461539,38.46153846153847,
9.5,1,2025,129,44.18604651162791,70.54263565891473,66.66666666666666,47.02842377260982,-2.84237726098191,-0.13227116931706773,1.2403100775193798,51.388888888888886,27.77777777777778,
10.0,1,2021,84,47.61904761904761,64.28571428571429,76.19047619047619,48.97959183673469,-1.3605442176870763,-0.0666666666666668,1.2142857142857142,68.18181818181817,36.36363636363637,
10.0,1,2022,37,54.054054054054056,78.37837837837837,72.97297297297297,57.19503287070854,-3.1409788166544828,-0.1718076830322627,0.8648648648648649,47.05882352941176,23.52941176470588,
10.0,1,2023,83,44.57831325301205,65.06024096385542,63.85542168674698,41.544491217883575,3.0338220351284697,0.13244996415193022,1.4096385542168675,56.52173913043478,43.47826086956522,
10.0,1,2024,35,40.0,85.71428571428571,51.42857142857142,44.08163265306122,-4.081632653061218,-0.23338001400466854,1.2285714285714286,47.61904761904761,28.57142857142857,
10.5,1,2021,76,44.73684210526316,69.73684210526315,64.47368421052632,44.96191135734072,-0.2250692520775588,-0.010236737748903288,1.513157894736842,66.66666666666666,47.61904761904761,
10.5,1,2023,43,39.53488372093023,79.06976744186046,53.48837209302325,42.29313142239047,-2.7582477014602427,-0.1359347669640303,1.2325581395348837,69.23076923076923,19.230769230769234,
11.0,1,2021,31,45.16129032258064,64.51612903225806,64.51612903225806,41.62330905306972,3.537981269510926,0.1545454545454546,1.1935483870967742,52.94117647058824,35.294117647058826,
11.5,1,2023,30,43.333333333333336,53.333333333333336,80.0,42.66666666666667,0.6666666666666654,0.03340765523905304,1.2333333333333334,58.82352941176471,35.294117647058826,
6.5,2,2021,37,56.75675675675676,72.97297297297297,78.37837837837837,57.19503287070854,-0.43827611395178545,-0.023973165074269265,1.135135135135135,50.0,25.0,
6.5,2,2022,83,63.85542168674698,81.92771084337349,73.49397590361446,60.21193206561185,3.643489621135132,0.2145346161947636,0.6867469879518072,43.333333333333336,16.666666666666664,
7.0,2,2021,113,62.83185840707964,83.1858407079646,75.22123893805309,62.573420001566284,0.2584384055133615,0.01600607081794781,0.7168141592920354,42.857142857142854,16.666666666666664,
7.0,2,2022,278,62.94964028776978,82.73381294964028,76.2589928057554,63.091972465193315,-0.142332177423532,-0.008850509044425432,0.7697841726618705,56.310679611650485,31.06796116504854,
7.0,2,2023,96,66.66666666666666,81.25,83.33333333333334,67.70833333333334,-1.041666666666674,-0.07161148740394323,0.5729166666666666,37.5,21.875,
7.0,2,2024,86,62.7906976744186,79.06976744186046,76.74418604651163,60.68144943212547,2.109248242293138,0.1227289232080209,0.686046511627907,50.0,21.875,
7.0,2,2025,82,65.85365853658537,84.14634146341463,80.48780487804879,67.72754312908982,-1.87388459250446,-0.12946201566306575,0.573170731707317,42.857142857142854,17.857142857142858,
7.5,2,2021,269,58.36431226765799,77.69516728624535,74.72118959107806,58.054753251060646,0.3095590165973494,0.0171098721754665,0.8550185873605948,54.46428571428571,24.107142857142858,
7.5,2,2022,478,59.41422594142259,78.8702928870293,76.35983263598327,60.22522364804538,-0.8109977066227847,-0.04675826665630234,0.7343096234309623,45.36082474226804,22.164948453608247,
7.5,2,2023,275,56.72727272727273,73.0909090909091,78.9090909090909,57.67537190082644,-0.9480991735537181,-0.05240363383436981,0.8872727272727273,50.42016806722689,30.252100840336134,
7.5,2,2024,366,55.73770491803278,79.23497267759562,70.76502732240438,56.07065006420019,-0.3329451461674071,-0.01804626343230119,0.9371584699453552,49.382716049382715,24.691358024691358,
7.5,2,2025,224,60.26785714285714,82.58928571428571,73.21428571428571,60.467155612244895,-0.1992984693877542,-0.011868184334192811,0.7410714285714286,48.31460674157304,16.853932584269664,
8.0,2,2021,363,58.40220385674931,79.06336088154269,73.27823691460054,57.93623689942247,0.46596695732684656,0.025881768074100888,0.8292011019283747,49.00662251655629,28.47682119205298,
8.0,2,2022,443,60.722347629796836,78.3295711060948,77.20090293453724,60.47113615865558,0.25121147114125497,0.014533587359016675,0.8216704288939052,53.44827586206896,28.735632183908045,
8.0,2,2023,372,56.98924731182796,73.38709677419355,75.0,55.04032258064516,1.9489247311827995,0.10184470386660757,0.9758064516129032,54.37499999999999,31.25,
8.0,2,2024,589,55.178268251273344,74.19354838709677,74.36332767402376,55.172791500082155,0.005476751191191287,0.000286658985531896,0.9151103565365025,56.060606060606055,25.757575757575758,
8.0,2,2025,379,58.31134564643799,75.98944591029023,75.98944591029023,57.74395889752925,0.5673867489087492,0.03109737484737434,0.8073878627968337,48.734177215189874,23.417721518987342,
8.5,2,2021,526,57.414448669201526,77.9467680608365,75.2851711026616,58.68235770359554,-1.2679090343940214,-0.07089561799634453,0.8992395437262357,53.57142857142857,29.017857142857146,
8.5,2,2022,506,52.17391304347826,75.69169960474308,69.96047430830039,52.95427205549219,-0.7803590120139314,-0.03968442720597349,0.9841897233201581,50.413223140495866,28.512396694214875,
8.5,2,2023,628,54.77707006369427,75.15923566878982,73.24840764331209,55.05294332427278,-0.2758732605785186,-0.014423213763942556,0.9378980891719745,52.816901408450704,29.929577464788732,
8.5,2,2024,733,58.52660300136425,77.08049113233287,75.85266030013642,58.46760309628524,0.05899990507901576,0.003279868021281575,0.8485675306957708,50.98684210526315,26.31578947368421,
8.5,2,2025,478,57.11297071129707,77.61506276150628,74.05857740585773,57.4806113338352,-0.36764062253812346,-0.020122779522173638,0.8200836820083682,47.80487804878049,26.34146341463415,
9.0,2,2021,383,57.96344647519582,77.02349869451697,76.50130548302873,58.92398203000907,-0.9605355548132466,-0.053852216629860915,0.8511749347258486,51.5527950310559,31.67701863354037,
9.0,2,2022,268,61.19402985074627,78.35820895522389,77.98507462686567,61.10770773000669,0.08632212073957923,0.005059049123888513,0.8768656716417911,57.692307692307686,33.65384615384615,
9.0,2,2023,493,53.9553752535497,73.42799188640974,73.22515212981745,53.76775876469354,0.18761648885615712,0.009592555995273996,0.9655172413793104,52.42290748898678,29.074889867841406,
9.0,2,2024,378,54.232804232804234,76.71957671957672,70.37037037037037,53.98785028414659,0.24495394865764464,0.012693397478529145,0.9153439153439153,54.33526011560693,23.699421965317917,
9.0,2,2025,317,53.94321766561514,74.13249211356468,76.02523659305994,56.35940252166905,-2.4161848560539045,-0.12923867821920254,0.8832807570977917,45.89041095890411,23.972602739726025,
9.5,2,2021,212,47.16981132075472,72.16981132075472,67.9245283018868,49.02100391598434,-1.851192595229617,-0.0884944231503635,1.1226415094339623,58.92857142857143,30.357142857142854,
9.5,2,2022,146,54.109589041095894,78.08219178082192,73.28767123287672,57.22462000375306,-3.1150309626571615,-0.1701831163892459,1.082191780821918,53.73134328358209,34.32835820895522,
9.5,2,2023,278,53.597122302158276,71.94244604316546,74.10071942446042,53.30987008953987,0.28725221261840517,0.014594553633735654,1.1079136690647482,65.11627906976744,39.53488372093023,
9.5,2,2024,110,55.45454545454545,77.27272727272727,68.18181818181817,52.68595041322314,2.7685950413223193,0.1418406412386901,1.1181818181818182,63.26530612244898,36.734693877551024,
9.5,2,2025,129,51.93798449612403,74.4186046511628,72.09302325581395,53.65062195781503,-1.7126374616909912,-0.08751037580648183,1.0,53.2258064516129,24.193548387096776,
10.0,2,2021,84,55.952380952380956,70.23809523809523,72.61904761904762,51.00623582766439,4.946145124716561,0.2426054658969302,1.0595238095238095,72.97297297297297,37.83783783783784,
10.0,2,2022,37,35.13513513513514,62.16216216216216,51.35135135135135,31.921110299488674,3.2140248356464616,0.13259027996013786,1.4594594594594594,58.333333333333336,29.166666666666668,
10.0,2,2023,83,51.80722891566265,66.26506024096386,75.90361445783132,50.29757584555088,1.5096530701117716,0.07465995199068445,1.0481927710843373,50.0,35.0,
10.0,2,2024,35,54.285714285714285,62.857142857142854,82.85714285714286,52.08163265306123,2.2040816326530543,0.12103364804668479,1.0,75.0,37.5,
10.5,2,2021,76,36.84210526315789,64.47368421052632,64.47368421052632,41.5685595567867,-4.726454293628812,-0.20634920634920612,1.3157894736842106,54.166666666666664,29.166666666666668,
10.5,2,2023,43,41.86046511627907,65.11627906976744,69.76744186046511,45.42996214169822,-3.5694970254191496,-0.1630748496654422,1.2790697674418605,64.0,40.0,
11.0,2,2021,31,38.70967741935484,74.19354838709677,54.83870967741935,40.68678459937565,-1.9771071800208095,-0.09079380373804835,1.3548387096774193,47.368421052631575,26.31578947368421,
11.5,2,2023,30,53.333333333333336,66.66666666666666,70.0,46.666666666666664,6.6666666666666705,0.3086066999241839,1.4,78.57142857142857,57.14285714285714,
6.5,3,2021,37,48.64864864864865,67.56756756756756,81.08108108108108,54.7845142439737,-6.135865595325052,-0.3346640106136303,0.8918918918918919,36.84210526315789,21.052631578947366,
6.5,3,2022,83,66.26506024096386,83.13253012048193,79.51807228915662,66.10538539700973,0.15967484395412734,0.010565929132921927,0.6144578313253012,42.857142857142854,17.857142857142858,
7.0,3,2021,113,55.75221238938053,73.45132743362832,72.56637168141593,53.30096327042055,2.451249118959975,0.1244104585750868,0.9557522123893806,66.0,30.0,
7.0,3,2022,278,61.51079136690647,76.97841726618705,79.49640287769785,61.19507271880338,0.3157186481030916,0.018576307350875815,0.762589928057554,49.532710280373834,25.233644859813083,
7.0,3,2023,96,61.458333333333336,79.16666666666666,77.08333333333334,61.02430555555556,0.434027777777779,0.025427929407405875,0.84375,62.16216216216216,37.83783783783784,
7.0,3,2024,86,62.7906976744186,83.72093023255815,74.4186046511628,62.30394808004327,0.48674959437533527,0.030218361150951726,0.7790697674418605,65.625,40.625,
7.0,3,2025,82,54.87804878048781,75.60975609756098,73.17073170731707,55.324211778703145,-0.4461629982153381,-0.023448952480527162,0.8292682926829268,51.35135135135135,24.324324324324326,
7.5,3,2021,269,57.249070631970255,78.81040892193309,73.97769516728626,58.30212407235942,-1.0530534403891623,-0.05873190056257259,0.7955390334572491,43.47826086956522,21.73913043478261,
7.5,3,2022,478,55.02092050209205,75.73221757322176,73.43096234309623,55.610896167784176,-0.5899756656921218,-0.031156681419342757,0.9079497907949791,50.697674418604656,25.581395348837212,
7.5,3,2023,275,52.0,73.0909090909091,72.0,52.625454545454545,-0.6254545454545402,-0.03141009821978195,1.0727272727272728,60.60606060606061,34.090909090909086,
7.5,3,2024,366,55.46448087431693,73.77049180327869,73.49726775956285,54.219295888202105,1.2451849861148334,0.06413816647848282,0.8743169398907104,55.828220858895705,23.31288343558282,
7.5,3,2025,224,58.92857142857143,78.57142857142857,72.76785714285714,57.17474489795919,1.7538265306122458,0.09601674957527456,0.8392857142857143,55.434782608695656,29.347826086956523,
8.0,3,2021,363,53.71900826446281,72.45179063360881,72.72727272727273,52.69221136989732,1.0267968945654848,0.05160601943648214,0.9944903581267218,58.333333333333336,30.952380952380953,
8.0,3,2022,443,54.627539503386004,75.84650112866818,73.36343115124153,55.64359563615611,-1.0160561327701045,-0.053700823086551684,0.8893905191873589,51.741293532338304,22.885572139303484,
8.0,3,2023,372,53.2258064516129,72.84946236559139,69.89247311827957,50.91629090068216,2.309515550930741,0.11320503752152777,1.075268817204301,59.195402298850574,35.63218390804598,
8.0,3,2024,589,53.82003395585738,73.00509337860781,75.04244482173175,54.784806915695505,-0.9647729598381227,-0.050217272454214125,0.9286926994906621,50.73529411764706,26.838235294117645,
8.0,3,2025,379,55.4089709762533,73.61477572559367,75.72559366754618,55.74522594523849,-0.3362549689851835,-0.01779549886069612,0.899736147757256,50.887573964497044,25.443786982248522,
8.5,3,2021,526,54.562737642585546,74.1444866920152,71.29277566539925,52.859662565600196,1.7030750769853498,0.08598039116026926,1.0608365019011408,60.66945606694561,32.21757322175732,
8.5,3,2022,506,49.01185770750988,73.12252964426878,68.37944664031622,50.00078114015217,-0.9889234326422913,-0.04797283059649936,1.1383399209486167,58.52713178294574,32.55813953488372,
8.5,3,2023,628,50.0,72.29299363057325,69.7452229299363,50.420909570367954,-0.4209095703679555,-0.02047348062090179,1.0764331210191083,57.324840764331206,30.89171974522293,
8.5,3,2024,733,51.15961800818554,74.48840381991815,68.4856753069577,51.01388638144462,0.14573162674091922,0.007195927662416317,1.0641200545702592,56.98324022346368,27.37430167597765,
8.5,3,2025,478,53.13807531380753,75.10460251046025,70.92050209205021,53.264561194656956,-0.12648588084942514,-0.006441246041072617,1.0648535564853556,59.375,31.69642857142857,
9.0,3,2021,383,49.60835509138381,72.58485639686684,69.71279373368147,50.600931221836674,-0.9925761304528657,-0.04842389310278204,1.0861618798955615,52.331606217616574,30.569948186528496,
9.0,3,2022,268,48.134328358208954,69.02985074626866,70.1492537313433,48.423925150367566,-0.289596792158614,-0.013687196632480728,1.1753731343283582,60.431654676258994,33.81294964028777,
9.0,3,2023,493,52.94117647058824,72.41379310344827,70.58823529411765,51.115618661257614,1.8255578093306246,0.08964214570007978,1.0304259634888437,58.189655172413794,28.879310344827587,
9.0,3,2024,378,47.08994708994709,69.84126984126983,67.46031746031747,47.115142353237594,-0.025195263290506142,-0.0011717243783045887,1.1693121693121693,53.5,30.0,
9.0,3,2025,317,52.36593059936908,75.39432176656152,70.34700315457413,53.037645911492795,-0.6717153121237107,-0.034146104310384694,1.0315457413249212,52.317880794701985,30.4635761589404,
9.5,3,2021,212,53.301886792452834,72.16981132075472,73.58490566037736,53.106087575649696,0.1957992168031386,0.009909566085057307,1.0518867924528301,56.56565656565656,32.323232323232325,
9.5,3,2022,146,43.83561643835616,68.4931506849315,69.86301369863014,47.85137924563708,-4.015762807280915,-0.1883945888796162,1.2123287671232876,58.536585365853654,31.70731707317073,
9.5,3,2023,278,50.35971223021583,69.42446043165468,67.98561151079137,47.19864396252782,3.1610682676880053,0.1470650395940631,1.1151079136690647,58.69565217391305,30.434782608695656,
9.5,3,2024,110,51.81818181818182,74.54545454545455,71.81818181818181,53.53719008264463,-1.7190082644628069,-0.08771684458747107,1.0727272727272728,60.37735849056604,33.9622641509434,
9.5,3,2025,129,59.68992248062015,80.62015503875969,71.31782945736434,57.496544678805364,2.1933778018147887,0.12269063515674658,0.8992248062015504,51.92307692307693,32.69230769230769,
10.0,3,2021,84,45.23809523809524,67.85714285714286,60.71428571428571,41.19897959183673,4.039115646258507,0.17708569983156536,1.4404761904761905,65.21739130434783,43.47826086956522,
10.0,3,2022,37,43.24324324324324,64.86486486486487,70.27027027027027,45.580715850986124,-2.33747260774288,-0.1071247113573525,1.4864864864864864,57.14285714285714,33.33333333333333,
10.0,3,2023,83,44.57831325301205,66.26506024096386,67.46987951807229,44.708956307156335,-0.130643054144286,-0.00589802017031979,1.3975903614457832,69.56521739130434,41.30434782608695,
10.0,3,2024,35,57.14285714285714,74.28571428571429,74.28571428571429,55.18367346938776,1.959183673469378,0.10256410256410249,1.0,53.333333333333336,40.0,
10.5,3,2021,76,46.05263157894737,68.42105263157895,61.8421052631579,42.313019390581715,3.7396121883656486,0.16561456588956042,1.355263157894737,58.536585365853654,36.58536585365854,
10.5,3,2023,43,41.86046511627907,65.11627906976744,69.76744186046511,45.42996214169822,-3.5694970254191496,-0.1630748496654422,1.1162790697674418,60.0,20.0,
11.0,3,2021,31,35.483870967741936,74.19354838709677,51.61290322580645,38.29344432882414,-2.809573361082202,-0.12848405416203612,1.3870967741935485,50.0,30.0,
11.5,3,2023,30,36.666666666666664,53.333333333333336,63.33333333333333,33.77777777777777,2.888888888888891,0.12016450333006201,1.4,78.94736842105263,26.31578947368421,
6.5,4,2021,37,54.054054054054056,67.56756756756756,67.56756756756756,45.653761869978084,8.400292184075974,0.3833333333333333,1.135135135135135,70.58823529411765,23.52941176470588,
6.5,4,2022,83,61.44578313253012,75.90361445783132,83.13253012048193,63.10059515169111,-1.6548120191609894,-0.10333109117793389,0.6385542168674698,37.5,15.625,
7.0,4,2021,113,61.94690265486725,76.10619469026548,80.53097345132744,61.28905944083327,0.6578432140339818,0.038959748240694,0.8495575221238938,60.46511627906976,27.906976744186046,
7.0,4,2022,278,56.11510791366906,75.17985611510791,75.17985611510791,56.52010765488329,-0.4049997412142292,-0.02170445877539688,0.8884892086330936,54.09836065573771,24.59016393442623,
7.0,4,2023,96,59.375,78.125,77.08333333333334,60.22135416666667,-0.8463541666666741,-0.04871100874301796,0.75,46.15384615384615,20.51282051282051,
7.0,4,2024,86,62.7906976744186,79.06976744186046,79.06976744186046,62.52028123309896,0.27041644131964304,0.01633986928104573,0.6627906976744186,50.0,15.625,
7.0,4,2025,82,65.85365853658537,82.92682926829268,80.48780487804879,66.74598453301607,-0.8923259964306984,-0.05984127209279322,0.5853658536585366,42.857142857142854,14.285714285714285,
7.5,4,2021,269,54.27509293680297,72.4907063197026,73.23420074349443,53.08798938654801,1.1871035502549643,0.0600427585675566,0.9553903345724907,56.09756097560976,26.82926829268293,
7.5,4,2022,478,58.36820083682008,75.52301255230127,76.98744769874477,58.14323978921938,0.22496104760070246,0.01243072146271972,0.8430962343096234,48.743718592964825,27.1356783919598,
7.5,4,2023,275,52.36363636363637,76.72727272727272,70.54545454545455,54.12760330578512,-1.7639669421487536,-0.09157590948227667,1.0363636363636364,55.72519083969466,27.480916030534353,
7.5,4,2024,366,57.650273224043715,74.59016393442623,78.14207650273224,58.286302965152736,-0.6360297411090232,-0.03534994862068219,0.9043715846994536,53.5483870967742,30.32258064516129,
7.5,4,2025,224,54.46428571428571,76.78571428571429,73.21428571428571,56.21811224489795,-1.7538265306122458,-0.09380353986508062,0.9107142857142857,56.86274509803921,26.47058823529412,
8.0,4,2021,363,54.54545454545454,74.10468319559229,72.45179063360881,53.690169918569616,0.8552846268849223,0.04370246915915044,0.9504132231404959,53.333333333333336,30.303030303030305,
8.0,4,2022,443,55.75620767494357,75.39503386004515,73.58916478555305,55.482575707392144,0.27363196755142427,0.014410733023561013,0.9571106094808126,50.51020408163265,29.081632653061224,
8.0,4,2023,372,54.03225806451613,72.58064516129032,73.38709677419355,53.26482830385015,0.7674297606659719,0.0389263450479205,0.9193548387096774,52.63157894736842,26.31578947368421,
8.0,4,2024,589,54.49915110356537,74.02376910016977,73.68421052631578,54.54382986328299,-0.04467875971762014,-0.0023138330723242416,0.9830220713073005,55.223880597014926,31.716417910447763,
8.0,4,2025,379,50.65963060686016,72.29551451187335,70.71240105540898,51.12189416670727,-0.4622635598471092,-0.02269704203739875,0.9841688654353562,49.19786096256685,31.016042780748666,
8.5,4,2021,526,51.52091254752852,72.24334600760456,71.67300380228137,51.7789761309257,-0.2580635833971834,-0.012789871356522944,1.0456273764258555,52.156862745098046,30.58823529411765,
8.5,4,2022,506,53.55731225296443,73.71541501976284,73.71541501976284,54.339624115358774,-0.782311862394347,-0.0403757382732973,0.924901185770751,50.638297872340424,28.510638297872344,
8.5,4,2023,628,54.45859872611465,75.79617834394905,71.01910828025477,53.82976997038419,0.6288287557304595,0.03236110086915086,0.9299363057324841,54.1958041958042,27.62237762237762,
8.5,4,2024,733,50.068212824010914,71.89631650750341,70.66848567530695,50.8080381321784,-0.7398253081674855,-0.03615048309761223,1.0600272851296044,56.830601092896174,29.78142076502732,
8.5,4,2025,478,52.928870292887034,72.59414225941423,72.17573221757321,52.39535372279897,0.5335165700880551,0.026691190956961246,1.00418410041841,51.55555555555556,30.22222222222222,
9.0,4,2021,383,49.08616187989556,75.45691906005221,66.31853785900783,50.04192543408163,-0.9557635541860621,-0.04699194836705494,0.9843342036553525,53.84615384615385,24.102564102564102,
9.0,4,2022,268,51.11940298507462,70.52238805970148,71.64179104477611,50.52350189351748,0.5959010915571383,0.02899625502688325,1.1604477611940298,69.46564885496184,30.53435114503817,
9.0,4,2023,493,47.870182555780936,70.38539553752535,68.35699797160242,48.11334339989055,-0.2431608441096189,-0.011451676365599859,1.184584178498986,57.19844357976653,31.1284046692607,
9.0,4,2024,378,51.587301587301596,72.22222222222221,73.80952380952381,53.30687830687831,-1.7195767195767209,-0.08731914699013639,0.9841269841269841,47.540983606557376,25.683060109289617,
9.0,4,2025,317,47.94952681388013,70.03154574132492,68.76971608832808,48.16049517857676,-0.21096836469663427,-0.009936918479239927,1.053627760252366,58.78787878787879,27.878787878787882,
9.5,4,2021,212,49.528301886792455,73.11320754716981,66.98113207547169,48.97205411178355,0.5562477750089001,0.02667740239077016,1.2028301886792452,59.813084112149525,35.51401869158878,
9.5,4,2022,146,49.31506849315068,66.43835616438356,68.4931506849315,45.50572340026271,3.8093450928879724,0.17365736472354187,1.0753424657534247,60.810810810810814,35.13513513513514,
9.5,4,2023,278,42.805755395683455,61.87050359712231,70.14388489208633,43.3983748253196,-0.5926194296361487,-0.026661953708459866,1.169064748201439,57.861635220125784,29.559748427672954,
9.5,4,2024,110,48.18181818181818,73.63636363636363,68.18181818181817,50.20661157024793,-2.0247933884297464,-0.09866427343984649,1.1272727272727272,50.877192982456144,35.08771929824561,
9.5,4,2025,129,53.48837209302325,71.31782945736434,73.64341085271317,52.52088215852413,0.9674899344991217,0.048554539456324645,1.0155038759689923,66.66666666666666,33.33333333333333,
10.0,4,2021,84,47.61904761904761,67.85714285714286,70.23809523809523,47.66156462585034,-0.04251700680272252,-0.001991158970298336,1.2380952380952381,63.63636363636363,31.818181818181817,
10.0,4,2022,37,51.35135135135135,70.27027027027027,75.67567567567568,53.17750182615049,-1.8261504747991375,-0.09312294922243214,1.054054054054054,61.111111111111114,27.77777777777778,
10.0,4,2023,83,40.963855421686745,71.08433734939759,62.65060240963856,44.53476556829729,-3.5709101466105397,-0.1628249530774101,1.1325301204819278,57.14285714285714,22.448979591836736,
10.0,4,2024,35,37.142857142857146,57.14285714285714,68.57142857142857,39.183673469387756,-2.040816326530609,-0.0888336318148377,1.7142857142857142,54.54545454545454,45.45454545454545,
10.5,4,2021,76,43.42105263157895,77.63157894736842,53.94736842105263,41.88019390581717,1.5408587257617734,0.07418457100672168,1.25,67.44186046511628,37.2093023255814,
10.5,4,2023,43,41.86046511627907,72.09302325581395,58.139534883720934,41.914548404543,-0.05408328826392306,-0.0024441185836892513,1.372093023255814,60.0,28.000000000000004,
11.0,4,2021,31,61.29032258064516,80.64516129032258,74.19354838709677,59.83350676378771,1.4568158168574485,0.0842700971600384,1.0,58.333333333333336,33.33333333333333,
11.5,4,2023,30,56.666666666666664,80.0,60.0,48.0,8.666666666666668,0.4422689813358515,1.2,61.53846153846154,46.15384615384615,
6.5,5,2021,37,54.054054054054056,81.08108108108108,70.27027027027027,56.97589481373265,-2.9218407596785956,-0.16321772771370965,0.7027027027027027,47.05882352941176,5.88235294117647,
6.5,5,2022,83,59.036144578313255,79.51807228915662,74.69879518072288,59.39904195093627,-0.3628973726230167,-0.020684169503815557,0.8554216867469879,64.70588235294117,26.47058823529412,
7.0,5,2021,113,56.63716814159292,70.79646017699115,77.87610619469027,55.13352650951523,1.5036416320776902,0.07966873563711513,0.831858407079646,46.93877551020408,28.57142857142857,
7.0,5,2022,278,55.39568345323741,73.7410071942446,74.10071942446042,54.64261684177837,0.7530666114590412,0.03906472448406821,0.9424460431654677,59.67741935483871,25.0,
7.0,5,2023,96,54.166666666666664,69.79166666666666,79.16666666666666,55.25173611111111,-1.085069444444442,-0.05818912219259335,0.8541666666666666,45.45454545454545,22.727272727272727,
7.0,5,2024,86,54.65116279069767,75.5813953488372,70.93023255813954,53.61005949161709,1.0411032990805813,0.05336905067140539,1.058139534883721,53.84615384615385,35.8974358974359,
7.0,5,2025,82,58.536585365853654,79.26829268292683,76.82926829268293,60.901249256395005,-2.364663890541352,-0.13825120015968212,0.7926829268292683,52.94117647058824,20.588235294117645,
7.5,5,2021,269,62.45353159851301,82.15613382899627,75.8364312267658,62.30427992979644,0.1492516687165768,0.009106159184388247,0.724907063197026,53.46534653465347,18.81188118811881,
7.5,5,2022,478,56.27615062761506,74.05857740585773,75.10460251046025,55.62140018557098,0.6547504420440831,0.03454605140711723,0.9769874476987448,55.02392344497608,32.535885167464116,
7.5,5,2023,275,60.0,76.36363636363637,75.63636363636364,57.75867768595041,2.2413223140495875,0.12289502662915068,1.0,64.54545454545455,43.63636363636363,
7.5,5,2024,366,51.91256830601093,73.77049180327869,70.76502732240438,52.20370868046225,-0.29114037445131524,-0.014551418711250675,1.0437158469945356,57.95454545454546,28.97727272727273,
7.5,5,2025,224,50.0,74.55357142857143,68.75,51.25558035714286,-1.2555803571428603,-0.06219214067228763,0.9910714285714286,54.46428571428571,25.892857142857146,
8.0,5,2021,363,47.38292011019284,71.34986225895317,65.56473829201101,46.780350461792985,0.6025696483998533,0.028048553284317247,1.1487603305785123,54.973821989528794,32.98429319371728,
8.0,5,2022,443,54.401805869074494,73.36343115124153,74.7178329571106,54.81556593918949,-0.41376007011499905,-0.021535270780724064,0.8623024830699775,47.02970297029702,20.2970297029703,
8.0,5,2023,372,55.91397849462365,75.53763440860214,71.7741935483871,54.21652792230316,1.6974505723204913,0.08773217180904992,0.967741935483871,59.14634146341463,31.70731707317073,
8.0,5,2024,589,52.29202037351443,70.96774193548387,75.38200339558574,53.49690563557697,-1.2048852620625383,-0.06161899340807603,1.0016977928692699,50.5338078291815,30.2491103202847,
8.0,5,2025,379,53.825857519788926,73.87862796833772,72.29551451187335,53.41093420402253,0.4149233157663912,0.0211047258876829,1.007915567282322,53.714285714285715,28.57142857142857,
8.5,5,2021,526,46.00760456273764,70.91254752851711,67.30038022813687,47.7244141161503,-1.716809553412657,-0.08058006694233676,1.1711026615969582,55.633802816901415,28.169014084507044,
8.5,5,2022,505,51.48514851485149,72.27722772277228,71.68316831683168,51.81060680325458,-0.325458288403091,-0.016137837510648328,1.0970297029702971,58.36734693877551,33.87755102040816,
8.5,5,2023,628,52.07006369426752,73.08917197452229,69.42675159235668,50.74343786766197,1.3266258266055542,0.06492682730024384,1.0382165605095541,57.80730897009967,29.2358803986711,
8.5,5,2024,733,55.7980900409277,73.39699863574351,75.44338335607094,55.37317905261414,0.4249109883135538,0.02234079635257646,0.956343792633015,54.01234567901234,29.938271604938272,
8.5,5,2025,478,53.97489539748954,72.80334728033473,73.64016736401673,53.61250678384483,0.3623886136447152,0.018484701184792625,0.9414225941422594,56.36363636363636,26.36363636363636,
9.0,5,2021,383,50.65274151436031,72.32375979112271,71.80156657963447,51.92959253931787,-1.2768510249575593,-0.06342591417621567,0.9268929503916449,46.56084656084656,21.164021164021165,
9.0,5,2022,268,52.98507462686567,73.50746268656717,71.26865671641791,52.38778124303853,0.5972933838271355,0.02991113951579232,1.007462686567164,58.730158730158735,30.952380952380953,
9.0,5,2023,493,51.926977687626774,74.2393509127789,69.5740365111562,51.65131310970216,0.27566457792461696,0.013700603881525152,1.050709939148073,57.80590717299579,28.691983122362867,
9.0,5,2024,378,48.67724867724868,68.78306878306879,72.75132275132276,50.0405923686347,-1.3633436913860209,-0.0660809557406654,1.0423280423280423,47.93814432989691,26.288659793814436,
9.0,5,2025,317,52.36593059936908,73.81703470031546,73.18611987381703,54.02382350306999,-1.6578929037009082,-0.08512841882347265,0.9968454258675079,56.29139072847682,27.81456953642384,
9.5,5,2021,212,47.64150943396226,67.9245283018868,72.16981132075472,49.02100391598434,-1.37949448202207,-0.06594536340531938,1.2075471698113207,63.06306306306306,36.03603603603604,
9.5,5,2022,146,43.83561643835616,65.06849315068493,70.54794520547945,45.90448489397636,-2.0688684556201986,-0.09520041873884738,1.2534246575342465,56.09756097560976,34.146341463414636,
9.5,5,2023,278,50.0,73.38129496402878,69.06474820143885,50.6806065938616,-0.680606593861599,-0.03331616164902173,1.0611510791366907,56.83453237410072,30.215827338129497,
9.5,5,2024,110,48.18181818181818,65.45454545454545,70.0,45.81818181818181,2.3636363636363678,0.10846900443638095,1.2636363636363637,68.42105263157895,38.59649122807017,
9.5,5,2025,129,46.51162790697674,73.64341085271317,65.11627906976744,47.95384892734812,-1.442221020371376,-0.06868534446519119,1.0852713178294573,62.31884057971014,26.08695652173913,
10.0,5,2021,84,40.476190476190474,75.0,58.333333333333336,43.75,-3.2738095238095233,-0.15335572574905526,1.2261904761904763,46.0,24.0,
10.0,5,2022,37,51.35135135135135,62.16216216216216,78.37837837837837,48.72169466764061,2.629656683710735,0.1317135855666812,1.054054054054054,72.22222222222221,22.22222222222222,
10.0,5,2023,83,50.602409638554214,69.87951807228916,73.49397590361446,51.35723617361011,-0.7548265350558969,-0.037277182904302854,1.1325301204819278,58.536585365853654,31.70731707317073,
10.0,5,2024,35,37.142857142857146,51.42857142857142,74.28571428571429,38.20408163265306,-1.0612244897959144,-0.0485819240108448,1.7142857142857142,59.09090909090909,50.0,
10.5,5,2021,76,43.42105263157895,61.8421052631579,73.68421052631578,45.56786703601108,-2.146814404432129,-0.10036094590710384,1.1710526315789473,55.81395348837209,30.23255813953488,
10.5,5,2023,43,46.51162790697674,67.44186046511628,72.09302325581395,48.62087614926987,-2.109248242293127,-0.10035294460642737,0.8372093023255814,30.434782608695656,13.043478260869565,
11.0,5,2021,31,45.16129032258064,70.96774193548387,67.74193548387096,48.074921956295526,-2.91363163371488,-0.13731430681185008,1.3225806451612903,70.58823529411765,41.17647058823529,
11.5,5,2023,30,56.666666666666664,70.0,76.66666666666667,53.666666666666664,3.0000000000000027,0.1547818111102747,1.1666666666666667,69.23076923076923,46.15384615384615,
6.5,6,2021,37,45.94594594594595,70.27027027027027,59.45945945945946,41.78232286340395,4.163623082542001,0.18553885372839857,1.6486486486486487,65.0,40.0,
6.5,6,2022,83,59.036144578313255,80.72289156626506,75.90361445783132,61.27159239367107,-2.235447815357816,-0.13250676630928943,0.8072289156626506,52.94117647058824,29.411764705882355,
7.0,6,2021,113,61.94690265486725,85.84070796460178,70.79646017699115,60.77218262980656,1.1747200250606937,0.07410430476702899,0.8053097345132744,44.18604651162791,23.25581395348837,
7.0,6,2022,278,58.63309352517986,76.2589928057554,78.41726618705036,59.8002173800528,-1.1671238548729423,-0.06667496053653744,0.7697841726618705,47.82608695652174,22.608695652173914,
7.0,6,2023,96,54.166666666666664,77.08333333333334,69.79166666666666,53.79774305555556,0.36892361111110494,0.019116805276786917,0.9166666666666666,45.45454545454545,25.0,
7.0,6,2024,86,53.48837209302325,77.90697674418605,69.76744186046511,54.35370470524609,-0.8653326122228355,-0.04541543444138377,0.9534883720930233,55.00000000000001,27.500000000000004,
7.0,6,2025,82,53.65853658536586,75.60975609756098,70.73170731707317,53.48007138607971,0.17846519928614857,0.009133785027086137,0.9390243902439024,57.89473684210527,23.684210526315788,
7.5,6,2021,269,54.27509293680297,73.60594795539033,74.34944237918215,54.72561186274374,-0.45051892594076826,-0.02340541184166007,0.966542750929368,56.91056910569105,26.82926829268293,
7.5,6,2022,477,55.55555555555556,74.63312368972747,73.79454926624737,55.07517723015528,0.4803783254002769,0.02510591993930497,0.9266247379454927,56.60377358490566,29.71698113207547,
7.5,6,2023,275,58.909090909090914,78.54545454545455,73.81818181818181,57.980826446280986,0.9282644628099246,0.051436328768435485,0.9418181818181818,60.17699115044248,35.39823008849557,
7.5,6,2024,366,53.825136612021865,76.22950819672131,71.31147540983606,54.360386992743884,-0.5352503807220188,-0.02779985460379714,0.9262295081967213,56.213017751479285,25.443786982248522,
7.5,6,2025,224,58.48214285714286,75.89285714285714,78.125,59.29129464285714,-0.8091517857142794,-0.045760169938677944,0.8125,52.68817204301075,25.806451612903224,
8.0,6,2021,363,54.82093663911846,73.00275482093664,72.72727272727273,53.09291259704483,1.7280240420736281,0.08739920758411061,0.931129476584022,55.487804878048784,30.48780487804878,
8.0,6,2022,443,56.659142212189614,77.42663656884876,72.00902934537245,55.754169447997185,0.9049727641924354,0.048215837781473016,0.9255079006772009,54.6875,27.604166666666668,
8.0,6,2023,372,48.38709677419355,72.58064516129032,67.47311827956989,48.97242455775234,-0.5853277835587922,-0.028007445852936835,1.021505376344086,51.041666666666664,25.520833333333332,
8.0,6,2024,588,54.421768707483,75.0,73.80952380952381,55.35714285714286,-0.9353741496598622,-0.049131138530628046,0.9285714285714286,54.850746268656714,25.37313432835821,
8.0,6,2025,378,55.55555555555556,74.60317460317461,72.75132275132276,54.27479633828841,1.2807592172671467,0.06608546645976103,0.9629629629629629,53.57142857142857,32.142857142857146,
8.5,6,2021,526,52.09125475285171,73.57414448669202,69.3916349809886,51.05430178259047,1.0369529702612401,0.05102797045090528,1.0475285171102662,58.730158730158735,30.158730158730158,
8.5,6,2022,505,54.25742574257426,74.65346534653466,73.66336633663366,54.99225566120969,-0.7348299186354268,-0.03835276118572714,0.9742574257425742,54.54545454545454,28.57142857142857,
8.5,6,2023,627,51.674641148325364,72.40829346092504,72.88676236044657,52.7760607841192,-1.1014196357938433,-0.05543120984529811,1.0047846889952152,55.775577557755774,27.722772277227726,
8.5,6,2024,733,53.34242837653479,73.39699863574351,71.48703956343793,52.46934145310996,0.8730869234248262,0.0437641202719681,1.0641200545702592,58.187134502923975,33.33333333333333,
8.5,6,2025,478,49.163179916317986,70.0836820083682,69.8744769874477,48.970606256893255,0.19257365942473292,0.00916658932389557,1.110878661087866,55.96707818930041,27.160493827160494,
9.0,6,2021,382,47.38219895287958,69.63350785340315,67.5392670157068,47.02996080151311,0.35223815136646297,0.016359597353540513,1.1230366492146597,55.72139303482587,30.845771144278604,
9.0,6,2022,267,50.936329588014985,70.4119850187266,67.79026217228464,47.73246924490454,3.2038603431104375,0.15021562747370082,0.9962546816479401,57.25190839694656,25.954198473282442,
9.0,6,2023,493,54.563894523326574,70.79107505070994,74.64503042596348,52.842019510469086,1.7218750128574878,0.08704074246944642,0.973630831643002,58.03571428571429,28.57142857142857,
9.0,6,2024,378,53.70370370370371,72.22222222222221,73.54497354497354,53.11581422692534,0.5878894767783693,0.029756436106530372,0.9735449735449735,54.285714285714285,28.57142857142857,
9.0,6,2025,317,53.31230283911672,77.28706624605678,70.34700315457413,54.36913493019135,-1.0568320910746332,-0.055227943009408864,1.0946372239747635,56.75675675675676,35.13513513513514,
9.5,6,2021,211,51.18483412322274,72.98578199052133,70.61611374407583,51.53972282742975,-0.35488870420700147,-0.01754568466056914,1.033175355450237,51.45631067961165,29.126213592233007,
9.5,6,2022,146,43.15068493150685,63.6986301369863,69.17808219178082,44.065490711202855,-0.9148057796960041,-0.04119915023947856,1.178082191780822,53.01204819277109,33.734939759036145,
9.5,6,2023,278,44.96402877697842,68.70503597122301,67.26618705035972,46.2152580094198,-1.2512292324413865,-0.05750540477075608,1.1618705035971224,52.94117647058824,30.718954248366014,
9.5,6,2024,110,42.72727272727273,69.0909090909091,61.81818181818181,42.71074380165289,0.016528925619835322,0.0007362149622377128,1.3636363636363635,69.84126984126983,38.095238095238095,
9.5,6,2025,129,55.03875968992248,74.4186046511628,72.86821705426357,54.22751036596358,0.8112493239588958,0.041816071825861015,0.9147286821705426,50.0,18.96551724137931,
10.0,6,2021,83,42.168674698795186,73.49397590361446,60.24096385542169,44.273479460008716,-2.10480476121353,-0.09744280389855738,1.2771084337349397,58.333333333333336,35.41666666666667,
10.0,6,2022,37,51.35135135135135,67.56756756756756,67.56756756756756,45.653761869978084,5.697589481373266,0.26000000000000006,1.2972972972972974,61.111111111111114,44.44444444444444,
10.0,6,2023,83,46.98795180722892,67.46987951807229,68.67469879518072,46.33473653650747,0.6532152707214467,0.030061629390242605,1.2650602409638554,59.09090909090909,36.36363636363637,
10.0,6,2024,35,45.714285714285715,74.28571428571429,62.857142857142854,46.69387755102041,-0.9795918367346945,-0.046386360704271296,1.4,57.89473684210527,42.10526315789473,
10.5,6,2021,76,40.78947368421053,71.05263157894737,60.526315789473685,43.00554016620499,-2.216066481994461,-0.09996827682053923,1.4342105263157894,66.66666666666666,35.55555555555556,
10.5,6,2023,43,41.86046511627907,60.46511627906976,67.44186046511628,40.778799351000536,1.0816657652785333,0.047212374587612245,1.4186046511627908,68.0,40.0,
11.0,6,2021,31,51.61290322580645,64.51612903225806,74.19354838709677,47.86680541103018,3.7460978147762725,0.17892962380969749,1.0,53.333333333333336,40.0,
11.5,6,2023,30,40.0,66.66666666666666,56.666666666666664,37.77777777777778,2.2222222222222254,0.09513029883089885,1.6666666666666667,50.0,33.33333333333333,
6.5,7,2021,35,71.42857142857143,85.71428571428571,80.0,68.57142857142857,2.857142857142858,0.20412414523193162,0.42857142857142855,50.0,0.0,
6.5,7,2022,83,61.44578313253012,75.90361445783132,78.3132530120482,59.44258963565103,2.0031934968790854,0.11365822855470253,0.7951807228915663,59.375,31.25,
7.0,7,2021,110,59.09090909090909,78.18181818181819,72.72727272727273,56.85950413223141,2.231404958677685,0.12131186985386823,0.9272727272727272,51.11111111111111,33.33333333333333,
7.0,7,2022,278,59.352517985611506,76.97841726618705,74.46043165467626,57.31846177734072,2.0340562082707847,0.11080039813990611,0.8812949640287769,55.75221238938053,29.20353982300885,
7.0,7,2023,96,54.166666666666664,77.08333333333334,70.83333333333334,54.60069444444445,-0.4340277777777901,-0.022719528753150305,0.9375,56.81818181818182,20.454545454545457,
7.0,7,2024,86,46.51162790697674,69.76744186046511,69.76744186046511,48.67495943753381,-2.163331530557061,-0.10256410256410278,1.0930232558139534,60.86956521739131,28.26086956521739,
7.0,7,2025,82,68.29268292682927,82.92682926829268,78.04878048780488,64.72337894110647,3.5693039857227937,0.22917462425705287,0.7317073170731707,69.23076923076923,38.46153846153847,
7.5,7,2021,269,49.814126394052046,71.00371747211895,71.00371747211895,50.4152789486049,-0.6011525545528584,-0.02919855014095899,1.1226765799256506,58.51851851851851,31.11111111111111,
7.5,7,2022,476,53.36134453781513,75.0,70.58823529411765,52.94117647058824,0.42016806722688926,0.021295885499997932,0.9159663865546218,52.702702702702695,25.225225225225223,
7.5,7,2023,275,53.090909090909086,75.63636363636364,70.18181818181817,53.08297520661157,0.007933884297517402,0.0004040141732152115,0.9309090909090909,47.286821705426355,22.48062015503876,
7.5,7,2024,366,59.2896174863388,78.14207650273224,77.04918032786885,60.20782943653139,-0.9182119501925934,-0.05283392850745045,0.8633879781420765,55.033557046979865,26.845637583892618,
7.5,7,2025,224,53.57142857142857,75.0,74.55357142857143,55.91517857142857,-2.34375,-0.12426905734453673,0.8660714285714286,51.92307692307693,23.076923076923077,
8.0,7,2021,363,54.54545454545454,74.10468319559229,73.00275482093664,54.098460184110074,0.446994361344466,0.022984721885738777,0.9393939393939394,55.15151515151515,27.27272727272727,
8.0,7,2022,443,56.884875846501124,75.39503386004515,75.62076749435666,57.01430325759621,-0.12942741109508438,-0.006998628693411887,0.9142212189616253,56.02094240837696,32.98429319371728,
8.0,7,2023,372,58.602150537634415,74.19354838709677,76.0752688172043,56.44294138050642,2.1592091571279948,0.11566506720157262,0.9435483870967742,59.09090909090909,34.41558441558442,
8.0,7,2024,588,55.952380952380956,72.78911564625851,76.0204081632653,55.334582812716924,0.6177981396640275,0.032512925929017486,0.891156462585034,52.509652509652504,27.413127413127413,
8.0,7,2025,378,58.46560846560847,76.45502645502646,74.60317460317461,57.03787687914672,1.4277315864617446,0.0773082908774568,0.8888888888888888,52.86624203821656,27.388535031847134,
8.5,7,2021,525,54.85714285714286,76.0,73.71428571428571,56.02285714285714,-1.165714285714281,-0.06200746537581636,0.8914285714285715,49.789029535864984,24.47257383966245,
8.5,7,2022,504,53.769841269841265,74.8015873015873,73.01587301587301,54.61703199798438,-0.8471907281431101,-0.04396189128000427,0.9087301587301587,53.21888412017167,21.888412017167383,
8.5,7,2023,627,54.54545454545454,74.8006379585327,71.45135566188198,53.446069865107894,1.099384680346649,0.05606660708542186,1.0111642743221692,57.89473684210527,31.2280701754386,
8.5,7,2024,733,57.43519781718963,75.7162346521146,74.62482946793997,56.50311098868579,0.932086828503842,0.049952553338462234,0.9072305593451568,54.807692307692314,30.128205128205128,
8.5,7,2025,476,56.51260504201681,75.84033613445378,74.78991596638656,56.72092366358308,-0.20831862156627245,-0.011207889886064198,0.9264705882352942,59.42028985507246,27.536231884057973,
9.0,7,2021,382,50.78534031413613,71.20418848167539,72.5130890052356,51.63235656917299,-0.8470162550368587,-0.041898950244476645,1.0549738219895288,51.06382978723404,28.191489361702125,
9.0,7,2022,266,55.639097744360896,71.80451127819549,75.56390977443608,54.25829611623043,1.380801628130468,0.07141550990074252,0.9398496240601504,53.38983050847458,29.66101694915254,
9.0,7,2023,493,53.14401622718052,72.41379310344827,71.6024340770791,51.850038469609004,1.2939777575715183,0.0642045367821332,1.0912778904665315,59.307359307359306,34.63203463203463,
9.0,7,2024,378,51.587301587301596,72.22222222222221,72.22222222222221,52.160493827160494,-0.5731922398588996,-0.028571428571428706,1.1164021164021165,60.65573770491803,36.0655737704918,
9.0,7,2025,316,47.151898734177216,69.62025316455697,70.56962025316456,49.13074827751963,-1.9788495433424147,-0.09441610440133752,1.1835443037974684,56.287425149700596,29.34131736526946,
9.5,7,2021,211,59.71563981042654,78.67298578199052,73.45971563981043,57.79295164079873,1.9226881696278064,0.10630497781445868,0.9004739336492891,62.35294117647059,34.11764705882353,
9.5,7,2022,146,50.68493150684932,68.4931506849315,75.34246575342466,51.60442859823606,-0.9194970913867451,-0.045922927164435245,0.952054794520548,47.22222222222222,23.61111111111111,
9.5,7,2023,277,53.42960288808665,73.6462093862816,71.84115523465704,52.908287609639125,0.5213152784475206,0.02630932089069244,1.0036101083032491,54.263565891472865,31.007751937984494,
9.5,7,2024,110,50.0,69.0909090909091,70.9090909090909,48.99173553719008,1.0082644628099158,0.0480387043454144,1.2272727272727273,56.36363636363636,36.36363636363637,
9.5,7,2025,129,44.18604651162791,71.31782945736434,65.11627906976744,46.43951685595818,-2.253470344330272,-0.10454194890661374,1.2790697674418605,62.5,27.77777777777778,
10.0,7,2021,83,53.01204819277109,75.90361445783132,68.67469879518072,52.126578603570906,0.8854695892001829,0.044639617087829576,1.0240963855421688,66.66666666666666,30.76923076923077,
10.0,7,2022,37,48.64864864864865,67.56756756756756,72.97297297297297,49.30606281957633,-0.6574141709276782,-0.03162277660168376,1.054054054054054,57.89473684210527,26.31578947368421,
10.0,7,2023,83,46.98795180722892,73.49397590361446,69.87951807228916,51.35723617361011,-4.369284366381193,-0.2157775395037529,1.108433734939759,52.27272727272727,22.727272727272727,
10.0,7,2024,35,62.857142857142854,77.14285714285715,80.0,61.71428571428572,1.1428571428571344,0.06804138174397717,0.7714285714285715,46.15384615384615,23.076923076923077,
10.5,7,2021,76,36.84210526315789,64.47368421052632,61.8421052631579,39.8718836565097,-3.0297783933518065,-0.13031973814908432,1.25,47.91666666666667,31.25,
10.5,7,2023,43,58.139534883720934,76.74418604651163,72.09302325581395,55.32720389399676,2.8123309897241766,0.14841401147099403,0.8372093023255814,55.55555555555556,27.77777777777778,
11.0,7,2021,31,58.06451612903226,87.09677419354838,64.51612903225806,56.19146722164412,1.8730489073881418,0.1167748416242285,0.8064516129032258,38.46153846153847,23.076923076923077,
11.5,7,2023,30,30.0,60.0,53.333333333333336,32.0,-2.0000000000000018,-0.08183170883849716,1.8333333333333333,71.42857142857143,38.095238095238095,
6.5,8,2021,31,67.74193548387096,87.09677419354838,80.64516129032258,70.23933402705515,-2.4973985431841816,-0.1885618083164128,0.6774193548387096,60.0,40.0,
6.5,8,2022,83,54.21686746987952,74.69879518072288,73.49397590361446,54.8991145304108,-0.6822470605312825,-0.03555626283670835,0.9759036144578314,65.78947368421053,31.57894736842105,
7.0,8,2021,109,55.04587155963303,76.14678899082568,69.72477064220183,53.093173975254615,1.9526975843784156,0.09972372642729078,0.9724770642201835,61.224489795918366,30.612244897959183,
7.0,8,2022,278,55.75539568345324,75.53956834532374,75.17985611510791,56.790538791987984,-1.0351431085347529,-0.05574785924567448,0.8201438848920863,46.34146341463415,21.138211382113823,
7.0,8,2023,96,48.95833333333333,71.875,66.66666666666666,47.916666666666664,1.0416666666666685,0.0491473187182991,0.8645833333333334,38.775510204081634,14.285714285714285,
7.0,8,2024,86,66.27906976744185,81.3953488372093,80.23255813953489,65.30557057869119,0.9734991887506705,0.06281660764929596,0.6511627906976745,51.724137931034484,20.689655172413794,
7.0,8,2025,82,50.0,74.39024390243902,67.07317073170732,49.89589530041642,0.10410469958357926,0.005075282820085008,0.9390243902439024,51.21951219512195,19.51219512195122,
7.5,8,2021,268,55.970149253731336,74.25373134328358,76.11940298507463,56.52149699264869,-0.5513477389173516,-0.029575972356492928,0.917910447761194,50.847457627118644,27.11864406779661,
7.5,8,2022,475,57.89473684210527,76.63157894736841,77.05263157894737,59.04664819944598,-1.151911357340718,-0.06473517205441505,0.8168421052631579,48.5,20.5,
7.5,8,2023,275,52.0,74.18181818181819,69.81818181818183,51.79239669421488,0.2076033057851201,0.010333935196831163,1.08,59.84848484848485,35.60606060606061,
7.5,8,2024,365,56.16438356164384,78.08219178082192,72.6027397260274,56.689810471007696,-0.5254269093638575,-0.028477881566176748,0.9397260273972603,56.25,27.500000000000004,
7.5,8,2025,224,62.5,81.69642857142857,75.0,61.27232142857143,1.2276785714285698,0.07331867106520053,0.7678571428571429,52.38095238095239,22.61904761904762,
8.0,8,2021,363,53.71900826446281,74.10468319559229,71.34986225895317,52.87358938748872,0.8454188769740911,0.04268532302639308,1.0853994490358128,61.30952380952381,32.142857142857146,
8.0,8,2022,442,52.26244343891403,75.3393665158371,69.45701357466064,52.328474027968305,-0.06603058905427783,-0.0033259695787320295,1.0429864253393666,58.29383886255924,29.383886255924168,
8.0,8,2023,372,53.494623655913976,72.04301075268818,74.73118279569893,53.83859405711643,-0.3439704012024536,-0.017637481096634718,0.9919354838709677,57.80346820809249,26.589595375722542,
8.0,8,2024,588,56.12244897959183,73.80952380952381,75.85034013605441,55.98477486232588,0.13767411726595125,0.00731627676671484,0.9149659863945578,53.48837209302325,25.581395348837212,
8.0,8,2025,378,55.026455026455025,74.07407407407408,75.92592592592592,56.24142661179698,-1.2149715853419618,-0.06484791584410314,0.9417989417989417,57.05882352941176,31.76470588235294,
8.5,8,2021,524,56.10687022900763,74.61832061068702,74.80916030534351,55.82133908280403,0.2855311462035992,0.015113737131165013,0.9770992366412213,57.391304347826086,30.434782608695656,
8.5,8,2022,504,56.547619047619044,79.36507936507937,71.82539682539682,57.00428319475939,-0.45666414714033987,-0.02508492844032671,0.9087301587301587,58.9041095890411,25.570776255707763,
8.5,8,2023,627,57.41626794258373,75.27910685805422,75.11961722488039,56.549376922079006,0.8668910205047231,0.04648255426248823,0.9681020733652312,58.052434456928836,31.46067415730337,
8.5,8,2024,732,52.322404371584696,73.224043715847,74.31693989071039,54.41786855385351,-2.0954641822688136,-0.10832123402165161,0.9467213114754098,50.71633237822349,26.36103151862464,
8.5,8,2025,475,56.21052631578948,76.84210526315789,72.84210526315789,55.973407202216066,0.2371191135734141,0.012637992772705801,0.9326315789473684,60.09615384615385,27.403846153846157,
9.0,8,2021,379,52.770448548812666,69.12928759894459,75.72559366754618,52.34856343244617,0.42188511636649384,0.02130071519470106,1.0131926121372032,55.3072625698324,31.28491620111732,
9.0,8,2022,266,50.37593984962406,74.06015037593986,68.796992481203,50.95115608570298,-0.5752162360789237,-0.028325146172220334,1.1578947368421053,54.54545454545454,34.84848484848485,
9.0,8,2023,493,52.94117647058824,75.25354969574036,70.38539553752535,52.96750860937506,-0.026332138786822057,-0.0013365091567227206,1.0628803245436105,56.896551724137936,34.05172413793103,
9.0,8,2024,378,54.4973544973545,75.13227513227513,72.22222222222221,54.26219870664315,0.23515579071134995,0.012146193834497143,0.9074074074074074,54.06976744186046,29.069767441860467,
9.0,8,2025,316,56.32911392405063,71.51898734177216,77.84810126582279,55.67617369011377,0.6529402339368606,0.034838187152377194,1.0316455696202531,55.072463768115945,29.71014492753623,
9.5,8,2021,210,51.90476190476191,70.95238095238095,74.76190476190476,53.045351473922906,-1.140589569160999,-0.05783918600731493,1.161904761904762,54.45544554455446,30.693069306930692,
9.5,8,2022,145,54.48275862068965,71.72413793103448,79.3103448275862,56.88466111771701,-2.401902497027353,-0.13166587589075227,0.9379310344827586,54.54545454545454,25.757575757575758,
9.5,8,2023,277,51.26353790613718,74.72924187725631,70.3971119133574,52.60722803633568,-1.3436901301984938,-0.06773298893672758,1.03971119133574,53.333333333333336,28.888888888888886,
9.5,8,2024,110,46.36363636363636,70.0,71.81818181818181,50.272727272727266,-3.9090909090909065,-0.18961138724716145,1.1363636363636365,62.71186440677966,25.423728813559322,
9.5,8,2025,129,54.263565891472865,73.64341085271317,72.86821705426357,53.66264046631812,0.6009254251547413,0.03067614556040583,1.0775193798449612,69.49152542372882,35.59322033898305,
10.0,8,2021,82,42.68292682926829,65.85365853658537,70.73170731707317,46.57941701368233,-3.8964901844140423,-0.1805950232641554,1.2317073170731707,51.06382978723404,29.78723404255319,
10.0,8,2022,37,48.64864864864865,75.67567567567568,64.86486486486487,49.08692476260044,-0.438276113951791,-0.021398024625545638,1.4324324324324325,57.89473684210527,42.10526315789473,
10.0,8,2023,83,53.01204819277109,72.28915662650603,73.49397590361446,53.12817535201045,-0.11612715923936534,-0.005878603729956837,0.7590361445783133,41.02564102564102,15.384615384615385,
10.0,8,2024,35,48.57142857142857,65.71428571428571,80.0,52.57142857142857,-3.9999999999999982,-0.2106752429000962,1.1142857142857143,61.111111111111114,44.44444444444444,
10.5,8,2021,75,52.0,77.33333333333333,69.33333333333334,53.617777777777775,-1.6177777777777735,-0.08379871229336786,1.0,52.77777777777778,16.666666666666664,
10.5,8,2023,43,65.11627906976744,79.06976744186046,83.72093023255815,66.19794483504597,-1.0816657652785278,-0.07202263595024042,0.6744186046511628,60.0,33.33333333333333,
11.0,8,2021,31,41.935483870967744,70.96774193548387,61.29032258064516,43.49635796045786,-1.5608740894901163,-0.07059781184061313,1.6129032258064515,55.55555555555556,44.44444444444444,
11.5,8,2023,30,30.0,60.0,60.0,36.0,-6.0,-0.25,1.7,66.66666666666666,33.33333333333333,
7.0,9,2021,56,55.35714285714286,66.07142857142857,85.71428571428571,56.63265306122448,-1.2755102040816202,-0.07698687947429832,1.0,48.0,28.000000000000004,
7.0,9,2022,166,54.21686746987952,68.07228915662651,79.51807228915662,54.12977210044999,0.087095369429524,0.004629218297434227,1.072289156626506,61.8421052631579,32.89473684210527,
7.0,9,2023,50,54.0,70.0,80.0,55.99999999999999,-1.9999999999999907,-0.10910894511799617,0.86,60.86956521739131,21.73913043478261,
7.0,9,2024,47,70.2127659574468,82.97872340425532,82.97872340425532,68.85468537799909,1.358080579447718,0.09615384615384619,0.723404255319149,57.14285714285714,35.714285714285715,
7.0,9,2025,45,51.11111111111111,71.11111111111111,73.33333333333333,52.148148148148145,-1.0370370370370363,-0.05173983464904481,0.9777777777777777,40.909090909090914,18.181818181818183,
7.5,9,2021,144,51.388888888888886,70.13888888888889,70.83333333333334,49.68171296296296,1.7071759259259245,0.0820698455791259,1.0208333333333333,57.14285714285714,27.142857142857142,
7.5,9,2022,253,52.96442687747036,67.98418972332016,74.70355731225297,50.78660813323126,2.1778187442391017,0.10738290578029804,0.9960474308300395,57.14285714285714,28.57142857142857,
7.5,9,2023,145,48.96551724137931,64.13793103448275,72.41379310344827,46.44470868014268,2.5208085612366258,0.1176002048665173,1.1379310344827587,60.810810810810814,29.72972972972973,
7.5,9,2024,201,54.72636815920397,71.64179104477611,75.12437810945273,53.82044998886166,0.9059181703423125,0.046493146170954056,0.9203980099502488,56.043956043956044,30.76923076923077,
7.5,9,2025,115,50.43478260869565,68.69565217391305,75.65217391304347,51.96975425330813,-1.5349716446124817,-0.07712454233558533,0.9304347826086956,50.877192982456144,17.543859649122805,
8.0,9,2021,188,53.191489361702125,71.80851063829788,74.46808510638297,53.474422815753734,-0.28293345405160375,-0.014421503656976874,0.8776595744680851,47.72727272727273,21.59090909090909,
8.0,9,2022,242,51.2396694214876,69.42148760330579,74.3801652892562,51.63581722559935,-0.3961478041117461,-0.019696333395733113,1.0289256198347108,56.779661016949156,27.11864406779661,
8.0,9,2023,210,47.14285714285714,64.76190476190476,72.85714285714285,47.183673469387756,-0.040816326530612734,-0.0019213392190118497,1.1285714285714286,53.153153153153156,34.234234234234236,
8.0,9,2024,348,50.0,69.54022988505747,72.12643678160919,50.156889945831686,-0.15688994583168414,-0.007602742079779813,1.0229885057471264,48.85057471264368,21.839080459770116,
8.0,9,2025,209,52.63157894736842,68.89952153110048,74.64114832535886,51.42739406149127,1.2041848858771464,0.05979262027586281,1.0287081339712918,55.55555555555556,28.28282828282828,
8.5,9,2021,289,50.17301038062284,68.16608996539793,74.39446366782006,50.711797033081496,-0.538786652458656,-0.02650027600410199,1.0934256055363323,53.47222222222222,32.63888888888889,
8.5,9,2022,260,51.92307692307693,66.15384615384615,73.07692307692307,48.34319526627219,3.57988165680474,0.17056267003615394,1.0846153846153845,61.6,33.6,
8.5,9,2023,347,53.02593659942363,68.01152737752162,76.94524495677233,52.33163633947628,0.6943002599473447,0.03534175910886294,0.9538904899135446,50.920245398773,30.67484662576687,
8.5,9,2024,400,53.0,70.0,76.5,53.55,-0.5499999999999949,-0.02830664467807348,0.9825,58.51063829787234,26.595744680851062,
8.5,9,2025,251,53.78486055776892,71.31474103585657,74.5019920318725,53.13090268408438,0.6539578736845408,0.033173680841523466,0.9840637450199203,56.03448275862068,32.758620689655174,
9.0,9,2021,212,49.056603773584904,67.45283018867924,70.75471698113208,47.72605909576362,1.3305446778212882,0.06242623538847123,1.099056603773585,53.70370370370371,32.407407407407405,
9.0,9,2022,145,53.103448275862064,65.51724137931035,73.10344827586206,47.89536266349584,5.208085612366226,0.24710531013795103,1.103448275862069,55.88235294117647,32.35294117647059,
9.0,9,2023,270,50.0,65.55555555555556,75.92592592592592,49.77366255144033,0.22633744855966587,0.01114095007088447,1.1,54.81481481481482,29.629629629629626,
9.0,9,2024,210,49.523809523809526,66.66666666666666,77.61904761904762,51.74603174603174,-2.2222222222222143,-0.11310200572605222,1.0666666666666667,52.83018867924528,26.41509433962264,
9.0,9,2025,165,47.878787878787875,67.27272727272727,73.93939393939394,49.74104683195592,-1.8622589531680445,-0.0904139507928751,1.0121212121212122,43.02325581395349,23.25581395348837,
9.5,9,2021,123,47.96747967479675,56.09756097560976,79.67479674796748,44.6956176878842,3.27186198691255,0.16383275390198695,1.1951219512195121,56.25,32.8125,
9.5,9,2022,96,46.875,63.541666666666664,73.95833333333334,46.99435763888889,-0.1193576388888895,-0.005650600021382052,1.03125,43.13725490196079,23.52941176470588,
9.5,9,2023,161,49.68944099378882,65.21739130434783,77.63975155279503,50.63462057790981,-0.9451795841209865,-0.047628967220783865,1.0124223602484472,50.617283950617285,32.098765432098766,
9.5,9,2024,58,53.44827586206896,70.6896551724138,77.58620689655173,54.84542211652794,-1.3971462544589808,-0.07360435915982885,0.9137931034482759,55.55555555555556,29.629629629629626,
9.5,9,2025,80,42.5,65.0,63.74999999999999,41.4375,1.0624999999999996,0.046338731201306924,1.3625,60.86956521739131,36.95652173913043,
10.0,9,2021,43,55.81395348837209,67.44186046511628,83.72093023255815,56.462952947539215,-0.6489994591671211,-0.037516123674206474,0.9069767441860465,63.1578947368421,21.052631578947366,
10.0,9,2023,49,42.857142857142854,57.14285714285714,79.59183673469387,45.481049562682216,-2.6239067055393583,-0.13155870289605434,1.1428571428571428,50.0,32.142857142857146,
10.5,9,2021,43,55.81395348837209,76.74418604651163,69.76744186046511,53.54245538128719,2.2714981070849016,0.1170738814009927,0.7906976744186046,47.368421052631575,21.052631578947366,
