pregame_total,inning,season,n,mean_runs,run_variance,p0_under_pct,p1_pct,p2_pct,p3plus_pct,score_pct,mean_runs_given_score,multi_run_given_score_pct,threeplus_given_score_pct,runs_from_multi_run_innings_pct,nb_p0_pct,nb_zero_residual_pp
7.0,1,2021,113,0.8938053097345132,1.7564791403286981,58.4070796460177,16.8141592920354,11.504424778761061,13.274336283185843,41.5929203539823,2.148936170212766,59.57446808510638,31.914893617021278,81.18811881188118,53.492619460064226,4.914460185953473
7.0,1,2022,278,0.8309352517985612,1.5994727683557124,57.194244604316545,21.223021582733814,11.870503597122301,9.712230215827338,42.805755395683455,1.9411764705882353,50.42016806722689,22.689075630252102,74.45887445887446,55.52475094356496,1.6694936607515865
7.0,1,2023,96,0.9583333333333334,1.7456140350877194,54.166666666666664,17.708333333333336,14.583333333333334,13.541666666666666,45.833333333333336,2.090909090909091,61.36363636363637,29.545454545454547,81.52173913043478,49.68134261713417,4.48532404953249
7.0,1,2024,86,0.9883720930232558,1.4939808481532149,50.0,19.767441860465116,16.27906976744186,13.953488372093023,50.0,1.9767441860465116,60.46511627906976,27.906976744186046,80.0,45.01283846263589,4.98716153736411
7.0,1,2025,82,0.4634146341463415,0.6467931345980126,68.29268292682927,21.951219512195124,4.878048780487805,4.878048780487805,31.707317073170728,1.4615384615384615,30.76923076923077,15.384615384615385,52.63157894736842,67.67541722033155,0.6172657064977272
7.0,2,2021,113,0.7168141592920354,1.9012326169405818,62.83185840707964,21.238938053097346,9.734513274336283,6.1946902654867255,37.16814159292036,1.9285714285714286,42.857142857142854,16.666666666666664,70.37037037037037,65.49710082834915,-2.665242421269509
7.0,2,2022,278,0.7697841726618705,1.5713580759940784,62.94964028776978,16.18705035971223,9.352517985611511,11.510791366906476,37.05035971223022,2.0776699029126213,56.310679611650485,31.06796116504854,78.97196261682242,59.006552720425454,3.9430875673443277
7.0,2,2023,96,0.5729166666666666,1.068311403508772,66.66666666666666,20.833333333333336,5.208333333333334,7.291666666666667,33.333333333333336,1.71875,37.5,21.875,63.63636363636363,66.1765942820413,0.49007238462537295
7.0,2,2024,86,0.686046511627907,1.2296853625171,62.7906976744186,18.6046511627907,10.465116279069768,8.13953488372093,37.2093023255814,1.84375,50.0,21.875,72.88135593220339,60.336740822674514,2.453956851744088
7.0,2,2025,82,0.573170731707317,0.9390243902439023,65.85365853658537,19.51219512195122,8.536585365853659,6.097560975609756,34.14634146341463,1.6785714285714286,42.857142857142854,17.857142857142858,65.95744680851064,64.19218776652826,1.6614707700571052
7.0,3,2021,113,0.9557522123893806,1.7926675094816689,55.75221238938053,15.04424778761062,15.929203539823009,13.274336283185843,44.24778761061947,2.16,66.0,30.0,84.25925925925925,50.334061081382984,5.418151307997543
7.0,3,2022,278,0.762589928057554,1.6185232319559517,61.51079136690647,19.424460431654676,9.352517985611511,9.712230215827338,38.48920863309353,1.9813084112149533,49.532710280373834,25.233644859813083,74.52830188679245,59.9714602907111,1.5393310761953716
7.0,3,2023,96,0.84375,1.7332236842105264,61.458333333333336,14.583333333333334,9.375,14.583333333333334,38.541666666666664,2.189189189189189,62.16216216216216,37.83783783783784,82.71604938271605,56.20430051136288,5.254032821970456
7.0,3,2024,86,0.7790697674418605,1.3506155950752392,62.7906976744186,12.790697674418606,9.30232558139535,15.11627906976744,37.2093023255814,2.09375,65.625,40.625,83.58208955223881,55.749723886362055,7.040973788056548
7.0,3,2025,82,0.8292682926829268,1.3038241493526046,54.87804878048781,21.951219512195124,12.195121951219512,10.975609756097562,45.12195121951219,1.837837837837838,51.35135135135135,24.324324324324326,73.52941176470588,51.90560126700494,2.9724475134828676
7.0,4,2021,113,0.8495575221238938,2.128950695322377,61.94690265486725,15.04424778761062,12.389380530973451,10.619469026548673,38.05309734513275,2.2325581395348837,60.46511627906976,27.906976744186046,82.29166666666667,59.55609942200505,2.390803232862204
7.0,4,2022,278,0.8884892086330936,1.767303846453523,56.11510791366906,20.14388489208633,12.949640287769784,10.79136690647482,43.88489208633094,2.0245901639344264,54.09836065573771,24.59016393442623,77.32793522267207,53.91671658520576,2.1983913284633005
7.0,4,2023,96,0.75,1.368421052631579,59.375,21.875,10.416666666666668,8.333333333333332,40.625,1.8461538461538463,46.15384615384615,20.51282051282051,70.83333333333333,57.870456892279186,1.5045431077208127
7.0,4,2024,86,0.6627906976744186,1.261422708618331,62.7906976744186,18.6046511627907,12.790697674418606,5.813953488372093,37.2093023255814,1.78125,50.0,15.625,71.9298245614035,62.36017176532357,0.4305259090950364
7.0,4,2025,82,0.5853658536585366,1.109906654622102,65.85365853658537,19.51219512195122,9.75609756097561,4.878048780487805,34.14634146341463,1.7142857142857142,42.857142857142854,14.285714285714285,66.66666666666667,65.84005759737839,0.013600939206981355
7.0,5,2021,113,0.831858407079646,1.5339759797724402,56.63716814159292,23.008849557522122,7.964601769911504,12.389380530973451,43.36283185840708,1.9183673469387754,46.93877551020408,28.57142857142857,72.34042553191489,54.70978321059826,1.9273849309946578
7.0,5,2022,278,0.9424460431654677,1.9100329844427704,55.39568345323741,17.985611510791365,15.467625899280577,11.151079136690647,44.60431654676259,2.1129032258064515,59.67741935483871,25.0,80.91603053435115,52.28591518577835,3.1097682674590565
7.0,5,2023,96,0.8541666666666666,1.5574561403508773,54.166666666666664,25.0,10.416666666666668,10.416666666666668,45.833333333333336,1.8636363636363635,45.45454545454545,22.727272727272727,70.73170731707317,53.62497423774353,0.5416924289231351
7.0,5,2024,86,1.058139534883721,2.643638850889192,54.65116279069767,20.930232558139537,8.13953488372093,16.27906976744186,45.34883720930233,2.3333333333333335,53.84615384615385,35.8974358974359,80.21978021978022,52.38153075787354,2.2696320328241315
7.0,5,2025,82,0.7926829268292683,1.6478470340258957,58.536585365853654,19.51219512195122,13.414634146341465,8.536585365853659,41.463414634146346,1.911764705882353,52.94117647058824,20.588235294117645,75.38461538461539,58.40880522820792,0.1277801376457388
7.0,6,2021,113,0.8053097345132744,2.372471554993679,61.94690265486725,21.238938053097346,7.964601769911504,8.849557522123893,38.05309734513275,2.116279069767442,44.18604651162791,23.25581395348837,73.62637362637362,63.94692200223666,-2.0000193473694083
7.0,6,2022,278,0.7697841726618705,1.4341739604706125,58.63309352517986,21.58273381294964,10.431654676258994,9.352517985611511,41.36690647482014,1.8608695652173912,47.82608695652174,22.608695652173914,71.96261682242991,57.40899688908724,1.2240966360926198
7.0,6,2023,96,0.9166666666666666,1.8666666666666665,54.166666666666664,25.0,9.375,11.458333333333332,45.833333333333336,2.0,45.45454545454545,25.0,72.72727272727273,53.310966327099365,0.8557003395673002
7.0,6,2024,86,0.9534883720930233,1.9742818057455545,53.48837209302325,20.930232558139537,12.790697674418606,12.790697674418606,46.51162790697675,2.05,55.00000000000001,27.500000000000004,78.04878048780488,52.29742106988194,1.1909510231413067
7.0,6,2025,82,0.9390243902439024,1.7863595302619693,53.65853658536586,19.51219512195122,15.853658536585366,10.975609756097562,46.34146341463414,2.026315789473684,57.89473684210527,23.684210526315788,79.22077922077922,51.21048684065267,2.4480497447131877
7.0,7,2021,113,0.9026548672566371,2.4100821744627057,60.17699115044248,19.469026548672566,7.079646017699115,13.274336283185843,39.82300884955752,2.2666666666666666,51.11111111111111,33.33333333333333,78.43137254901961,58.81190380186451,1.3650873485779758
7.0,7,2022,278,0.8812949640287769,2.025569436147832,59.352517985611506,17.985611510791365,10.79136690647482,11.870503597122301,40.647482014388494,2.168141592920354,55.75221238938053,29.20353982300885,79.59183673469387,56.84349599967433,2.5090219859371765
7.0,7,2023,96,0.9375,1.9328947368421052,54.166666666666664,19.791666666666664,16.666666666666664,9.375,45.833333333333336,2.0454545454545454,56.81818181818182,20.454545454545457,78.88888888888889,52.7882679583454,1.37839870832126
7.0,7,2024,86,1.0930232558139534,1.7559507523939812,46.51162790697674,20.930232558139537,17.441860465116278,15.11627906976744,53.48837209302326,2.0434782608695654,60.86956521739131,28.26086956521739,80.85106382978724,42.55655959750739,3.955068309469356
7.0,7,2025,82,0.7317073170731707,1.6555254441433307,68.29268292682927,9.75609756097561,9.75609756097561,12.195121951219512,31.707317073170728,2.3076923076923075,69.23076923076923,38.46153846153847,86.66666666666667,62.30080937634759,5.991873550481685
7.0,8,2021,109,0.9724770642201835,2.0270132517838944,55.04587155963303,17.431192660550458,13.761467889908257,13.761467889908257,44.95412844036697,2.163265306122449,61.224489795918366,30.612244897959183,82.0754716981132,51.75354977740878,3.29232178222425
7.0,8,2022,278,0.8201438848920863,1.5487624340960442,55.75539568345324,23.741007194244602,11.151079136690647,9.352517985611511,44.24460431654676,1.853658536585366,46.34146341463415,21.138211382113823,71.05263157894737,55.605616968795935,0.14977871465730042
7.0,8,2023,96,0.8645833333333334,1.5709429824561405,48.95833333333333,31.25,12.5,7.291666666666667,51.04166666666667,1.6938775510204083,38.775510204081634,14.285714285714285,63.855421686746986,53.15441834993783,-4.196085016604495
7.0,8,2024,86,0.6511627906976745,1.3357045143638855,66.27906976744185,16.27906976744186,10.465116279069768,6.976744186046512,33.720930232558146,1.9310344827586208,51.724137931034484,20.689655172413794,75.0,64.08121439740559,2.1978553700362724
7.0,8,2025,82,0.9390243902439024,1.5641373080397472,50.0,24.390243902439025,15.853658536585366,9.75609756097561,50.0,1.8780487804878048,51.21951219512195,19.51219512195122,74.02597402597402,48.6877890467609,1.3122109532391013
7.0,9,2021,109,0.6697247706422018,1.8158341828066595,67.88990825688074,17.431192660550458,6.422018348623854,8.256880733944955,32.11009174311926,2.085714285714286,45.714285714285715,25.71428571428571,73.97260273972603,67.68221531116761,0.2076929457131227
7.0,9,2022,278,0.7446043165467626,1.880385943952419,66.54676258992805,13.66906474820144,10.071942446043165,9.712230215827338,33.45323741007194,2.225806451612903,59.13978494623656,29.03225806451613,81.64251207729468,63.62172563612953,2.925036953798521
7.0,9,2023,96,0.5520833333333334,0.9025219298245615,68.75,14.583333333333334,10.416666666666668,6.25,31.25,1.7666666666666666,53.333333333333336,20.0,73.58490566037736,65.21506054812532,3.5349394518746746
7.0,9,2024,86,0.5,1.5,77.90697674418605,10.465116279069768,4.651162790697675,6.976744186046512,22.093023255813947,2.263157894736842,52.63157894736842,31.57894736842105,79.06976744186046,75.98356856515926,1.9234081790267976
7.0,9,2025,82,0.5853658536585366,1.603733815115929,69.51219512195121,18.29268292682927,7.317073170731707,4.878048780487805,30.487804878048784,1.92,40.0,16.0,68.75,71.24004400367622,-1.7278488817250026
7.5,1,2021,269,0.9219330855018587,1.7737335626699218,53.159851301115246,22.676579925650557,13.382899628252787,10.780669144981413,46.840148698884754,1.9682539682539681,51.587301587301596,23.015873015873016,75.40322580645162,52.050494101498124,1.1093571996171225
7.5,1,2022,478,0.9205020920502092,1.6582370639369142,51.88284518828452,25.10460251046025,10.87866108786611,12.133891213389122,48.11715481171548,1.9130434782608696,47.82608695652174,25.217391304347824,72.72727272727273,50.863474432660595,1.0193707556239273
7.5,1,2023,275,0.8218181818181818,1.3367485069674852,54.90909090909091,22.181818181818183,14.181818181818182,8.727272727272728,45.09090909090909,1.8225806451612903,50.806451612903224,19.35483870967742,73.00884955752213,52.83139050120518,2.0777004078857297
7.5,1,2024,366,0.8469945355191257,1.7463882027097835,58.7431693989071,18.579234972677597,11.202185792349727,11.475409836065573,41.2568306010929,2.052980132450331,54.966887417218544,27.81456953642384,78.06451612903226,56.147565632841946,2.5956037660651576
7.5,1,2025,224,0.90625,1.9956558295964126,54.91071428571429,23.660714285714285,9.821428571428571,11.607142857142858,45.08928571428571,2.00990099009901,47.524752475247524,25.742574257425744,73.89162561576354,55.14918738783698,-0.2384731021226938
7.5,2,2021,269,0.8550185873605948,1.8035288242800864,58.36431226765799,18.95910780669145,12.639405204460965,10.037174721189592,41.63568773234201,2.0535714285714284,54.46428571428571,24.107142857142858,77.82608695652173,56.25561104752877,2.1087012201292277
7.5,2,2022,478,0.7343096234309623,1.3233906125277404,59.41422594142259,22.17573221757322,9.414225941422593,8.99581589958159,40.58577405857741,1.809278350515464,45.36082474226804,22.164948453608247,69.8005698005698,58.32401478559134,1.0902111558312555
7.5,2,2023,275,0.8872727272727273,2.0054943596549437,56.72727272727273,21.454545454545453,8.727272727272728,13.090909090909092,43.27272727272727,2.0504201680672267,50.42016806722689,30.252100840336134,75.81967213114754,56.319715116073375,0.4075576111993495
7.5,2,2024,366,0.9371584699453552,2.415218204955461,55.73770491803278,22.404371584699454,10.92896174863388,10.92896174863388,44.26229508196722,2.117283950617284,49.382716049382715,24.691358024691358,76.0932944606414,56.976769329377795,-1.2390644113450144
7.5,2,2025,224,0.7410714285714286,1.4393818065342725,60.26785714285714,20.535714285714285,12.5,6.696428571428571,39.73214285714286,1.8651685393258426,48.31460674157304,16.853932584269664,72.28915662650603,59.32717307053576,0.940684072321385
7.5,3,2021,269,0.7955390334572491,1.596099428508018,57.249070631970255,24.1635687732342,9.293680297397769,9.293680297397769,42.750929368029745,1.8608695652173912,43.47826086956522,21.73913043478261,69.62616822429906,57.668566776083566,-0.41949614411330716
7.5,3,2022,478,0.9079497907949791,1.886687192442304,55.02092050209205,22.17573221757322,11.297071129707113,11.506276150627615,44.97907949790795,2.0186046511627906,50.697674418604656,25.581395348837212,75.57603686635944,54.00813696241812,1.0127835396739338
7.5,3,2023,275,1.0727272727272728,2.220968812209688,52.0,18.90909090909091,12.727272727272727,16.363636363636363,48.0,2.234848484848485,60.60606060606061,34.090909090909086,82.37288135593221,48.223431985748796,3.7765680142512084
7.5,3,2024,366,0.8743169398907104,1.5512837787259524,55.46448087431693,19.672131147540984,14.48087431693989,10.382513661202186,44.53551912568307,1.9631901840490797,55.828220858895705,23.31288343558282,77.5,52.336450259001424,3.1280306153155135
7.5,3,2025,224,0.8392857142857143,1.6153106982703394,58.92857142857143,18.303571428571427,10.714285714285714,12.053571428571429,41.07142857142857,2.0434782608695654,55.434782608695656,29.347826086956523,78.19148936170212,55.19477341493321,3.733798013638223
7.5,4,2021,269,0.9553903345724907,1.9159130000554845,54.27509293680297,20.074349442379184,13.382899628252787,12.267657992565056,45.72490706319703,2.089430894308943,56.09756097560976,26.82926829268293,78.98832684824903,51.621254135760516,2.653838801042452
7.5,4,2022,478,0.8430962343096234,1.826482636421849,58.36820083682008,21.338912133891213,8.99581589958159,11.297071129707113,41.63179916317992,2.0251256281407035,48.743718592964825,27.1356783919598,74.68982630272953,57.19019859215086,1.1780022446692295
7.5,4,2023,275,1.0363636363636364,2.3490378234903786,52.36363636363637,21.09090909090909,13.454545454545455,13.090909090909092,47.63636363636363,2.1755725190839694,55.72519083969466,27.480916030534353,79.64912280701755,51.19464680483784,1.1689895587985277
7.5,4,2024,366,0.9043715846994536,2.0100082341492627,57.650273224043715,19.672131147540984,9.836065573770492,12.841530054644808,42.349726775956285,2.1354838709677417,53.5483870967742,30.32258064516129,78.24773413897282,55.38844119243345,2.261832031610267
7.5,4,2025,224,0.9107142857142857,1.597373478539398,54.46428571428571,19.642857142857142,13.839285714285715,12.053571428571429,45.53571428571429,2.0,56.86274509803921,26.47058823529412,78.43137254901961,50.72807705342325,3.736208660862461
7.5,5,2021,269,0.724907063197026,1.5285191144648502,62.45353159851301,17.472118959107807,13.011152416356877,7.063197026022305,37.54646840148699,1.9306930693069306,53.46534653465347,18.81188118811881,75.8974358974359,61.39606448901923,1.0574671094937815
7.5,5,2022,478,0.9769874476987448,2.3034525407226125,56.27615062761506,19.665271966527197,9.832635983263598,14.225941422594143,43.72384937238494,2.2344497607655502,55.02392344497608,32.535885167464116,79.87152034261241,53.94628636995549,2.329864257659575
7.5,5,2023,275,1.0,2.5985401459854014,60.0,14.181818181818182,8.363636363636363,17.454545454545457,40.0,2.5,64.54545454545455,43.63636363636363,85.81818181818181,55.024662574612485,4.975337425387516
7.5,5,2024,366,1.0437158469945356,2.250138483419418,51.91256830601093,20.21857923497268,13.934426229508196,13.934426229508196,48.08743169398907,2.1704545454545454,57.95454545454546,28.97727272727273,80.6282722513089,49.974743486330986,1.9378248196799452
7.5,5,2025,224,0.9910714285714286,1.6949871877001919,50.0,22.767857142857142,14.285714285714285,12.946428571428573,50.0,1.9821428571428572,54.46428571428571,25.892857142857146,77.02702702702703,47.29259484117082,2.707405158829185
7.5,6,2021,269,0.966542750929368,2.099622704322255,54.27509293680297,19.702602230483272,13.754646840148698,12.267657992565056,45.72490706319703,2.113821138211382,56.91056910569105,26.82926829268293,79.61538461538461,52.74910669204777,1.5259862447552064
7.5,6,2022,477,0.9266247379454927,1.971495516445572,55.55555555555556,19.28721174004193,11.949685534591195,13.20754716981132,44.44444444444444,2.0849056603773586,56.60377358490566,29.71698113207547,79.18552036199095,53.77141012844153,1.7841454271140256
7.5,6,2023,275,0.9418181818181818,2.1352886529528865,58.909090909090914,16.363636363636363,10.181818181818182,14.545454545454545,41.090909090909086,2.2920353982300883,60.17699115044248,35.39823008849557,82.62548262548262,54.42394141344755,4.485149495643359
7.5,6,2024,366,0.9262295081967213,1.7178306759487987,53.825136612021865,20.21857923497268,14.207650273224044,11.748633879781421,46.174863387978135,2.0059171597633134,56.213017751479285,25.443786982248522,78.17109144542773,51.200029068077,2.62510754394486
7.5,6,2025,224,0.8125,1.4983183856502242,58.48214285714286,19.642857142857142,11.160714285714286,10.714285714285714,41.51785714285714,1.956989247311828,52.68817204301075,25.806451612903224,75.82417582417582,55.48355957401374,2.9985832831291193
7.5,7,2021,269,1.1226765799256506,2.3841480330688563,49.814126394052046,20.817843866171003,13.754646840148698,15.613382899628252,50.18587360594795,2.237037037037037,58.51851851851851,31.11111111111111,81.45695364238411,47.11927011730136,2.694856276750679
7.5,7,2022,476,0.9159663865546218,1.6308182220256524,53.36134453781513,22.058823529411764,12.815126050420167,11.76470588235294,46.63865546218487,1.9639639639639639,52.702702702702695,25.225225225225223,75.91743119266054,50.81209909820371,2.549245439611414
7.5,7,2023,275,0.9309090909090909,2.108347710683477,53.090909090909086,24.727272727272727,11.636363636363637,10.545454545454545,46.909090909090914,1.9844961240310077,47.286821705426355,22.48062015503876,73.4375,54.78922999357412,-1.6983209026650292
7.5,7,2024,366,0.8633879781420765,1.9210120518002847,59.2896174863388,18.30601092896175,11.475409836065573,10.92896174863388,40.7103825136612,2.120805369127517,55.033557046979865,26.845637583892618,78.79746835443038,56.91118828455019,2.378429201788601
7.5,7,2025,224,0.8660714285714286,1.3810858424087125,53.57142857142857,22.321428571428573,13.392857142857142,10.714285714285714,46.42857142857143,1.8653846153846154,51.92307692307693,23.076923076923077,74.22680412371135,50.67932579033022,2.892102781098349
7.5,8,2021,268,0.917910447761194,2.1580300743473644,55.970149253731336,21.641791044776117,10.44776119402985,11.940298507462686,44.029850746268664,2.0847457627118646,50.847457627118644,27.11864406779661,76.42276422764228,55.94498882269093,0.025160431040405218
7.5,8,2022,476,0.8151260504201681,1.7973286156567894,57.98319327731093,21.638655462184875,11.76470588235294,8.61344537815126,42.01680672268907,1.94,48.5,20.5,73.45360824742268,58.57312519400351,-0.5899319166925765
7.5,8,2023,275,1.08,2.2563503649635037,52.0,19.272727272727273,11.636363636363637,17.09090909090909,48.0,2.25,59.84848484848485,35.60606060606061,82.15488215488216,48.164144219019825,3.8358557809801743
7.5,8,2024,366,0.9371584699453552,2.13576615016094,56.284153005464475,19.12568306010929,12.568306010928962,12.021857923497267,43.715846994535525,2.14375,56.25,27.500000000000004,79.59183673469387,54.68517936645857,1.5989736390059073
7.5,8,2025,224,0.7678571428571429,1.7664958360025622,62.5,17.857142857142858,11.160714285714286,8.482142857142858,37.5,2.0476190476190474,52.38095238095239,22.61904761904762,76.74418604651163,61.146452425340236,1.3535475746597636
7.5,9,2021,268,0.6753731343283582,1.373623455754933,64.55223880597015,17.91044776119403,9.701492537313433,7.835820895522389,35.447761194029844,1.9052631578947368,49.473684210526315,22.105263157894736,73.48066298342542,62.891042356650814,1.6611964493193354
7.5,9,2022,475,0.6547368421052632,1.369993337774817,66.3157894736842,16.842105263157894,8.631578947368421,8.210526315789474,33.684210526315795,1.94375,50.0,24.375,74.27652733118971,64.24233165750091,2.0734578161832884
7.5,9,2023,275,0.7127272727272728,1.5996549435965495,64.36363636363637,17.454545454545457,9.818181818181818,8.363636363636363,35.63636363636363,2.0,51.02040816326531,23.46938775510204,75.51020408163265,62.93740402101902,1.4262323426173507
7.5,9,2024,365,0.6493150684931507,1.3052536504591299,66.3013698630137,16.986301369863014,7.9452054794520555,8.767123287671232,33.698630136986296,1.9268292682926829,49.59349593495935,26.01626016260163,73.83966244725738,63.839620190986956,2.4617496720267473
7.5,9,2025,224,0.6026785714285714,1.182234945547726,66.07142857142857,17.857142857142858,10.714285714285714,5.357142857142857,33.92857142857143,1.7763157894736843,47.368421052631575,15.789473684210526,70.37037037037037,65.55555015618908,0.5158784152394791
8.0,1,2021,363,1.118457300275482,2.2980838013484925,47.107438016528924,24.793388429752067,12.121212121212121,15.977961432506888,52.892561983471076,2.1145833333333335,53.125,30.208333333333332,77.83251231527093,46.59559834436943,0.5118396721594975
8.0,1,2022,443,0.909706546275395,1.878706474776054,56.43340857787811,20.54176072234763,9.255079006772009,13.769751693002258,43.56659142212189,2.088082901554404,52.84974093264248,31.606217616580313,77.41935483870968,53.82861155747845,2.6047970203996518
8.0,1,2023,372,0.9139784946236559,1.9602353418543315,55.64516129032258,21.236559139784948,11.021505376344086,12.096774193548388,44.35483870967742,2.0606060606060606,52.121212121212125,27.27272727272727,76.76470588235294,54.37814857970383,1.2670127106187423
8.0,1,2024,589,0.9592529711375212,1.8928946790940482,53.65025466893039,20.0339558573854,13.582342954159593,12.73344651952462,46.34974533106961,2.06959706959707,56.776556776556774,27.472527472527474,79.11504424778761,51.17611209396898,2.474142574961402
8.0,1,2025,379,0.9868073878627969,2.2194022141251692,51.71503957783641,24.80211081794195,10.554089709762533,12.928759894459102,48.28496042216359,2.0437158469945356,48.63387978142077,26.775956284153008,74.8663101604278,52.71157909964246,-0.9965395218060502
8.0,2,2021,363,0.8292011019283747,1.7387029511590033,58.40220385674931,21.21212121212121,8.539944903581267,11.84573002754821,41.59779614325069,1.9933774834437086,49.00662251655629,28.47682119205298,74.4186046511628,57.134656916181015,1.2675469405682982
8.0,2,2022,443,0.8216704288939052,1.8165429047118065,60.722347629796836,18.284424379232505,9.706546275395034,11.286681715575622,39.277652370203164,2.0919540229885056,53.44827586206896,28.735632183908045,77.74725274725274,58.36898815326189,2.353359476534944
8.0,2,2023,372,0.9758064516129032,2.4711112077210675,56.98924731182796,19.623655913978492,9.946236559139784,13.440860215053762,43.01075268817204,2.26875,54.37499999999999,31.25,79.88980716253444,55.339620772104546,1.6496265397234144
8.0,2,2024,589,0.9151103565365025,1.8363189078687505,55.178268251273344,19.69439728353141,13.582342954159593,11.544991511035652,44.821731748726656,2.0416666666666665,56.060606060606055,25.757575757575758,78.4786641929499,53.09268232300918,2.0855859282641664
8.0,2,2025,379,0.8073878627968337,1.5844955396406584,58.31134564643799,21.372031662269126,10.554089709762533,9.762532981530343,41.68865435356201,1.9367088607594938,48.734177215189874,23.417721518987342,73.52941176470588,56.80387229820337,1.5074733482346225
8.0,3,2021,363,0.9944903581267218,2.0110192837465566,53.71900826446281,19.28374655647383,12.672176308539946,14.325068870523417,46.28099173553719,2.1488095238095237,58.333333333333336,30.952380952380953,80.60941828254848,50.403755540772586,3.3152527236902207
8.0,3,2022,443,0.8893905191873589,1.6823079987334402,54.627539503386004,21.896162528216703,13.092550790067719,10.383747178329571,45.372460496613996,1.9601990049751243,51.741293532338304,22.885572139303484,75.38071065989848,52.948173295192746,1.6793662081932559
8.0,3,2023,372,1.075268817204301,2.404022838593746,53.2258064516129,19.086021505376344,11.021505376344086,16.666666666666664,46.7741935483871,2.2988505747126435,59.195402298850574,35.63218390804598,82.25,49.65398158328195,3.571824868330953
8.0,3,2024,589,0.9286926994906621,1.845246757446612,53.82003395585738,22.75042444821732,11.03565365025467,12.39388794567063,46.17996604414262,2.011029411764706,50.73529411764706,26.838235294117645,75.50274223034735,52.40982364416995,1.410210311687432
8.0,3,2025,379,0.899736147757256,1.8523544275523167,55.4089709762533,21.899736147757256,11.345646437994723,11.345646437994723,44.5910290237467,2.0177514792899407,50.887573964497044,25.443786982248522,75.65982404692082,54.13752446194879,1.2714465143045084
8.0,4,2021,363,0.9504132231404959,1.9036117072279806,54.54545454545454,21.21212121212121,10.46831955922865,13.774104683195592,45.45454545454546,2.090909090909091,53.333333333333336,30.303030303030305,77.68115942028986,51.77623963286068,2.7692149125938648
8.0,4,2022,443,0.9571106094808126,2.3488350714482706,55.75620767494357,21.896162528216703,9.480812641083523,12.866817155756207,44.24379232505643,2.163265306122449,50.51020408163265,29.081632653061224,77.12264150943396,55.38171363673838,0.37449403820518645
8.0,4,2023,372,0.9193548387096774,1.8047995826449874,54.03225806451613,21.774193548387096,12.096774193548388,12.096774193548388,45.96774193548387,2.0,52.63157894736842,26.31578947368421,76.3157894736842,52.5248219048657,1.5074361596504215
8.0,4,2024,589,0.9830220713073005,2.067738470600464,54.49915110356537,20.37351443123939,10.69609507640068,14.431239388794568,45.50084889643463,2.16044776119403,55.223880597014926,31.716417910447763,79.27461139896373,51.55988245137766,2.93926865218771
8.0,4,2025,379,0.9841688654353562,1.8039815163825719,50.65963060686016,25.065963060686013,8.970976253298153,15.303430079155673,49.34036939313984,1.9946524064171123,49.19786096256685,31.016042780748666,74.53083109919571,48.874245412426696,1.7853851944334642
8.0,5,2021,363,1.1487603305785123,2.386649011460664,47.38292011019284,23.69146005509642,11.570247933884298,17.355371900826448,52.61707988980716,2.183246073298429,54.973821989528794,32.98429319371728,79.37649880095923,45.86340913146056,1.5195109787322802
8.0,5,2022,443,0.8623024830699775,1.734390161690653,54.401805869074494,24.153498871331827,12.18961625282167,9.255079006772009,45.598194130925506,1.891089108910891,47.02970297029702,20.2970297029703,71.98952879581152,55.11104226371744,-0.7092363946429425
8.0,5,2023,372,0.967741935483871,2.0528649682636293,55.91397849462365,18.010752688172044,12.096774193548388,13.978494623655912,44.08602150537635,2.1951219512195124,59.14634146341463,31.70731707317073,81.38888888888889,52.25459005820843,3.659388436415223
8.0,5,2024,589,1.0016977928692699,2.09013316701893,52.29202037351443,23.599320882852293,9.67741935483871,14.431239388794568,47.70797962648557,2.099644128113879,50.5338078291815,30.2491103202847,76.44067796610169,50.75976972423793,1.532250649276512
8.0,5,2025,379,1.007915567282322,2.3994080775083417,53.825857519788926,21.372031662269126,11.609498680738787,13.192612137203167,46.174142480211074,2.182857142857143,53.714285714285715,28.57142857142857,78.79581151832461,53.08788256164526,0.7379749581436612
8.0,6,2021,363,0.931129476584022,1.76043711854862,54.82093663911846,20.110192837465565,11.294765840220386,13.774104683195592,45.17906336088154,2.0609756097560976,55.487804878048784,30.48780487804878,78.40236686390533,51.38268609768259,3.438250541435872
8.0,6,2022,443,0.9255079006772009,2.1460220830822343,56.659142212189614,19.63882618510158,11.738148984198645,11.963882618510159,43.340857787810386,2.1354166666666665,54.6875,27.604166666666668,78.78048780487805,55.419461690832016,1.2396805213576
8.0,6,2023,372,1.021505376344086,1.7892936846071361,48.38709677419355,25.268817204301076,13.172043010752688,13.172043010752688,51.61290322580645,1.9791666666666667,51.041666666666664,25.520833333333332,75.26315789473684,46.681865898033614,1.7052308761599355
8.0,6,2024,588,0.9285714285714286,1.8517887563884152,54.421768707483,20.578231292517007,13.435374149659864,11.564625850340136,45.578231292517,2.037313432835821,54.850746268656714,25.37313432835821,77.83882783882784,52.483418432533334,1.9383502749496628
8.0,6,2025,379,0.9630606860158312,2.1785260571540257,55.4089709762533,20.844327176781004,9.498680738786279,14.24802110817942,44.5910290237467,2.1597633136094676,53.25443786982249,31.952662721893493,78.35616438356165,53.639475986957265,1.7694949892960388
8.0,7,2021,363,0.9393939393939394,1.841620626151013,54.54545454545454,20.385674931129476,12.672176308539946,12.396694214876034,45.45454545454546,2.066666666666667,55.15151515151515,27.27272727272727,78.2991202346041,51.766923197943726,2.7785313475108153
8.0,7,2022,443,0.9142212189616253,1.8433040866980583,56.884875846501124,18.961625282167045,9.932279909706546,14.221218961625281,43.115124153498876,2.1204188481675392,56.02094240837696,32.98429319371728,79.25925925925925,53.21468811917376,3.6701877273273675
8.0,7,2023,372,0.9435483870967742,2.263650986870707,58.602150537634415,16.93548387096774,10.21505376344086,14.24731182795699,41.397849462365585,2.279220779220779,59.09090909090909,34.41558441558442,82.05128205128206,55.423713782634785,3.178436754999625
8.0,7,2024,588,0.891156462585034,1.7632606705373806,55.952380952380956,20.918367346938776,11.054421768707483,12.074829931972788,44.047619047619044,2.023166023166023,52.509652509652504,27.413127413127413,76.52671755725191,53.7186218335035,2.233759118877454
8.0,7,2025,378,0.8888888888888888,2.215738284703802,58.46560846560847,19.576719576719576,10.582010582010582,11.375661375661375,41.53439153439153,2.140127388535032,52.86624203821656,27.388535031847134,77.97619047619048,58.04796783917233,0.4176406264361332
8.0,8,2021,363,1.0853994490358128,2.7081564007731767,53.71900826446281,17.90633608815427,13.498622589531681,14.87603305785124,46.28099173553719,2.3452380952380953,61.30952380952381,32.142857142857146,83.50253807106598,51.490149104247784,2.2288591602150243
8.0,8,2022,443,1.0428893905191874,2.240237786380397,52.144469525959366,20.090293453724605,13.769751693002258,13.99548532731377,47.855530474040634,2.1792452830188678,58.01886792452831,29.245283018867923,80.73593073593074,49.93156145531052,2.2129080706488446
8.0,8,2023,372,0.9919354838709677,2.1643552734544818,53.494623655913976,19.623655913978492,14.516129032258066,12.365591397849462,46.505376344086024,2.132947976878613,57.80346820809249,26.589595375722542,80.21680216802169,51.9552250726707,1.5393985832432788
8.0,8,2024,588,0.9149659863945578,2.0302356036111213,56.12244897959183,20.408163265306122,12.244897959183673,11.224489795918368,43.87755102040817,2.0852713178294575,53.48837209302325,25.581395348837212,77.69516728624535,54.97602738892926,1.1464215906625719
8.0,8,2025,378,0.9417989417989417,1.7790970204763308,55.026455026455025,19.31216931216931,11.375661375661375,14.285714285714285,44.973544973544975,2.0941176470588236,57.05882352941176,31.76470588235294,79.49438202247191,50.97600212160549,4.050452904849533
8.0,9,2021,363,0.5674931129476584,1.096951432963487,68.04407713498622,17.63085399449036,8.539944903581267,5.785123966942149,31.955922865013775,1.7758620689655173,44.827586206896555,18.103448275862068,68.93203883495146,66.97297968013189,1.0710974548543417
8.0,9,2022,442,0.6628959276018099,1.4212505515026523,65.61085972850678,17.420814479638008,9.276018099547512,7.6923076923076925,34.38914027149321,1.9276315789473684,49.34210526315789,22.36842105263158,73.72013651877133,64.27919717786999,1.3316625506367918
8.0,9,2023,372,0.739247311827957,1.5841158739819727,62.096774193548384,20.161290322580644,7.258064516129033,10.483870967741936,37.903225806451616,1.950354609929078,46.808510638297875,27.659574468085108,72.72727272727273,61.080275326051506,1.0164988674968845
8.0,9,2024,588,0.6972789115646258,1.6731101299122717,63.775510204081634,20.238095238095237,8.843537414965986,7.142857142857142,36.224489795918366,1.9248826291079812,44.13145539906103,19.718309859154928,70.97560975609755,64.6561904228569,-0.8806802187752649
8.0,9,2025,378,0.671957671957672,1.6056306401133984,67.46031746031747,15.343915343915343,8.73015873015873,8.465608465608465,32.53968253968254,2.065040650406504,52.84552845528455,26.01626016260163,77.16535433070867,65.62225573027689,1.8380617300405744
8.5,1,2021,526,1.070342205323194,2.1645663588629365,50.950570342205324,19.96197718631179,14.068441064638785,15.019011406844108,49.049429657794676,2.182170542635659,59.30232558139535,30.620155038759687,81.34991119005329,47.83904915235751,3.1115211898478154
8.5,1,2022,506,1.1027667984189724,2.417140844519235,50.0,22.33201581027668,13.83399209486166,13.83399209486166,50.0,2.205533596837945,55.33596837944664,27.66798418972332,79.74910394265233,48.37997765928819,1.620022340711813
8.5,1,2023,628,1.1114649681528663,2.2554983289143533,49.84076433121019,21.17834394904459,12.420382165605096,16.560509554140125,50.15923566878981,2.215873015873016,57.77777777777777,33.01587301587301,80.94555873925502,46.57144417224253,3.269320158967659
8.5,1,2024,733,1.024556616643929,2.0212540722683188,52.796725784447474,18.69031377899045,14.32469304229195,14.188267394270124,47.203274215552526,2.1705202312138727,60.40462427745664,30.057803468208093,81.75765645805592,48.88978907295043,3.9069367114970444
8.5,1,2025,478,0.9288702928870293,1.6762716770611301,52.30125523012552,24.05857740585774,10.0418410041841,13.598326359832635,47.69874476987448,1.9473684210526316,49.56140350877193,28.50877192982456,74.09909909909909,50.58528489706088,1.7159703330646425
8.5,2,2021,526,0.8992395437262357,1.9307803729856958,57.414448669201526,19.771863117870723,10.456273764258556,12.357414448669202,42.585551330798474,2.111607142857143,53.57142857142857,29.017857142857146,78.01268498942918,54.93570499534327,2.4787436738582524
8.5,2,2022,506,0.9841897233201581,2.047274292646656,52.17391304347826,23.715415019762844,10.474308300395258,13.636363636363635,47.82608695652174,2.0578512396694215,50.413223140495866,28.512396694214875,75.90361445783132,51.305716585938164,0.8681964575400936
8.5,2,2023,628,0.9378980891719745,1.9147974888001709,54.77707006369427,21.337579617834397,10.35031847133758,13.535031847133757,45.22292993630573,2.073943661971831,52.816901408450704,29.929577464788732,77.24957555178268,52.5882650244605,2.1888050392337655
8.5,2,2024,733,0.8485675306957708,1.8636489015126103,58.52660300136425,20.327421555252386,10.231923601637108,10.914051841746248,41.47339699863575,2.0460526315789473,50.98684210526315,26.31578947368421,76.04501607717042,57.23010938592845,1.2964936154358009
8.5,2,2025,478,0.8200836820083682,1.535696429041341,57.11297071129707,22.384937238493723,9.205020920502092,11.297071129707113,42.88702928870293,1.9121951219512194,47.80487804878049,26.34146341463415,72.70408163265306,55.45649888024009,1.6564718310569826
8.5,3,2021,526,1.0608365019011408,2.6058156798841203,54.562737642585546,17.870722433460077,12.927756653992395,14.638783269961978,45.437262357414454,2.3347280334728033,60.66945606694561,32.21757322175732,83.15412186379929,51.96442264010965,2.5983150024758928
8.5,3,2022,506,1.1383399209486167,2.4006261495714787,49.01185770750988,21.14624505928854,13.24110671936759,16.600790513833992,50.98814229249011,2.2325581395348837,58.52713178294574,32.55813953488372,81.42361111111111,46.48782811445912,2.5240295930507637
8.5,3,2023,628,1.0764331210191083,2.1695872570830668,50.0,21.337579617834397,13.21656050955414,15.445859872611464,50.0,2.1528662420382165,57.324840764331206,30.89171974522293,80.1775147928994,47.57253627177608,2.427463728223916
8.5,3,2024,733,1.0641200545702592,2.4180141495016363,51.15961800818554,21.00954979536153,14.461118690313779,13.369713506139155,48.84038199181446,2.17877094972067,56.98324022346368,27.37430167597765,80.25641025641026,50.334061689085296,0.8255563191002402
8.5,3,2025,478,1.0648535564853556,2.45909756760787,53.13807531380753,19.03765690376569,12.97071129707113,14.853556485355648,46.86192468619247,2.2723214285714284,59.375,31.69642857142857,82.12180746561886,50.627164137878225,2.510911175929309
8.5,4,2021,526,1.0456273764258555,2.3217237008872,51.52091254752852,23.193916349809886,10.456273764258556,14.82889733840304,48.47908745247148,2.156862745098039,52.156862745098046,30.58823529411765,77.81818181818181,50.48726778675976,1.0336447607687593
8.5,4,2022,506,0.924901185770751,1.7210816733847296,53.55731225296443,22.92490118577075,10.276679841897234,13.24110671936759,46.44268774703557,1.9914893617021276,50.638297872340424,28.510638297872344,75.21367521367522,51.312000828740246,2.2453114242241834
8.5,4,2023,628,0.9299363057324841,1.8164548603703814,54.45859872611465,20.85987261146497,12.101910828025478,12.579617834394904,45.54140127388535,2.041958041958042,54.1958041958042,27.62237762237762,77.56849315068493,52.04250263229895,2.4160960938157006
8.5,4,2024,733,1.0600272851296044,2.09202021783374,50.068212824010914,21.55525238744884,13.506139154160982,14.870395634379264,49.931787175989086,2.122950819672131,56.830601092896174,29.78142076502732,79.66537966537966,47.70086134489778,2.3673514791131334
8.5,4,2025,478,1.00418410041841,2.2222046788242413,52.928870292887034,22.80334728033473,10.0418410041841,14.225941422594143,47.071129707112966,2.1333333333333333,51.55555555555556,30.22222222222222,77.29166666666667,51.808685722681815,1.1201845702052182
8.5,5,2021,526,1.1711026615969582,2.4582871627738547,46.00760456273764,23.954372623574145,14.82889733840304,15.209125475285171,53.99239543726235,2.1690140845070425,55.633802816901415,28.169014084507044,79.54545454545455,45.3808161362566,0.6267884264810453
8.5,5,2022,506,1.098814229249012,2.4337807693812863,51.38339920948617,20.158102766798418,12.055335968379447,16.40316205533597,48.61660079051383,2.2601626016260163,58.536585365853654,33.739837398373986,81.65467625899281,48.713159334109044,2.6702398753771286
8.5,5,2023,628,1.0382165605095541,2.301567468178263,52.07006369426752,20.222929936305732,13.694267515923567,14.012738853503185,47.92993630573248,2.166112956810631,57.80730897009967,29.2358803986711,80.52147239263803,50.70111738083929,1.368946313428232
8.5,5,2024,733,0.956343792633015,2.1265068324648313,55.7980900409277,20.327421555252386,10.641200545702592,13.233287858117325,44.2019099590723,2.1635802469135803,54.01234567901234,29.938271604938272,78.74465049928673,53.548258759192414,2.2498312817352817
8.5,5,2025,478,0.9414225941422594,1.807882248712753,53.97489539748954,20.0836820083682,13.807531380753138,12.133891213389122,46.02510460251046,2.0454545454545454,56.36363636363636,26.36363636363636,78.66666666666667,51.30186468367112,2.673030713818425
8.5,6,2021,526,1.0475285171102662,2.1710700706137964,52.09125475285171,19.771863117870723,13.688212927756654,14.44866920152091,47.90874524714829,2.1865079365079363,58.730158730158735,30.158730158730158,81.12522686025409,49.07721414238261,3.014040610469104
8.5,6,2022,505,0.9742574257425742,2.152113782806852,54.25742574257426,20.792079207920793,11.881188118811881,13.06930693069307,45.74257425742574,2.1298701298701297,54.54545454545454,28.57142857142857,78.65853658536585,52.79985087081134,1.4575748717629233
8.5,6,2023,627,1.0047846889952152,1.9632358561230259,51.674641148325364,21.371610845295056,13.556618819776714,13.397129186602871,48.325358851674636,2.0792079207920793,55.775577557755774,27.722772277227726,78.73015873015873,49.38313958476084,2.291501563564524
8.5,6,2024,733,1.0641200545702592,2.4808556795562806,53.34242837653479,19.508867667121418,11.596180081855389,15.552523874488402,46.65757162346521,2.280701754385965,58.187134502923975,33.33333333333333,81.66666666666667,50.837054847113386,2.5053735294214063
8.5,6,2025,478,1.110878661087866,2.346170714805751,49.163179916317986,22.384937238493723,14.644351464435147,13.807531380753138,50.836820083682014,2.185185185185185,55.96707818930041,27.160493827160494,79.84934086629002,47.384152490598524,1.779027425719465
8.5,7,2021,526,0.8897338403041825,1.7668658337859862,54.94296577946768,22.623574144486692,11.406844106463879,11.02661596958175,45.05703422053232,1.9746835443037976,49.789029535864984,24.47257383966245,74.57264957264957,53.83950229697129,1.1034634824963918
8.5,7,2022,504,0.9087301587301587,1.7013948057685633,53.769841269841265,21.626984126984127,14.484126984126986,10.119047619047619,46.230158730158735,1.9656652360515021,53.21888412017167,21.888412017167383,76.20087336244542,52.02922451950922,1.7406167503320469
8.5,7,2023,627,1.0111642743221692,2.2890125400634904,54.54545454545454,19.138755980861244,12.121212121212121,14.19457735247209,45.45454545454546,2.2245614035087717,57.89473684210527,31.2280701754386,81.07255520504732,52.01041995029583,2.535034595158714
8.5,7,2024,733,0.9072305593451568,1.964059669447364,57.43519781718963,19.236016371077763,10.504774897680765,12.824010914051842,42.56480218281037,2.1314102564102564,54.807692307692314,30.128205128205128,78.796992481203,54.7972637657694,2.637934051420232
8.5,7,2025,477,0.9245283018867925,1.8766449976216901,56.60377358490566,17.61006289308176,13.836477987421384,11.949685534591195,43.39622641509434,2.130434782608696,59.42028985507246,27.536231884057973,80.95238095238095,52.963826468272444,3.639947116633213
8.5,8,2021,524,0.9770992366412213,2.1983273247412902,56.10687022900763,18.702290076335878,11.83206106870229,13.358778625954198,43.89312977099237,2.226086956521739,57.391304347826086,30.434782608695656,80.859375,53.051274717559,3.055595511448639
8.5,8,2022,504,0.9087301587301587,1.8485121019912274,56.547619047619044,17.857142857142858,14.484126984126986,11.11111111111111,43.452380952380956,2.0913242009132422,58.9041095890411,25.570776255707763,80.34934497816595,53.58197060035575,2.9656484472632916
8.5,8,2023,627,0.9681020733652312,2.3855623665611896,57.41626794258373,17.862838915470494,11.323763955342903,13.397129186602871,42.58373205741627,2.2734082397003745,58.052434456928836,31.46067415730337,81.54859967051071,55.08443593913348,2.3318320034502515
8.5,8,2024,732,0.9467213114754098,1.7823832163441051,52.322404371584696,23.497267759562842,11.612021857923498,12.568306010928962,47.677595628415304,1.9856733524355301,50.71633237822349,26.36103151862464,75.18037518037518,50.73275735408729,1.5896470174974087
8.5,8,2025,475,0.9326315789473684,1.8773084610259827,56.21052631578948,17.473684210526315,14.315789473684209,12.0,43.78947368421052,2.1298076923076925,60.09615384615385,27.403846153846157,81.26410835214448,52.511658108697326,3.698868207092154
8.5,9,2021,524,0.7041984732824428,1.6197911345292135,65.64885496183206,16.984732824427482,7.8244274809160315,9.541984732824428,34.35114503816794,2.05,50.55555555555556,27.77777777777778,75.88075880758808,63.68901034082647,1.9598446210055909
8.5,9,2022,503,0.6739562624254473,1.5588223646170787,67.9920477137177,13.717693836978132,8.946322067594433,9.343936381709742,32.007952286282304,2.1055900621118013,57.14285714285714,29.19254658385093,79.64601769911505,65.02312884260749,2.9689188711102044
8.5,9,2023,627,0.6602870813397129,1.387605668251372,66.34768740031897,16.74641148325359,7.974481658692185,8.931419457735247,33.652312599681025,1.962085308056872,50.23696682464455,26.540284360189574,74.6376811594203,64.07119127098959,2.2764961293293973
8.5,9,2024,732,0.657103825136612,1.3802093845544317,66.12021857923497,16.256830601092894,9.836065573770492,7.786885245901639,33.879781420765035,1.939516129032258,52.016129032258064,22.983870967741936,75.25987525987526,64.2006753540819,1.9195432251530753
8.5,9,2025,475,0.6231578947368421,1.3450322007550524,68.42105263157895,16.0,6.526315789473684,9.05263157894737,31.57894736842105,1.9733333333333334,49.333333333333336,28.666666666666668,74.32432432432432,66.1081982778832,2.312854353695748
9.0,1,2021,383,1.174934725848564,2.5426161606495974,47.78067885117493,20.887728459530024,15.404699738903393,15.926892950391643,52.21932114882506,2.25,60.0,30.5,82.22222222222223,45.87727487554665,1.9034039756282872
9.0,1,2022,268,1.0746268656716418,1.8371066018223488,47.76119402985074,22.761194029850746,14.17910447761194,15.298507462686567,52.23880597014925,2.057142857142857,56.42857142857143,29.28571428571429,78.81944444444444,44.39088808250395,3.3703059473467967
9.0,1,2023,493,1.1359026369168357,2.235557974241,46.65314401622718,24.137931034482758,13.184584178498987,16.024340770791078,53.34685598377283,2.129277566539924,54.752851711026615,30.038022813688215,78.75,45.183934751504715,1.4692092647224708
9.0,1,2024,378,1.0317460317460319,2.2058860679550336,53.17460317460318,20.37037037037037,10.052910052910052,16.402116402116402,46.82539682539682,2.2033898305084745,56.49717514124294,35.02824858757062,80.25641025641026,50.21180086192138,2.9628023126817893
9.0,1,2025,317,1.2555205047318612,2.6401988579643016,45.74132492113564,21.13564668769716,13.880126182965299,19.242902208201894,54.25867507886435,2.313953488372093,61.04651162790697,35.46511627906977,83.16582914572864,42.904874385878756,2.8364505352568905
9.0,2,2021,383,0.8511749347258486,1.6976884064905058,57.96344647519582,20.365535248041773,8.355091383812011,13.315926892950392,42.03655352480418,2.0248447204968945,51.5527950310559,31.67701863354037,76.07361963190183,55.38332678988365,2.5801196853121766
9.0,2,2022,268,0.8768656716417911,2.1533204762703337,61.19402985074627,16.417910447761194,9.328358208955224,13.059701492537313,38.80597014925373,2.2596153846153846,57.692307692307686,33.65384615384615,81.27659574468085,58.206482028633175,2.9875478221130902
9.0,2,2023,493,0.9655172413793104,2.082141855901318,53.9553752535497,21.906693711967545,10.75050709939148,13.387423935091277,46.0446247464503,2.0969162995594712,52.42290748898678,29.074889867841406,77.3109243697479,52.64604408560819,1.3093311679415076
9.0,2,2024,378,0.9153439153439153,1.7593925869787939,54.232804232804234,20.8994708994709,14.02116402116402,10.846560846560847,45.767195767195766,2.0,54.33526011560693,23.699421965317917,77.16763005780346,52.276210189938745,1.9565940428654893
9.0,2,2025,317,0.8832807570977917,1.843928443077906,53.94321766561514,24.9211356466877,10.094637223974763,11.041009463722396,46.05678233438486,1.917808219178082,45.89041095890411,23.972602739726025,71.78571428571429,55.00495055073682,-1.06173288512168
9.0,3,2021,383,1.0861618798955615,2.37737345016609,49.60835509138381,24.02088772845953,10.966057441253264,15.404699738903393,50.391644908616186,2.155440414507772,52.331606217616574,30.569948186528496,77.88461538461539,48.883825644392395,0.7245294469914176
9.0,3,2022,268,1.1753731343283582,2.4672564145564313,48.134328358208954,20.522388059701495,13.805970149253731,17.537313432835823,51.865671641791046,2.2661870503597124,60.431654676258994,33.81294964028777,82.53968253968254,45.25030028510804,2.8840280731009136
9.0,3,2023,493,1.0304259634888437,2.196226850706641,52.94117647058824,19.675456389452332,13.793103448275861,13.590263691683571,47.05882352941176,2.189655172413793,58.189655172413794,28.879310344827587,80.90551181102362,50.1955974648955,2.745579005692733
9.0,3,2024,378,1.1693121693121693,2.469931090620746,47.08994708994709,24.6031746031746,12.433862433862434,15.873015873015872,52.910052910052904,2.21,53.5,30.0,78.95927601809954,45.56151418349379,1.5284329064532975
9.0,3,2025,317,1.0315457413249212,2.2648245018568063,52.36593059936908,22.71293375394322,10.410094637223976,14.511041009463725,47.63406940063092,2.165562913907285,52.317880794701985,30.4635761589404,77.98165137614679,50.73530331375689,1.6306272856121962
9.0,4,2021,383,0.9843342036553525,1.6018481812092464,49.08616187989556,23.49869451697128,15.143603133159269,12.27154046997389,50.91383812010444,1.9333333333333333,53.84615384615385,24.102564102564102,76.12732095490716,46.57769807389502,2.508463806000538
9.0,4,2022,268,1.1604477611940298,2.5921376264743703,51.11940298507462,14.925373134328357,19.029850746268657,14.925373134328357,48.88059701492538,2.3740458015267176,69.46564885496184,30.53435114503817,87.13826366559485,46.95719372968938,4.162209255385246
9.0,4,2023,493,1.184584178498986,2.732119593001204,47.870182555780936,22.31237322515213,13.590263691683571,16.227180527383368,52.12981744421907,2.272373540856031,57.19844357976653,31.1284046692607,81.16438356164383,46.87129976547393,0.9988827903070041
9.0,4,2024,378,0.9841269841269841,2.036882657572313,51.587301587301596,25.396825396825395,10.582010582010582,12.433862433862434,48.412698412698404,2.0327868852459017,47.540983606557376,25.683060109289617,74.19354838709677,51.21145455213235,0.3758470351692411
9.0,4,2025,317,1.053627760252366,1.6901529369484487,47.94952681388013,21.451104100946374,16.08832807570978,14.511041009463725,52.05047318611987,2.0242424242424244,58.78787878787879,27.878787878787882,79.64071856287426,43.85845821387034,4.091068600009784
9.0,5,2021,383,0.9268929503916449,1.6543272319658793,50.65274151436031,26.370757180156655,12.532637075718014,10.443864229765012,49.34725848563969,1.8783068783068784,46.56084656084656,21.164021164021165,71.54929577464789,50.44979838456637,0.20294312979394213
9.0,5,2022,268,1.007462686567164,2.089831740175527,52.98507462686567,19.402985074626866,13.059701492537313,14.55223880597015,47.01492537313433,2.142857142857143,58.730158730158735,30.952380952380953,80.74074074074075,50.44831371090369,2.5367609159619775
9.0,5,2023,493,1.050709939148073,2.263683438051419,51.926977687626774,20.28397565922921,13.995943204868155,13.793103448275861,48.073022312373226,2.1856540084388185,57.80590717299579,28.691983122362867,80.6949806949807,49.729733215776974,2.197244471849802
9.0,5,2024,378,1.0423280423280423,2.125524539317643,48.67724867724868,26.71957671957672,11.11111111111111,13.492063492063492,51.32275132275132,2.0309278350515463,47.93814432989691,26.288659793814436,74.36548223350253,48.93385592553985,-0.25660724829117965
9.0,5,2025,317,0.9968454258675079,2.0284710298286948,52.36593059936908,20.82018927444795,13.564668769716087,13.249211356466878,47.63406940063092,2.0927152317880795,56.29139072847682,27.81456953642384,79.11392405063292,50.44308608156249,1.9228445178065878
9.0,6,2021,383,1.1201044386422976,2.1164272141949065,47.51958224543081,23.237597911227155,13.054830287206268,16.187989556135772,52.480417754569196,2.1343283582089554,55.72139303482587,30.845771144278604,79.25407925407926,44.8754446926052,2.6441375528256095
9.0,6,2022,268,0.9925373134328358,1.8051875454189727,51.11940298507462,20.8955223880597,15.298507462686567,12.686567164179104,48.88059701492538,2.030534351145038,57.25190839694656,25.954198473282442,78.94736842105263,48.42713110947885,2.6922718755957753
9.0,6,2023,493,0.973630831643002,2.1192219528686156,54.563894523326574,19.066937119675455,13.387423935091277,12.981744421906694,45.436105476673426,2.142857142857143,58.03571428571429,28.57142857142857,80.41666666666667,52.540123161183004,2.023771362143567
9.0,6,2024,378,0.9735449735449735,1.9833831557969488,53.70370370370371,21.164021164021165,11.904761904761903,13.227513227513226,46.29629629629629,2.1028571428571428,54.285714285714285,28.57142857142857,78.26086956521739,51.278895636487896,2.424808067215811
9.0,6,2025,317,1.0946372239747635,2.7631673521542943,53.31230283911672,20.189274447949526,10.094637223974763,16.40378548895899,46.68769716088328,2.3445945945945947,56.75675675675676,35.13513513513514,81.55619596541787,51.429366797100116,1.882936042016603
9.0,7,2021,382,1.0549738219895288,2.39329540613706,50.78534031413613,24.083769633507853,11.2565445026178,13.874345549738221,49.21465968586387,2.143617021276596,51.06382978723404,28.191489361702125,77.1712158808933,50.59979182085404,0.185548493282095
9.0,7,2022,266,0.9398496240601504,2.0491984678677824,55.639097744360896,20.676691729323306,10.526315789473683,13.157894736842104,44.360902255639104,2.1186440677966103,53.38983050847458,29.66101694915254,78.0,53.758788122380906,1.880309621979992
9.0,7,2023,493,1.0912778904665315,2.4936839327825324,53.14401622718052,19.066937119675455,11.561866125760648,16.227180527383368,46.85598377281948,2.329004329004329,59.307359307359306,34.63203463203463,82.5278810408922,49.57082397152644,3.5731922556540843
9.0,7,2024,378,1.1164021164021165,2.4108177901281347,51.587301587301596,19.047619047619047,11.904761904761903,17.46031746031746,48.412698412698404,2.3060109289617485,60.65573770491803,36.0655737704918,82.93838862559242,47.65083691880013,3.9364646685014604
9.0,7,2025,317,1.1798107255520505,2.6606037615301683,47.3186119873817,23.02839116719243,14.195583596214512,15.457413249211358,52.6813880126183,2.2395209580838324,56.287425149700596,29.34131736526946,80.4812834224599,46.56078868010382,0.7578233072778828
9.0,8,2021,380,1.013157894736842,2.1502221913623107,52.63157894736842,21.31578947368421,11.31578947368421,14.736842105263156,47.36842105263158,2.138888888888889,55.00000000000001,31.11111111111111,78.96103896103897,50.69609535510491,1.9354835922635094
9.0,8,2022,266,1.1578947368421053,2.72214498510427,50.37593984962406,22.55639097744361,9.774436090225564,17.293233082706767,49.62406015037594,2.3333333333333335,54.54545454545454,34.84848484848485,80.51948051948052,48.06268371581218,2.313256133811886
9.0,8,2023,493,1.0628803245436105,2.412704694998268,52.94117647058824,20.28397565922921,10.75050709939148,16.024340770791078,47.05882352941176,2.2586206896551726,56.896551724137936,34.05172413793103,80.91603053435115,50.35408925978435,2.5870872108038845
9.0,8,2024,378,0.9074074074074074,1.6386187248256214,54.4973544973545,20.8994708994709,11.375661375661375,13.227513227513226,45.5026455026455,1.994186046511628,54.06976744186046,29.069767441860467,76.96793002915452,51.4005475977701,3.0968068995844034
9.0,8,2025,316,1.0316455696202531,3.2434398231866575,56.32911392405063,19.62025316455696,11.075949367088606,12.974683544303797,43.67088607594937,2.36231884057971,55.072463768115945,29.71014492753623,80.98159509202453,57.62620285841636,-1.297088934365731
9.0,9,2021,378,0.7433862433862434,1.6183248424627736,62.16931216931217,20.105820105820104,7.936507936507936,9.788359788359788,37.83068783068783,1.965034965034965,46.85314685314685,25.874125874125873,72.95373665480427,61.17987760852747,0.9894345607847077
9.0,9,2022,266,0.7330827067669173,1.9549014044545325,65.78947368421053,16.917293233082706,8.646616541353383,8.646616541353383,34.210526315789465,2.142857142857143,50.54945054945055,25.274725274725274,76.92307692307692,64.95889108892979,0.8305825952807377
9.0,9,2023,493,0.7119675456389453,1.6648361615461997,65.31440162271805,16.835699797160245,8.924949290060852,8.924949290060852,34.68559837728195,2.0526315789473686,51.461988304093566,25.730994152046783,76.35327635327636,63.64292772953177,1.6714738931862816
9.0,9,2024,377,0.726790450928382,1.651221852248998,63.92572944297083,18.037135278514587,9.018567639257293,9.018567639257293,36.07427055702917,2.014705882352941,50.0,25.0,75.18248175182482,62.56818567965908,1.3575437633117415
9.0,9,2025,316,0.7120253164556962,1.5834739803094235,61.70886075949367,22.468354430379748,8.227848101265822,7.59493670886076,38.29113924050633,1.859504132231405,41.32231404958678,19.834710743801654,68.44444444444444,62.814465503676466,-1.1056047441827976
9.5,1,2021,212,1.1650943396226414,2.8778279531431643,50.943396226415096,20.28301886792453,12.264150943396226,16.50943396226415,49.056603773584904,2.375,58.65384615384615,33.65384615384615,82.5910931174089,48.83807924763632,2.1053169787787707
9.5,1,2022,146,1.13013698630137,2.293292394898441,45.20547945205479,28.08219178082192,10.95890410958904,15.753424657534246,54.794520547945204,2.0625,48.75,28.749999999999996,75.15151515151516,45.976543062439,-0.7710636103842095
9.5,1,2023,278,1.2553956834532374,2.3280393735553075,43.52517985611511,22.302158273381295,15.827338129496402,18.345323741007196,56.4748201438849,2.2229299363057327,60.509554140127385,32.48407643312102,82.23495702005731,40.357454522752874,3.167725333362237
9.5,1,2024,110,1.1636363636363636,2.8904086738949126,52.72727272727272,16.363636363636363,12.727272727272727,18.181818181818183,47.27272727272728,2.4615384615384617,65.38461538461539,38.46153846153847,85.9375,48.99470862475594,3.7325641025167835
9.5,1,2025,129,1.2403100775193798,2.887112403100775,44.18604651162791,27.131782945736433,13.178294573643413,15.503875968992247,55.81395348837209,2.2222222222222223,51.388888888888886,27.77777777777778,78.125,45.41791654981681,-1.231870038188898
9.5,2,2021,212,1.1226415094339623,1.984887776088706,47.16981132075472,21.69811320754717,15.09433962264151,16.037735849056602,52.83018867924528,2.125,58.92857142857143,30.357142857142854,80.67226890756302,43.47533196788914,3.694479352865576
9.5,2,2022,146,1.082191780821918,2.7656117146905994,54.109589041095894,21.232876712328768,8.904109589041095,15.753424657534246,45.890410958904106,2.3582089552238807,53.73134328358209,34.32835820895522,80.37974683544304,52.06132682585346,2.0482622152424357
9.5,2,2023,278,1.1079136690647482,2.5587097109316157,53.597122302158276,16.18705035971223,11.870503597122301,18.345323741007196,46.402877697841724,2.387596899224806,65.11627906976744,39.53488372093023,85.3896103896104,49.253983504992746,4.34313879716553
9.5,2,2024,110,1.1181818181818182,2.9859049207673065,55.45454545454545,16.363636363636363,11.818181818181818,16.363636363636363,44.54545454545455,2.510204081632653,63.26530612244898,36.734693877551024,85.36585365853658,51.81325017630067,3.6412952782447827
9.5,2,2025,129,1.0,2.15625,51.93798449612403,22.48062015503876,13.953488372093023,11.627906976744185,48.06201550387597,2.0806451612903225,53.2258064516129,24.193548387096776,77.51937984496124,51.45118269568349,0.48680180044053944
9.5,3,2021,212,1.0518867924528301,2.2484798354645443,53.301886792452834,20.28301886792453,11.320754716981133,15.09433962264151,46.698113207547166,2.2525252525252526,56.56565656565656,32.323232323232325,80.71748878923766,49.53698067196326,3.764906120489575
9.5,3,2022,146,1.2123287671232876,2.1821917808219173,43.83561643835616,23.28767123287671,15.068493150684931,17.80821917808219,56.16438356164384,2.158536585365854,58.536585365853654,31.70731707317073,80.7909604519774,41.03526555541677,2.80035088293939
9.5,3,2023,278,1.1151079136690647,2.477677064124873,50.35971223021583,20.503597122302157,14.028776978417264,15.107913669064748,49.64028776978417,2.246376811594203,58.69565217391305,30.434782608695656,81.61290322580645,48.25918807354318,2.100524156672645
9.5,3,2024,110,1.0727272727272728,2.1414512093411173,51.81818181818182,19.090909090909093,12.727272727272727,16.363636363636363,48.18181818181818,2.2264150943396226,60.37735849056604,33.9622641509434,82.20338983050847,47.50514631743877,4.313035500743045
9.5,3,2025,129,0.8992248062015504,2.294452519379845,59.68992248062015,19.379844961240313,7.751937984496124,13.178294573643413,40.31007751937985,2.230769230769231,51.92307692307693,32.69230769230769,78.44827586206897,58.10754170164331,1.582380778976844
9.5,4,2021,212,1.2028301886792452,3.1482383975677366,49.528301886792455,20.28301886792453,12.264150943396226,17.92452830188679,50.47169811320755,2.383177570093458,59.813084112149525,35.51401869158878,83.13725490196079,48.89168314986414,0.6366187369283072
9.5,4,2022,146,1.0753424657534247,1.8080774681152578,49.31506849315068,19.863013698630137,13.013698630136986,17.80821917808219,50.68493150684932,2.1216216216216215,60.810810810810814,35.13513513513514,81.52866242038216,44.04127129311631,5.273797200034375
9.5,4,2023,278,1.169064748201439,1.8666207827961454,42.805755395683455,24.100719424460433,16.18705035971223,16.906474820143885,57.194244604316545,2.0440251572327046,57.861635220125784,29.559748427672954,79.38461538461539,39.97961028666677,2.8261451090166867
9.5,4,2024,110,1.1272727272727272,2.3506255212677227,48.18181818181818,25.454545454545453,8.181818181818182,18.181818181818183,51.81818181818182,2.175438596491228,50.877192982456144,35.08771929824561,77.41935483870968,46.61030532509219,1.5715128567259928
9.5,4,2025,129,1.0155038759689923,1.8278827519379843,53.48837209302325,15.503875968992247,15.503875968992247,15.503875968992247,46.51162790697675,2.183333333333333,66.66666666666666,33.33333333333333,84.73282442748092,47.41981667715573,6.068555415867522
9.5,5,2021,212,1.2075471698113207,2.35482428686399,47.64150943396226,19.339622641509436,14.150943396226415,18.867924528301888,52.358490566037744,2.3063063063063063,63.06306306306306,36.03603603603604,83.984375,42.79033346490046,4.851175969061799
9.5,5,2022,146,1.2534246575342465,2.4525743977326404,43.83561643835616,24.65753424657534,12.32876712328767,19.17808219178082,56.16438356164384,2.231707317073171,56.09756097560976,34.146341463414636,80.32786885245902,41.50095628624441,2.3346601521117503
9.5,5,2023,278,1.0611510791366907,2.035958237020492,50.0,21.58273381294964,13.309352517985612,15.107913669064748,50.0,2.1223021582733814,56.83453237410072,30.215827338129497,79.66101694915254,47.1090338156838,2.890966184316196
9.5,5,2024,110,1.2636363636363637,2.8931609674728946,48.18181818181818,16.363636363636363,15.454545454545453,20.0,51.81818181818182,2.43859649122807,68.42105263157895,38.59649122807017,87.05035971223022,44.40984363936288,3.7719745424552977
9.5,5,2025,129,1.0852713178294573,1.625484496124031,46.51162790697674,20.155038759689923,19.379844961240313,13.953488372093023,53.48837209302326,2.028985507246377,62.31884057971014,26.08695652173913,81.42857142857143,41.44599325525612,5.065634651720624
9.5,6,2021,211,1.033175355450237,2.184608440532611,51.18483412322274,23.696682464454977,10.90047393364929,14.218009478672986,48.81516587677726,2.116504854368932,51.45631067961165,29.126213592233007,77.06422018348624,49.94815213694418,1.236681986278565
9.5,6,2022,146,1.178082191780822,1.9404818138875766,43.15068493150685,26.71232876712329,10.95890410958904,19.17808219178082,56.849315068493155,2.072289156626506,53.01204819277109,33.734939759036145,77.32558139534883,40.31400295303335,2.8366819784734987
9.5,6,2023,278,1.1618705035971224,2.186699737682778,44.96402877697842,25.899280575539567,12.23021582733813,16.906474820143885,55.03597122302158,2.111111111111111,52.94117647058824,30.718954248366014,77.70897832817337,43.47557172982674,1.4884570471516756
9.5,6,2024,110,1.3636363636363635,2.508757297748123,42.72727272727273,17.272727272727273,18.181818181818183,21.818181818181817,57.27272727272727,2.380952380952381,69.84126984126983,38.095238095238095,87.33333333333333,37.15946624132221,5.567806485950522
9.5,6,2025,129,0.9147286821705426,2.125484496124031,55.03875968992248,22.48062015503876,13.953488372093023,8.527131782945736,44.96124031007752,2.0344827586206895,50.0,18.96551724137931,75.42372881355932,55.840643910665285,-0.8018842207428101
9.5,7,2021,211,0.9004739336492891,1.9757616790792136,59.71563981042654,15.165876777251185,11.374407582938389,13.744075829383887,40.28436018957346,2.235294117647059,62.35294117647059,34.11764705882353,83.15789473684211,55.29170521493775,4.423934595488788
9.5,7,2022,146,0.952054794520548,1.8666509211147855,50.68493150684932,26.027397260273972,11.643835616438356,11.643835616438356,49.31506849315068,1.9305555555555556,47.22222222222222,23.61111111111111,72.66187050359713,51.31171334016552,-0.6267818333162034
9.5,7,2023,277,1.0036101083032491,2.1050593836655676,53.42960288808665,21.299638989169676,10.830324909747292,14.440433212996389,46.57039711191335,2.1550387596899223,54.263565891472865,31.007751937984494,78.77697841726619,50.794684508027586,2.634918380059059
9.5,7,2024,110,1.2272727272727273,3.0763135946622184,50.0,21.818181818181817,10.0,18.181818181818183,50.0,2.4545454545454546,56.36363636363636,36.36363636363637,82.22222222222223,47.30512834439222,2.694871655607778
9.5,7,2025,129,1.2790697674418605,2.859011627906977,44.18604651162791,20.930232558139537,19.379844961240313,15.503875968992247,55.81395348837209,2.2916666666666665,62.5,27.77777777777778,83.63636363636364,43.47901287085959,0.7070336407683175
9.5,8,2021,210,1.161904761904762,3.1506949191159714,51.90476190476191,21.904761904761905,11.428571428571429,14.761904761904763,48.09523809523809,2.4158415841584158,54.45544554455446,30.693069306930692,81.14754098360656,50.80571550012378,1.0990464046381265
9.5,8,2022,145,0.9379310344827586,1.975287356321839,54.48275862068965,20.689655172413794,13.10344827586207,11.724137931034482,45.51724137931035,2.0606060606060606,54.54545454545454,25.757575757575758,77.94117647058823,53.17347920347678,1.3092794172128719
9.5,8,2023,277,1.03971119133574,2.26291006121488,51.26353790613718,22.743682310469314,11.913357400722022,14.079422382671481,48.73646209386282,2.1333333333333333,53.333333333333336,28.888888888888886,78.125,50.29329892595909,0.9702389801780842
9.5,8,2024,110,1.1363636363636365,1.9537114261884903,46.36363636363636,20.0,20.0,13.636363636363635,53.63636363636364,2.1186440677966103,62.71186440677966,25.423728813559322,82.4,42.479855049430796,3.8837813142055646
9.5,8,2025,129,1.0775193798449612,2.259568798449612,54.263565891472865,13.953488372093023,15.503875968992247,16.27906976744186,45.736434108527135,2.3559322033898304,69.49152542372882,35.59322033898305,87.05035971223022,48.318492731332235,5.9450731601406295
9.5,9,2021,210,0.819047619047619,2.1680565048986105,63.8095238095238,16.19047619047619,8.571428571428571,11.428571428571429,36.1904761904762,2.263157894736842,55.26315789473685,31.57894736842105,80.23255813953489,61.62656737775589,2.182956431767913
9.5,9,2022,145,0.7724137931034483,1.5659003831417624,59.310344827586206,23.448275862068964,7.586206896551724,9.655172413793103,40.689655172413794,1.8983050847457628,42.3728813559322,23.728813559322035,69.64285714285714,58.780203739859985,0.5301410877262214
9.5,9,2023,277,0.6931407942238267,1.3366556793805262,63.1768953068592,19.855595667870034,7.2202166064981945,9.747292418772563,36.8231046931408,1.8823529411764706,46.07843137254902,26.47058823529412,71.35416666666667,61.24531931885217,1.9315759880070393
9.5,9,2024,110,0.6090909090909091,1.0476230191826519,65.45454545454545,19.090909090909093,7.2727272727272725,8.181818181818182,34.54545454545455,1.763157894736842,44.73684210526316,23.684210526315788,68.65671641791045,63.204946359401944,2.2495990951435063
9.5,9,2025,129,1.0,2.296875,56.58914728682171,17.829457364341085,10.077519379844961,15.503875968992247,43.41085271317829,2.3035714285714284,58.92857142857143,35.714285714285715,82.17054263565892,52.666279242196865,3.9228680446248387
