core_stability_rank,sample_tier,pregame_total,inning,N,min_season_n,over05,under05,over_fair_odds,under_fair_odds,annual_sd_pp,annual_range_pp,pooled_se_pp,p2021,p2022,p2023,p2024,p2025
,THIN,6.000000,1,12,1,0.250000,0.750000,300,-300,15.567496,28.571429,12.500000,0.285714,0.250000,,,0.000000
,THIN,6.000000,2,12,1,0.333333,0.666667,200,-200,50.169780,100.000000,13.608276,0.428571,0.000000,,,1.000000
,THIN,6.000000,3,12,1,0.416667,0.583333,140,-140,36.654296,71.428571,14.231876,0.285714,0.500000,,,1.000000
,THIN,6.000000,4,12,1,0.166667,0.833333,500,-500,16.495722,28.571429,10.758287,0.285714,0.000000,,,0.000000
,THIN,6.000000,5,12,1,0.583333,0.416667,-140,140,28.645737,57.142857,14.231876,0.428571,0.750000,,,1.000000
,THIN,6.000000,6,12,1,0.333333,0.666667,200,-200,42.307990,75.000000,13.608276,0.285714,0.250000,,,1.000000
,THIN,6.000000,7,12,1,0.416667,0.583333,140,-140,27.042421,50.000000,14.231876,0.428571,0.500000,,,0.000000
,THIN,6.000000,8,10,1,0.100000,0.900000,900,-900,14.433757,25.000000,9.486833,0.000000,0.250000,,,0.000000
,THIN,6.000000,9,10,1,0.500000,0.500000,-100,-100,40.926764,80.000000,15.811388,0.800000,0.250000,,,0.000000
,THIN,6.500000,1,149,5,0.409396,0.590604,144,-144,14.087097,37.254902,4.027590,0.513514,0.421687,0.235294,0.142857,0.400000
,THIN,6.500000,2,149,5,0.382550,0.617450,161,-161,14.711661,32.941176,3.982092,0.432432,0.361446,0.529412,0.142857,0.200000
,THIN,6.500000,3,149,5,0.416107,0.583893,140,-140,18.447423,44.705882,4.038896,0.513514,0.337349,0.647059,0.428571,0.200000
,THIN,6.500000,4,149,5,0.436242,0.563758,129,-129,31.638996,85.714286,4.061591,0.459459,0.385542,0.588235,0.142857,1.000000
,THIN,6.500000,5,149,5,0.449664,0.550336,122,-122,10.024636,25.714286,4.076733,0.459459,0.409639,0.588235,0.571429,0.400000
,THIN,6.500000,6,149,5,0.463087,0.536913,116,-116,12.735979,35.521236,4.086316,0.540541,0.409639,0.647059,0.285714,0.400000
,THIN,6.500000,7,149,5,0.389262,0.610738,157,-157,18.686262,52.972973,3.994460,0.270270,0.385542,0.529412,0.428571,0.800000
,THIN,6.500000,8,143,5,0.391608,0.608392,155,-155,16.611989,42.352941,4.082866,0.322581,0.457831,0.176471,0.285714,0.600000
,THIN,6.500000,9,143,5,0.321678,0.678322,211,-211,7.731170,18.790323,3.905670,0.322581,0.349398,0.235294,0.285714,0.200000
52,CORE,7.000000,1,655,82,0.425954,0.574046,135,-135,6.795155,18.292683,1.932120,0.415929,0.428058,0.458333,0.500000,0.317073
14,CORE,7.000000,2,655,82,0.361832,0.638168,176,-176,1.886708,3.875969,1.877588,0.371681,0.370504,0.333333,0.372093,0.341463
39,CORE,7.000000,3,655,82,0.401527,0.598473,149,-149,3.669775,7.912649,1.915398,0.442478,0.384892,0.385417,0.372093,0.451220
40,CORE,7.000000,4,655,82,0.403053,0.596947,148,-148,3.671857,9.738551,1.916586,0.380531,0.438849,0.406250,0.372093,0.341463
11,CORE,7.000000,5,655,82,0.442748,0.557252,126,-126,1.754340,4.369919,1.940812,0.433628,0.446043,0.458333,0.453488,0.414634
43,CORE,7.000000,6,655,82,0.427481,0.572519,134,-134,3.766084,8.458531,1.933004,0.380531,0.413669,0.458333,0.465116,0.463415
54,CORE,7.000000,7,655,82,0.418321,0.581679,139,-139,8.042626,21.781055,1.927418,0.398230,0.406475,0.458333,0.534884,0.317073
53,CORE,7.000000,8,651,82,0.447005,0.552995,124,-124,6.875247,17.320736,1.948616,0.449541,0.442446,0.510417,0.337209,0.500000
47,CORE,7.000000,9,651,82,0.310292,0.689708,222,-222,4.489562,11.360214,1.813123,0.321101,0.334532,0.312500,0.220930,0.304878
27,CORE,7.500000,1,1612,224,0.454094,0.545906,120,-120,2.585610,6.860324,1.240079,0.468401,0.481172,0.450909,0.412568,0.450893
13,CORE,7.500000,2,1612,224,0.419355,0.580645,138,-138,1.868251,4.530152,1.229033,0.416357,0.405858,0.432727,0.442623,0.397321
28,CORE,7.500000,3,1612,224,0.444789,0.555211,125,-125,2.599259,6.928571,1.237723,0.427509,0.449791,0.480000,0.445355,0.410714
24,CORE,7.500000,4,1612,224,0.440447,0.559553,127,-127,2.511547,6.004564,1.236474,0.457249,0.416318,0.476364,0.423497,0.455357
48,CORE,7.500000,5,1612,224,0.439206,0.560794,128,-128,5.252355,12.453532,1.236099,0.375465,0.437238,0.400000,0.480874,0.500000
22,CORE,7.500000,6,1611,224,0.440720,0.559280,127,-127,2.361539,5.083954,1.236939,0.457249,0.444444,0.410909,0.461749,0.415179
37,CORE,7.500000,7,1610,224,0.459006,0.540994,118,-118,3.282517,9.353728,1.241909,0.501859,0.466387,0.469091,0.407104,0.464286
42,CORE,7.500000,8,1609,224,0.431324,0.568676,132,-132,3.722927,10.476190,1.234713,0.440299,0.420168,0.480000,0.437158,0.375000
2,CORE,7.500000,9,1607,224,0.343497,0.656503,191,-191,0.977388,1.952179,1.184562,0.354478,0.336842,0.356364,0.336986,0.339286
32,CORE,8.000000,1,2146,363,0.468779,0.531221,113,-113,2.711544,6.791662,1.076784,0.528926,0.435666,0.443548,0.463497,0.482850
18,CORE,8.000000,2,2146,363,0.422647,0.577353,137,-137,2.038493,5.544105,1.066319,0.415978,0.392777,0.430108,0.448217,0.416887
1,CORE,8.000000,3,2146,363,0.458527,0.541473,118,-118,0.860448,2.183193,1.075568,0.462810,0.453725,0.467742,0.461800,0.445910
15,CORE,8.000000,4,2146,363,0.459926,0.540074,117,-117,1.919492,5.096635,1.075864,0.454545,0.442438,0.459677,0.455008,0.493404
31,CORE,8.000000,5,2146,363,0.472041,0.527959,112,-112,3.312921,8.621098,1.077379,0.526171,0.455982,0.440860,0.477080,0.461741
41,CORE,8.000000,6,2145,363,0.459207,0.540793,118,-118,3.714637,8.272662,1.076026,0.451791,0.433409,0.516129,0.455782,0.445910
8,CORE,8.000000,7,2144,363,0.431903,0.568097,132,-132,1.716823,4.056671,1.069823,0.454545,0.431151,0.413978,0.440476,0.415344
6,CORE,8.000000,8,2144,363,0.457556,0.542444,119,-119,1.523480,3.978011,1.075869,0.462810,0.478555,0.465054,0.438776,0.449735
25,CORE,8.000000,9,2143,363,0.347643,0.652357,188,-188,2.491495,5.947304,1.028829,0.319559,0.343891,0.379032,0.362245,0.325397
4,CORE,8.500000,1,2871,478,0.487635,0.512365,105,-105,1.333212,2.955975,0.932938,0.490494,0.500000,0.501592,0.472033,0.476987
23,CORE,8.500000,2,2871,478,0.438523,0.561477,128,-128,2.448829,6.250532,0.926258,0.425856,0.478261,0.452229,0.414734,0.428870
20,CORE,8.500000,3,2871,478,0.485197,0.514803,106,-106,2.269031,5.549980,0.932714,0.454373,0.509881,0.500000,0.488404,0.468619
9,CORE,8.500000,4,2871,478,0.476141,0.523859,110,-110,1.732777,4.390368,0.932109,0.484791,0.464427,0.455414,0.499318,0.470711
29,CORE,8.500000,5,2871,478,0.478927,0.521073,109,-109,2.736551,7.751013,0.932369,0.539924,0.486166,0.479299,0.442019,0.460251
16,CORE,8.500000,6,2869,478,0.477867,0.522133,109,-109,1.936747,5.094202,0.932627,0.479087,0.457426,0.483254,0.466576,0.508368
5,CORE,8.500000,7,2867,477,0.444367,0.555633,125,-125,1.514119,3.665368,0.928012,0.450570,0.462302,0.454545,0.425648,0.433962
17,CORE,8.500000,8,2862,475,0.444794,0.555206,125,-125,1.968280,5.093934,0.928947,0.438931,0.434524,0.425837,0.476776,0.437895
3,CORE,8.500000,9,2861,475,0.332052,0.667948,201,-201,1.223151,2.772199,0.880466,0.343511,0.320080,0.336523,0.338798,0.315789
26,CORE,9.000000,1,1839,268,0.517673,0.482327,-107,107,2.578158,7.437041,1.164737,0.522193,0.522388,0.533469,0.468254,0.542587
34,CORE,9.000000,2,1839,268,0.441001,0.558999,127,-127,3.226261,7.329196,1.157752,0.420366,0.388060,0.460446,0.457672,0.460568
35,CORE,9.000000,3,1839,268,0.497553,0.502447,101,-101,2.922896,6.027251,1.166002,0.503916,0.518657,0.470588,0.529101,0.476341
10,CORE,9.000000,4,1839,268,0.506253,0.493747,-103,103,1.747027,3.717061,1.165875,0.509138,0.488806,0.521298,0.484127,0.520505
7,CORE,9.000000,5,1839,268,0.487765,0.512235,105,-105,1.707571,4.307786,1.165630,0.493473,0.470149,0.480730,0.513228,0.476341
21,CORE,9.000000,6,1839,268,0.477977,0.522023,109,-109,2.768833,6.938604,1.165194,0.524804,0.488806,0.454361,0.462963,0.466877
33,CORE,9.000000,7,1836,266,0.483115,0.516885,107,-107,2.752739,8.353444,1.166344,0.492147,0.443609,0.468560,0.484127,0.526814
19,CORE,9.000000,8,1833,266,0.465903,0.534097,115,-115,2.220292,5.953214,1.165122,0.473684,0.496241,0.470588,0.455026,0.436709
12,CORE,9.000000,9,1830,266,0.361749,0.638251,176,-176,1.823266,4.080607,1.123153,0.378307,0.342105,0.346856,0.360743,0.382911
44,CORE,9.500000,1,875,110,0.531429,0.468571,-113,113,3.911295,9.033610,1.686823,0.490566,0.547945,0.564748,0.472727,0.558140
45,CORE,9.500000,2,875,110,0.478857,0.521143,109,-109,3.937633,8.302117,1.688937,0.528302,0.458904,0.464029,0.445455,0.480620
50,CORE,9.500000,3,875,110,0.484571,0.515429,106,-106,5.820877,15.846707,1.689593,0.466981,0.561644,0.496403,0.481818,0.403101
38,CORE,9.500000,4,875,110,0.522286,0.477714,-109,109,3.606492,10.631949,1.688475,0.504717,0.506849,0.571942,0.518182,0.465116
36,CORE,9.500000,5,875,110,0.523429,0.476571,-110,110,3.399361,8.808438,1.687960,0.523585,0.561644,0.500000,0.518182,0.534884
46,CORE,9.500000,6,874,110,0.526316,0.473684,-111,111,4.085223,12.239006,1.689404,0.488152,0.568493,0.550360,0.572727,0.449612
49,CORE,9.500000,7,873,110,0.473081,0.526919,111,-111,5.810297,15.596900,1.689141,0.402844,0.493151,0.465704,0.500000,0.558140
51,CORE,9.500000,8,871,110,0.482204,0.517796,107,-107,3.990210,9.178882,1.693565,0.480952,0.455172,0.487365,0.536364,0.457364
30,CORE,9.500000,9,871,110,0.380023,0.619977,163,-163,3.624695,8.865397,1.644872,0.361905,0.406897,0.368231,0.345455,0.434109
,THIN,10.000000,1,261,22,0.540230,0.459770,-117,117,5.489525,14.199134,3.084407,0.523810,0.459459,0.554217,0.600000,0.590909
,THIN,10.000000,2,261,22,0.498084,0.501916,101,-101,8.827148,20.060060,3.094119,0.440476,0.648649,0.481928,0.457143,0.590909
,THIN,10.000000,3,261,22,0.555556,0.444444,-125,125,12.274456,34.242424,3.076973,0.547619,0.567568,0.554217,0.428571,0.772727
,THIN,10.000000,4,261,22,0.544061,0.455939,-119,119,8.640804,21.861472,3.083121,0.523810,0.486486,0.590361,0.628571,0.409091
,THIN,10.000000,5,261,22,0.544061,0.455939,-119,119,6.252218,14.964286,3.083121,0.595238,0.486486,0.493976,0.628571,0.500000
,THIN,10.000000,6,261,22,0.528736,0.471264,-112,112,6.814795,16.233766,3.088668,0.571429,0.486486,0.530120,0.542857,0.409091
,THIN,10.000000,7,260,22,0.492308,0.507692,103,-103,8.773694,21.590909,3.100691,0.469880,0.513514,0.530120,0.371429,0.590909
,THIN,10.000000,8,259,22,0.517375,0.482625,-107,107,8.262033,18.229133,3.104147,0.573171,0.513514,0.469880,0.514286,0.500000
,THIN,10.000000,9,259,22,0.366795,0.633205,173,-173,4.098661,10.403548,2.994139,0.317073,0.378378,0.421687,0.371429,0.318182
,THIN,10.500000,1,186,11,0.586022,0.413978,-142,142,9.307822,26.220096,3.611385,0.552632,0.555556,0.604651,0.586207,0.818182
,THIN,10.500000,2,186,11,0.553763,0.446237,-124,124,10.952838,26.555024,3.645709,0.631579,0.407407,0.581395,0.517241,0.363636
,THIN,10.500000,3,186,11,0.526882,0.473118,-111,111,8.498433,21.826156,3.661349,0.539474,0.481481,0.581395,0.517241,0.363636
,THIN,10.500000,4,186,11,0.559140,0.440860,-127,127,5.871257,15.789474,3.640857,0.565789,0.481481,0.581395,0.551724,0.636364
,THIN,10.500000,5,186,11,0.580645,0.419355,-138,138,4.559125,11.713639,3.619401,0.565789,0.592593,0.534884,0.655172,0.636364
,THIN,10.500000,6,186,11,0.553763,0.446237,-124,124,5.971324,13.072249,3.645709,0.592105,0.481481,0.581395,0.517241,0.454545
,THIN,10.500000,7,186,11,0.532258,0.467742,-114,114,8.679530,21.212121,3.659854,0.631579,0.555556,0.418605,0.413793,0.545455
,THIN,10.500000,8,185,11,0.454054,0.545946,120,-120,7.877779,20.689655,3.660499,0.480000,0.555556,0.348837,0.482759,0.363636
,THIN,10.500000,9,185,11,0.383784,0.616216,161,-161,8.557887,23.376623,3.575317,0.373333,0.370370,0.418605,0.310345,0.545455
,THIN,11.000000,1,124,14,0.564516,0.435484,-130,130,9.741837,25.253456,4.453729,0.548387,0.680000,0.518519,0.592593,0.428571
,THIN,11.000000,2,124,14,0.524194,0.475806,-110,110,7.189284,17.304147,4.487082,0.612903,0.440000,0.592593,0.444444,0.500000
,THIN,11.000000,3,124,14,0.540323,0.459677,-118,118,7.157115,20.184332,4.477557,0.645161,0.560000,0.481481,0.444444,0.571429
,THIN,11.000000,4,124,14,0.475806,0.524194,110,-110,12.377854,32.718894,4.487082,0.387097,0.480000,0.407407,0.518519,0.714286
,THIN,11.000000,5,124,14,0.516129,0.483871,-107,107,17.596044,42.010753,4.488950,0.548387,0.720000,0.407407,0.296296,0.714286
,THIN,11.000000,6,124,14,0.524194,0.475806,-110,110,12.111704,30.645161,4.487082,0.483871,0.560000,0.555556,0.407407,0.714286
,THIN,11.000000,7,124,14,0.459677,0.540323,118,-118,8.421668,22.857143,4.477557,0.419355,0.600000,0.444444,0.370370,0.500000
,THIN,11.000000,8,124,14,0.556452,0.443548,-125,125,12.751558,30.691244,4.462181,0.580645,0.520000,0.629630,0.407407,0.714286
,THIN,11.000000,9,124,14,0.459677,0.540323,118,-118,10.431634,27.407407,4.477557,0.483871,0.320000,0.592593,0.444444,0.428571
