pregame_total,inning,n,under_pct,top_zero_pct,bottom_zero_pct,independence_p0_pct,joint_zero_dependence_pp,top_bottom_scoring_phi,mean_runs,multi_run_given_score_pct,threeplus_given_score_pct,season_under_sd_pp,clean_i1_i8,target_cell
6.5,1,149,59.06040268456376,79.86577181208054,69.79865771812081,55.74523670104949,3.3151659835142677,0.1800614651880313,0.87248322147651,59.01639344262295,29.508196721311474,15.014379716158926,True,False
7.0,1,655,57.404580152671755,78.93129770992367,72.97709923664122,57.60177145853971,-0.19719130586794975,-0.010888924004398516,0.8351145038167939,53.40501792114696,25.448028673835125,6.795154977713189,True,False
7.5,1,1612,54.59057071960298,75.62034739454094,71.7741935483871,54.275894500920515,0.31467621868246365,0.016282590172053007,0.8852357320099256,50.409836065573764,24.453551912568305,2.5856103863021507,True,False
8.0,1,2146,53.12208760484622,74.51071761416588,70.59645852749301,52.601927859022055,0.5201597458241669,0.02619734527964852,0.972972972972973,53.08151093439364,28.628230616302186,3.7262966840104537,True,False
8.5,1,2871,51.2365029606409,73.7025426680599,68.89585510275165,50.77799700363027,0.45850595701062424,0.02249785880843797,1.049808429118774,56.92857142857143,30.142857142857142,1.3331900527223388,True,False
9.0,1,1839,48.23273518216422,72.10440456769985,67.10168569874932,48.383270927972596,-0.1505357458083778,-0.00714393320465444,1.1343121261555194,57.56302521008403,31.932773109243694,2.896137188986867,True,False
9.5,1,875,46.85714285714286,70.62857142857143,66.28571428571428,46.816653061224486,0.04048979591836921,0.0018805110506335562,1.1988571428571428,57.204301075268816,32.043010752688176,4.214886956397356,True,False
10.0,1,261,45.97701149425287,69.73180076628353,67.81609195402298,47.28938212885894,-1.3123706346060637,-0.061145148340018905,1.210727969348659,57.446808510638306,33.33333333333333,5.696821593100159,True,False
10.5,1,186,41.39784946236559,69.35483870967742,63.97849462365591,44.3721817551162,-2.974332292750609,-0.1343916263852379,1.3440860215053763,63.30275229357798,30.275229357798167,11.10020611164447,True,False
11.0,1,124,43.54838709677419,61.29032258064516,70.96774193548387,43.49635796045786,0.05202913631633388,0.002353260394687099,1.2580645161290323,54.285714285714285,38.57142857142858,9.271921279283383,True,False
11.5,1,103,36.89320388349515,53.398058252427184,70.87378640776699,37.845225751720236,-0.9520218682250892,-0.042004648315917346,1.4368932038834952,61.53846153846154,38.46153846153847,8.925881013600346,True,False
6.5,2,149,61.74496644295302,81.20805369127517,74.49664429530202,60.49727489752714,1.2476915454258775,0.07327482341971325,0.7986577181208053,47.368421052631575,19.298245614035086,16.05588641717477,True,False
7.0,2,655,63.81679389312978,82.29007633587786,77.70992366412214,63.94755550375852,-0.13076161062874903,-0.008230082050865277,0.6961832061068702,48.9451476793249,24.47257383966245,1.8867076366600886,True,False
7.5,2,1612,58.06451612903226,78.287841191067,74.81389578163771,58.5701839183789,-0.5056677893466421,-0.02825497939369797,0.8275434243176178,49.112426035502956,23.816568047337277,1.8682510365540976,True,False
8.0,2,2146,57.735321528424976,76.0484622553588,75.16309412861138,57.16037726835683,0.5749442600681443,0.031179040987011703,0.8727865796831314,52.811466372657115,27.342888643880926,2.0385175638128628,True,False
8.5,2,2871,56.14768373389063,76.66318355973529,73.84186694531523,56.6095260002225,-0.46184226633186887,-0.024844184114758368,0.896551724137931,51.23113582208102,28.038125496425735,2.5375965787289934,True,False
9.0,2,1839,55.899945622621,75.69331158238172,74.49700924415443,56.38925332673354,-0.48930770411254043,-0.026171307973516,0.9042958129418162,52.15782983970407,28.113440197287296,3.2417068801566127,True,False
9.5,2,875,52.114285714285714,74.05714285714285,71.42857142857143,52.89795918367347,-0.7836734693877578,-0.03957681181303503,1.0925714285714285,59.665871121718375,33.65155131264916,3.2109149207849796,True,False
10.0,2,261,50.191570881226056,67.81609195402298,70.49808429118774,47.8090456687365,2.38252521248955,0.11182475865260269,1.1111111111111112,60.76923076923077,33.84615384615385,9.114567117357367,True,False
10.5,2,186,44.623655913978496,68.27956989247312,67.20430107526882,45.88680772343623,-1.2631518094577354,-0.057814083672862115,1.2204301075268817,60.19417475728155,34.95145631067961,11.33618097593281,True,False
11.0,2,124,47.58064516129033,73.38709677419355,68.54838709677419,50.30567117585848,-2.725026014568155,-0.1327989344914813,1.153225806451613,58.46153846153847,29.230769230769234,8.12236052166113,True,False
11.5,2,103,43.689320388349515,58.252427184466015,71.84466019417476,41.85125836553869,1.8380620228108213,0.08287239681172079,1.3980582524271845,67.24137931034483,46.55172413793103,8.766577314354587,True,False
6.5,3,149,58.38926174496645,75.83892617449665,77.85234899328859,59.04238547813162,-0.6531237331651729,-0.036744434298589555,0.8187919463087249,46.774193548387096,22.58064516129032,16.99004859317032,True,False
7.0,3,655,59.84732824427481,77.40458015267176,76.4885496183206,59.20564069692909,0.6416875473457262,0.036181965124142956,0.8183206106870229,56.65399239543726,29.65779467680608,3.6697753573049616,True,False
7.5,3,1612,55.521091811414394,75.74441687344913,73.20099255583126,55.4456649569913,0.0754268544230885,0.0039730770152628155,0.9001240694789082,53.13807531380753,26.499302649930268,2.5992592638478453,True,False
8.0,3,2146,54.14725069897484,73.57875116495805,73.53215284249767,54.104039766217994,0.04321093275684307,0.0022214820820123074,0.9520037278657968,53.760162601626014,28.04878048780488,0.8604198866136697,True,True
8.5,3,2871,51.48032044583769,73.8070358760014,69.66213862765586,51.41555964890379,0.0647607969339048,0.0032039084323796747,1.0794148380355277,58.3632447954056,30.65326633165829,2.2689559712548735,True,True
9.0,3,1839,50.24469820554649,71.94127243066885,69.65742251223492,50.112436097708965,0.1322621078375219,0.006403279528688841,1.0918977705274606,55.30054644808743,30.491803278688522,2.566455028877718,True,False
9.5,3,875,51.542857142857144,72.22857142857143,70.62857142857143,51.01400816326531,0.5288489795918339,0.025925390199555164,1.078857142857143,57.54716981132076,31.839622641509436,5.701155584240256,True,False
10.0,3,261,44.44444444444444,65.90038314176245,64.75095785440614,42.67112931401477,1.7733151304296702,0.07830156485846398,1.4291187739463602,65.51724137931035,41.37931034482759,12.426846227939507,True,False
10.5,3,186,47.31182795698925,67.20430107526882,65.59139784946237,44.080240490230075,3.231587466759173,0.14489452557656735,1.2903225806451613,61.224489795918366,35.714285714285715,8.270785678970064,True,False
11.0,3,124,45.96774193548387,66.93548387096774,67.74193548387096,45.34339229968782,0.624349635796051,0.028390341710796938,1.1612903225806452,50.74626865671642,31.343283582089555,7.905799683453399,True,False
11.5,3,103,50.48543689320388,69.90291262135922,67.96116504854369,47.50683382034122,2.9786030728626622,0.1391662733039732,1.0776699029126213,64.70588235294117,35.294117647058826,17.670164252079317,True,False
6.5,4,149,56.375838926174495,70.46979865771812,75.83892617449665,53.443538579343276,2.932300346831218,0.1501652794616844,0.9194630872483222,53.84615384615385,26.153846153846157,31.580158199660758,True,False
7.0,4,655,59.69465648854961,77.25190839694656,77.55725190839695,59.91445719946391,-0.21980071091429743,-0.012567612356917347,0.7938931297709924,52.27272727272727,22.348484848484848,3.671857461198993,True,False
7.5,4,1612,55.955334987593055,75.18610421836229,75.0,56.389578163771716,-0.43424317617866137,-0.023217534438233316,0.9181141439205955,53.52112676056338,27.74647887323944,2.511547089395388,True,False
8.0,4,2146,54.007455731593666,73.76514445479962,72.87977632805219,53.75987228672257,0.2475834448711023,0.012659207400302262,0.9613233923578751,52.38095238095239,29.88855116514691,1.919542647033632,True,False
8.5,4,2871,52.385928247997214,73.24973876698014,71.71717171717171,52.53264093389485,-0.14671268589763198,-0.007359149380407795,0.9958202716823407,53.474762253109,29.334308705193855,1.7327665072886296,True,False
9.0,4,1839,49.374660141381185,71.77814029363785,69.60304513322458,49.95977138437001,-0.5851112429888228,-0.028263137307288477,1.0755845568243612,56.605800214822764,27.926960257787325,1.7470184081237266,True,False
9.5,4,875,47.77142857142857,68.22857142857143,69.37142857142857,47.33113469387755,0.4402938775510179,0.020515752278229996,1.1337142857142857,59.08096280087527,33.04157549234136,3.8404753313378963,True,False
10.0,4,261,45.593869731800766,67.81609195402298,69.34865900383141,47.029550358920154,-1.4356806271193845,-0.06665431930747756,1.210727969348659,59.154929577464785,30.28169014084507,8.643393624932912,True,False
10.5,4,186,44.086021505376344,72.04301075268818,61.82795698924731,44.54272170193086,-0.4567001965545159,-0.020947148975950288,1.2473118279569892,60.57692307692307,32.69230769230769,5.590212816049797,True,False
11.0,4,124,52.41935483870967,71.7741935483871,73.38709677419355,52.67299687825182,-0.2536420395421457,-0.012751401351793217,1.0887096774193548,55.932203389830505,28.8135593220339,13.035638351396175,True,False
11.5,4,103,46.601941747572816,71.84466019417476,61.165048543689316,43.94382128381562,2.658120463757191,0.12126458340281307,1.4077669902912622,58.18181818181818,40.0,9.215992066168893,True,False
6.5,5,149,55.033557046979865,77.85234899328859,70.46979865771812,54.8623935858745,0.1711634611053614,0.009036008780994172,0.9261744966442953,58.2089552238806,26.865671641791046,8.89961520029248,True,False
7.0,5,655,55.72519083969466,73.58778625954199,75.41984732824427,55.499796049181285,0.22539479051337796,0.011874176249780282,0.9068702290076336,53.79310344827586,26.20689655172414,1.7543397253264765,True,False
7.5,5,1612,56.07940446650124,75.80645161290323,73.44913151364764,55.67918034099096,0.4002241255102734,0.021162535377631755,0.955955334987593,56.92090395480226,30.36723163841808,5.252354947210772,True,False
8.0,5,2146,52.79589934762349,72.8331780055918,72.41379310344827,52.74126683163545,0.05463251598804009,0.00274796065208361,0.9930102516309413,52.61599210266535,28.726554787759127,3.2753281204316127,True,False
8.5,5,2870,52.12543554006969,72.57839721254355,71.67247386759583,52.01873277568018,0.10670276438951021,0.005308172707280104,1.0358885017421602,56.33187772925764,29.54876273653566,3.688368612909401,True,False
9.0,5,1839,51.22349102773246,72.5394235997825,71.56063077759653,51.90966909043707,-0.6861780627046121,-0.03407986729539524,1.0076128330614464,53.17725752508361,26.755852842809364,1.707646184919833,True,False
9.5,5,875,47.65714285714286,69.71428571428572,69.6,48.521142857142856,-0.8639999999999981,-0.0408782720312829,1.1577142857142857,60.480349344978166,32.751091703056765,2.279583923216873,True,False
10.0,5,261,45.593869731800766,68.19923371647509,68.96551724137932,47.033954287224205,-1.4400845554234376,-0.06684073210217159,1.2298850574712643,56.33802816901409,31.690140845070424,6.609540235843096,True,False
10.5,5,186,41.935483870967744,60.215053763440864,71.50537634408603,43.05700080934212,-1.1215169383743784,-0.05076251129244551,1.2204301075268817,51.85185185185185,25.925925925925924,4.946077248445289,True,False
11.0,5,124,48.38709677419355,64.51612903225806,73.38709677419355,47.346514047866805,1.0405827263267442,0.04921199654188772,1.282258064516129,70.3125,43.75,18.693650294666362,True,False
11.5,5,103,50.48543689320388,68.93203883495146,73.7864077669903,50.86247525685739,-0.3770383636535035,-0.018525381041829308,1.1844660194174756,60.78431372549019,37.254901960784316,12.569471120707524,True,False
6.5,6,149,53.691275167785236,75.16778523489933,71.14093959731544,53.47506869059953,0.21620647718570973,0.011044452801681924,1.0604026845637584,53.62318840579711,33.33333333333333,13.958101776973034,True,False
7.0,6,655,57.25190839694656,78.16793893129771,73.74045801526718,57.641396189033266,-0.3894877920867068,-0.021425731680763456,0.8427480916030534,49.28571428571429,23.92857142857143,3.7660837368200166,True,False
7.5,6,1611,55.92799503414029,75.66728739913098,73.9292364990689,55.9402478537337,-0.012252819593416842,-0.0006504317126892303,0.9199255121042831,56.61971830985916,28.591549295774648,2.36153866021544,True,False
8.0,6,2144,54.1044776119403,74.67350746268657,71.96828358208955,53.74124161143909,0.3632360005012103,0.018596134017917012,0.9505597014925373,53.963414634146346,27.84552845528455,3.234287509037465,True,False
8.5,6,2869,52.21331474381318,72.88253746950157,71.52317880794702,52.12790759408059,0.0854071497325859,0.004256854475077927,1.0400836528407111,56.74690007293947,29.61342086068563,1.936741177420092,True,True
9.0,6,1837,52.15024496461622,71.91072400653239,71.20304844855742,51.20262765407967,0.9476173105365526,0.04656325484235623,1.0288513881328252,56.42775881683731,29.806598407280998,2.900505047637619,True,True
9.5,6,874,47.368421052631575,69.79405034324942,68.53546910755148,47.833679811906634,-0.4652587592750612,-0.021820805810982093,1.1224256292906178,54.565217391304344,30.434782608695656,5.442880057995217,True,False
10.0,6,260,46.92307692307692,72.3076923076923,65.0,47.0,-0.07692307692307998,-0.0036040775090863887,1.2807692307692307,58.69565217391305,37.68115942028986,6.497055981431873,True,False
10.5,6,186,44.623655913978496,69.35483870967742,66.12903225806451,45.863683662851194,-1.2400277488727018,-0.05683320903184289,1.2419354838709677,61.165048543689316,33.00970873786408,6.041693992051933,True,False
11.0,6,124,47.58064516129033,66.12903225806451,69.35483870967742,45.863683662851194,1.716961498439129,0.07869213558255149,1.153225806451613,56.92307692307692,38.46153846153847,11.364367723774802,True,False
11.5,6,103,41.74757281553398,63.10679611650486,65.0485436893204,41.05005184277501,0.6975209727589693,0.03031758412823683,1.4271844660194175,56.666666666666664,28.333333333333332,10.64097719560109,True,False
6.5,7,147,60.544217687074834,75.51020408163265,76.87074829931973,58.04525891989448,2.498958767180348,0.13781685650814213,0.782312925170068,56.896551724137936,25.862068965517242,19.62043894294879,True,False
7.0,7,652,57.97546012269939,76.99386503067484,73.46625766871165,56.564511272535654,1.410948850163729,0.07593083312505343,0.906441717791411,57.299270072992705,29.1970802919708,7.973374229775292,True,False
7.5,7,1610,54.09937888198758,75.15527950310559,72.60869565217392,54.56926816095058,-0.46988927896299826,-0.024383613015163754,0.9341614906832298,53.179972936400546,25.84573748308525,3.4193316049166644,True,False
8.0,7,2144,56.809701492537314,74.44029850746269,75.18656716417911,55.96910503452885,0.840596458008458,0.04461614676628414,0.9127798507462687,54.85961123110151,29.697624190064797,1.7168321539983458,True,False
8.5,7,2865,55.532286212914485,75.42757417102966,73.50785340314137,55.4451906471862,0.08709556572827903,0.004584389537179499,0.9305410122164048,55.023547880690735,27.39403453689168,1.5049408482043605,True,False
9.0,7,1835,51.66212534059945,71.55313351498637,72.31607629427793,51.74441862364411,-0.08229328304465433,-0.004076632792830867,1.08283378746594,56.482525366403614,31.905298759864714,3.127650993609593,True,False
9.5,7,873,52.69186712485682,73.08132875143184,71.70675830469645,52.40425177364987,0.28761535120694903,0.014396623133185129,1.038946162657503,56.416464891041166,30.508474576271187,5.64745651406996,True,False
10.0,7,260,50.76923076923077,73.46153846153847,70.76923076923077,51.98816568047337,-1.2189349112426084,-0.06069742610485555,1.0384615384615385,55.46875,27.34375,8.166324727785469,True,False
10.5,7,186,46.774193548387096,66.12903225806451,66.66666666666666,44.08602150537634,2.6881720430107556,0.12049067317797012,1.2258064516129032,55.55555555555556,34.34343434343434,9.44427468879911,True,False
11.0,7,124,54.03225806451613,76.61290322580645,66.93548387096774,51.281217481789795,2.7510405827263273,0.13814926899710045,1.0887096774193548,64.91228070175438,38.59649122807017,8.78833913605212,True,False
11.5,7,103,51.45631067961165,70.87378640776699,67.96116504854369,48.166650956734856,3.289659722876798,0.15516629115949898,1.2524271844660195,66.0,38.0,14.043391184095205,True,False
6.5,8,143,60.83916083916085,78.32167832167832,78.32167832167832,61.342852951244566,-0.5036921120837201,-0.029665898617511458,0.8391608391608392,62.5,33.92857142857143,16.38670882343369,True,False
7.0,8,651,55.29953917050692,75.72964669738863,72.65745007680492,55.02323024249589,0.27630892801102647,0.014459867733862776,0.8448540706605223,48.797250859106526,21.305841924398624,6.8752474601255535,True,False
7.5,8,1607,56.8139390168015,76.85127566894835,74.36216552582452,57.148272821651084,-0.33433380484958475,-0.018154092122124755,0.8998133167392657,53.31412103746398,26.368876080691646,3.8001672330697476,True,False
8.0,8,2143,54.269715352309845,73.91507232851143,73.58842743817078,54.39293936633809,-0.12322401402824479,-0.006365494380903441,0.9883341110592627,57.244897959183675,28.775510204081634,1.486080764835855,True,False
8.5,8,2862,55.52061495457722,75.6114605171209,73.89937106918238,55.8763937783755,-0.35577882379828063,-0.01886459681150564,0.9479385045422781,56.402199528672426,28.201099764336213,1.9682616820235885,True,True
9.0,8,1832,53.43886462882096,73.14410480349345,72.92576419213974,53.34089738944719,0.09796723937376406,0.004974538438018083,1.0289301310043668,55.33411488862837,31.887456037514657,2.2098761883772062,True,False
9.5,8,871,51.77956371986223,72.56027554535017,73.47876004592423,53.316390756629296,-1.5368270367670633,-0.07802033949384354,1.0700344431687716,57.38095238095238,29.28571428571429,3.2792905258934404,True,False
10.0,8,259,48.26254826254826,70.27027027027027,71.42857142857143,50.19305019305019,-1.9305019305019322,-0.09349469900084514,1.0694980694980696,50.0,29.1044776119403,3.7563168115974883,True,False
10.5,8,185,54.59459459459459,76.21621621621621,70.27027027027027,53.557341124908696,1.0372534696858948,0.05330150080487332,1.1027027027027028,61.904761904761905,32.142857142857146,8.765538821079174,True,False
11.0,8,124,44.354838709677416,69.35483870967742,64.51612903225806,44.74505723204995,-0.39021852237253185,-0.017690450583244397,1.3870967741935485,55.072463768115945,34.78260869565217,11.556703267538369,True,False
11.5,8,103,44.66019417475729,65.0485436893204,66.01941747572816,42.94466962013385,1.7155245546234321,0.07596162691795791,1.2233009708737863,64.91228070175438,36.84210526315789,12.627879439838186,True,False
7.0,9,364,56.043956043956044,70.32967032967034,80.21978021978022,56.41830696775752,-0.37435092380148083,-0.020572740221656175,0.9752747252747253,56.25,28.749999999999996,7.561397315761149,False,False
7.5,9,858,52.09790209790209,68.64801864801865,73.89277389277389,50.72592520144967,1.3719768964524204,0.06733160210149691,0.9976689976689976,56.69099756690997,27.49391727493917,2.232294814847222,False,False
8.0,9,1197,50.71010860484545,68.92230576441104,73.51712614870509,50.6696984734183,0.04041013142714878,0.0019788330367475544,1.0208855472013367,52.20338983050847,26.27118644067797,2.412128315146449,False,False
8.5,9,1547,52.424046541693606,68.77828054298642,75.30704589528119,51.79489129449204,0.6291552472015627,0.03148469038698038,1.0142210730446024,55.97826086956522,30.842391304347828,1.4013243447140282,False,False
9.0,9,1002,49.800399201596804,66.46706586826348,74.45109780439122,49.485460217289976,0.314938984306834,0.015295571761574077,1.0788423153692615,52.286282306163024,28.82703777335984,1.949963510773842,False,False
9.5,9,518,48.06949806949807,63.32046332046332,75.2895752895753,47.67370790536813,0.3957901641299333,0.019040287689468235,1.1023166023166022,52.78810408921933,31.226765799256505,4.000265165293366,False,False
10.0,9,146,52.054794520547944,65.06849315068493,81.5068493150685,53.03527866391443,-0.980484143366489,-0.05297171486106596,1.0410958904109588,55.714285714285715,31.428571428571427,7.041348596424839,False,False
10.5,9,105,49.523809523809526,73.33333333333333,67.61904761904762,49.58730158730159,-0.06349206349205994,-0.0030683509308195504,1.1047619047619048,56.60377358490566,33.9622641509434,10.50496438631777,False,False
