pregame_total,inning,favorite_strength_bucket,mean_favorite_novig_prob,n,under_pct,top_zero_pct,bottom_zero_pct,independence_p0_pct,joint_zero_dependence_pp,top_bottom_scoring_phi,mean_runs,multi_run_given_score_pct,threeplus_given_score_pct,season_under_sd_pp
7.0,1,50-55%,0.5221921261378533,220,56.81818181818182,78.18181818181819,73.63636363636363,57.5702479338843,-0.7520661157024766,-0.041328061724047176,0.8590909090909091,54.736842105263165,25.263157894736842,5.914347034423034
7.0,1,55-60%,0.5738164094215192,221,56.56108597285068,75.56561085972851,74.2081447963801,56.07583792305645,0.4852480497942291,0.025812726430208384,0.8778280542986425,57.291666666666664,26.041666666666668,12.597433069992187
7.0,1,60-65%,0.6245331784667764,127,55.118110236220474,79.52755905511812,71.65354330708661,56.98431396862793,-1.8662037324074565,-0.10262358645714811,0.8818897637795275,50.877192982456144,26.31578947368421,8.306624349314802
7.5,1,50-55%,0.5230866177842145,545,54.67889908256881,73.02752293577981,72.6605504587156,53.0622001515024,1.616698931066407,0.08172994847772995,0.9761467889908257,57.08502024291497,30.76923076923077,5.366188947903163
7.5,1,55-60%,0.5741877077848376,512,55.2734375,75.5859375,73.6328125,55.65605163574219,-0.3826141357421875,-0.020214029010796643,0.81640625,46.724890829694324,20.96069868995633,4.2076131927868055
7.5,1,60-65%,0.6223500169966041,312,52.243589743589745,76.92307692307693,68.58974358974359,52.761341222879686,-0.5177514792899407,-0.026475169110682754,0.9166666666666666,51.67785234899329,22.818791946308725,8.166435866563559
7.5,1,65-70%,0.6716788657374662,182,53.2967032967033,78.02197802197803,68.68131868131869,53.586523366743144,-0.2898200700398479,-0.015090534787670957,0.8461538461538461,41.17647058823529,21.176470588235293,7.859795669496436
8.0,1,50-55%,0.5227995417342518,792,50.63131313131313,71.71717171717171,69.44444444444444,49.80359147025813,0.8277216610549976,0.039897664960351464,1.0555555555555556,56.77749360613811,29.923273657289002,2.809578473434195
8.0,1,55-60%,0.572632248584316,694,57.20461095100865,77.23342939481267,74.78386167146974,57.758141002748964,-0.5535300517403141,-0.030398104488834038,0.8429394812680115,46.801346801346796,24.915824915824917,4.963750153555992
8.0,1,60-65%,0.6233307875910687,401,51.6209476309227,73.81546134663341,67.58104738154613,49.8852619075752,1.7356857233474965,0.0843457122288665,1.0149625935162094,56.70103092783505,31.958762886597935,5.5678072302828685
8.0,1,65-70%,0.6716239238671528,186,55.376344086021504,78.49462365591397,70.43010752688173,55.28384784368136,0.09249624234014542,0.0049331754571158345,0.9516129032258065,50.602409638554214,31.32530120481928,6.505327276534303
8.5,1,50-55%,0.5224312538673268,1052,52.09125475285171,72.43346007604563,71.57794676806084,51.84638349549654,0.24487125735517257,0.012149536888982683,1.0066539923954372,56.15079365079365,29.761904761904763,2.533903553357542
8.5,1,55-60%,0.574447599467658,915,51.693989071038246,74.6448087431694,68.4153005464481,51.068470243960704,0.6255188270775425,0.030930870423888045,1.0360655737704918,54.75113122171946,28.733031674208142,2.9891819618685247
8.5,1,60-65%,0.6230576499017262,541,48.059149722735675,70.79482439926062,68.02218114602587,48.156183694875985,-0.09703397214031462,-0.004575551508216547,1.1404805914972274,58.718861209964416,33.096085409252666,5.312176477589278
8.5,1,65-70%,0.6705670558488015,259,53.66795366795367,77.60617760617761,67.18146718146718,52.13696873928534,1.530984928668333,0.0782121691955372,0.9806949806949807,60.83333333333333,28.333333333333332,8.295224684467186
9.0,1,50-55%,0.5224164428949932,665,48.421052631578945,70.67669172932331,68.7218045112782,48.570297925264285,-0.149245293685335,-0.007071115537186374,1.1263157894736842,55.97667638483965,34.40233236151604,5.407490400223406
9.0,1,55-60%,0.57272498458952,583,49.914236706689536,73.41337907375643,68.43910806174958,50.24346183607001,-0.3292251293804782,-0.01603418882027538,1.0171526586620927,53.76712328767124,26.027397260273972,5.9199242672202095
9.0,1,60-65%,0.6225784305894491,353,46.45892351274787,71.10481586402267,66.0056657223796,46.93320707172034,-0.4742835589724659,-0.022089299859141983,1.2407932011331444,60.84656084656085,31.746031746031743,6.104244489989795
9.0,1,65-70%,0.6701180590294172,182,48.35164835164835,76.92307692307693,60.98901098901099,46.914623837700766,1.4370245139475823,0.06992421925693725,1.2637362637362637,69.14893617021278,38.297872340425535,2.057614681681917
9.5,1,50-55%,0.5229071572822487,330,45.151515151515156,67.27272727272727,66.96969696969697,45.05234159779614,0.09917355371901193,0.004493926910050565,1.2393939393939395,55.80110497237569,34.25414364640884,5.3050068900499525
9.5,1,55-60%,0.5734233781382506,284,48.943661971830984,70.4225352112676,69.71830985915493,49.09740130926403,-0.1537393374330398,-0.007331371443146166,1.176056338028169,57.931034482758626,31.724137931034484,3.193682751885053
9.5,1,60-65%,0.6233701622375828,168,44.642857142857146,75.59523809523809,58.333333333333336,44.09722222222223,0.5456349206349187,0.025767060320672976,1.1904761904761905,56.98924731182796,29.03225806451613,6.677082410512422
7.0,2,50-55%,0.5221921261378533,220,62.272727272727266,80.9090909090909,76.81818181818181,62.15289256198348,0.1198347107437936,0.00722545011286997,0.6545454545454545,45.78313253012048,19.27710843373494,4.780018895410337
7.0,2,55-60%,0.5738164094215192,221,64.70588235294117,83.2579185520362,77.82805429864254,64.79801805859832,-0.09213570565713702,-0.0059407390579413735,0.6832579185520362,52.56410256410257,25.64102564102564,3.455232024594973
7.0,2,60-65%,0.6245331784667764,127,65.35433070866141,83.46456692913385,77.95275590551181,65.06293012586025,0.2914005828011712,0.018920763834659193,0.7086614173228346,50.0,27.27272727272727,13.450798155961358
7.5,2,50-55%,0.5230866177842145,545,60.366972477064216,78.53211009174312,77.61467889908256,60.95244508038044,-0.5854726033162283,-0.034208550117441776,0.7853211009174312,48.61111111111111,23.61111111111111,3.041539626435143
7.5,2,55-60%,0.5741877077848376,512,54.296875,76.953125,72.4609375,55.760955810546875,-1.464080810546875,-0.07782503858934199,0.87109375,44.871794871794876,20.085470085470085,1.1661573212839536
7.5,2,60-65%,0.6223500169966041,312,58.65384615384615,79.8076923076923,73.71794871794873,58.83259368836292,-0.1787475345167655,-0.010115991501219035,0.8493589743589743,53.48837209302325,26.356589147286826,5.818731166934693
7.5,2,65-70%,0.6716788657374662,182,62.08791208791209,78.02197802197803,78.02197802197803,60.874290544620216,1.2136215432918762,0.07077464788732399,0.7637362637362637,56.52173913043478,27.536231884057973,8.821510719734151
8.0,2,50-55%,0.5227995417342518,792,58.080808080808076,74.87373737373737,76.38888888888889,57.195216049382715,0.885592031425364,0.048076372093406546,0.9040404040404041,51.204819277108435,30.72289156626506,3.6333468633439088
8.0,2,55-60%,0.572632248584316,694,56.62824207492796,74.20749279538906,76.80115273775216,56.992209884643174,-0.3639678097152155,-0.01970948350447003,0.877521613832853,53.820598006644516,24.58471760797342,2.3691740229133234
8.0,2,60-65%,0.6233307875910687,401,59.85037406483791,79.80049875311721,73.56608478802993,58.70610257398897,1.144271490848936,0.0646303315431411,0.7830423940149626,53.41614906832298,25.465838509316768,6.511362359794692
8.0,2,65-70%,0.6716239238671528,186,58.06451612903226,78.49462365591397,70.96774193548387,55.7058619493583,2.358654179673958,0.1264736026210834,0.8602150537634409,56.41025641025641,28.205128205128204,7.752225093272136
8.5,2,50-55%,0.5224312538673268,1052,57.22433460076045,76.80608365019012,74.23954372623575,57.02048605589209,0.2038485448683569,0.011044049369720805,0.8830798479087453,53.11111111111111,29.777777777777775,3.1600825366799006
8.5,2,55-60%,0.574447599467658,915,54.53551912568307,75.62841530054645,73.33333333333333,55.46083788706739,-0.9253187613843306,-0.048738471378954255,0.9256830601092896,50.24038461538461,25.48076923076923,3.4496442727092673
8.5,2,60-65%,0.6230576499017262,541,55.637707948244,77.81885397412199,72.45841035120148,56.386304543171576,-0.7485965949275752,-0.040334301367084754,0.9131238447319778,52.083333333333336,28.749999999999996,4.273199120821064
8.5,2,65-70%,0.6705670558488015,259,54.440154440154444,76.06177606177607,74.13127413127413,56.38556372147106,-1.9454092813166124,-0.10411026169657177,0.9111969111969112,50.0,28.8135593220339,6.123925276470019
9.0,2,50-55%,0.5224164428949932,665,54.58646616541354,73.23308270676692,74.58646616541354,54.62196845497201,-0.035502289558475564,-0.0018417936872669712,0.9939849624060151,52.317880794701985,32.450331125827816,3.964062298564334
9.0,2,55-60%,0.57272498458952,583,56.60377358490566,75.47169811320755,75.64322469982847,57.08922618854979,-0.485452603644132,-0.026286097855252516,0.8816466552315609,56.52173913043478,25.691699604743086,5.220679416774783
9.0,2,60-65%,0.6225784305894491,353,56.09065155807366,77.90368271954674,73.08781869688386,56.93810238425796,-0.8474508261843039,-0.04605519381684153,0.830028328611898,45.806451612903224,22.58064516129032,9.11753396823746
9.0,2,65-70%,0.6701180590294172,182,58.24175824175825,78.02197802197803,75.82417582417582,59.15952179688443,-0.9177635551261831,-0.05176468008163903,0.8406593406593407,51.31578947368421,34.21052631578947,8.227805333677225
9.5,2,50-55%,0.5229071572822487,330,54.848484848484844,75.15151515151514,72.42424242424242,54.42791551882461,0.4205693296602364,0.021777752847968995,1.1606060606060606,66.44295302013423,43.624161073825505,5.365797912413789
9.5,2,55-60%,0.5734233781382506,284,52.46478873239436,71.47887323943662,75.0,53.60915492957747,-1.144366197183111,-0.058531842667502144,0.9788732394366197,52.59259259259259,27.40740740740741,2.7774297279297873
9.5,2,60-65%,0.6233701622375828,168,48.214285714285715,73.80952380952381,68.45238095238095,50.52437641723356,-2.310090702947848,-0.11306379536832079,1.119047619047619,57.47126436781609,28.735632183908045,5.197677161625932
7.0,3,50-55%,0.5221921261378533,220,60.0,75.45454545454545,78.18181818181819,58.99173553719008,1.0082644628099158,0.05672624755803813,0.8272727272727273,59.09090909090909,29.545454545454547,9.038518261791085
7.0,3,55-60%,0.5738164094215192,221,55.65610859728507,74.6606334841629,76.01809954751131,56.75559468479351,-1.099486087508439,-0.05920327401661496,0.8506787330316742,57.14285714285714,25.510204081632654,6.300972037666616
7.0,3,60-65%,0.6245331784667764,127,68.50393700787401,81.10236220472441,81.10236220472441,65.77593155186311,2.728005456010907,0.17799352750809008,0.6456692913385826,57.49999999999999,35.0,9.08243641193353
7.5,3,50-55%,0.5230866177842145,545,57.247706422018354,73.02752293577981,78.89908256880734,57.61804561905565,-0.3703391970372949,-0.0204507544291963,0.8733944954128441,54.506437768240346,26.180257510729614,4.391813293285693
7.5,3,55-60%,0.5741877077848376,512,55.859375,77.5390625,70.5078125,54.67109680175781,1.1882781982421875,0.062441280810972326,0.900390625,53.53982300884957,26.991150442477874,4.014012055027248
7.5,3,60-65%,0.6223500169966041,312,54.166666666666664,77.88461538461539,70.83333333333334,55.168269230769226,-1.001602564102566,-0.053095791659677226,0.9006410256410257,51.048951048951054,25.174825174825177,3.4624230260406113
7.5,3,65-70%,0.6716788657374662,182,53.2967032967033,75.27472527472527,70.32967032967034,52.940466127279315,0.35623716942397854,0.018076469057635748,0.9395604395604396,49.411764705882355,28.235294117647058,4.853906381432147
8.0,3,50-55%,0.5227995417342518,792,52.90404040404041,71.5909090909091,73.48484848484848,52.60847107438017,0.2955693296602391,0.014847584363876485,1.0012626262626263,53.88739946380697,28.9544235924933,3.0796119105355437
8.0,3,55-60%,0.572632248584316,694,55.18731988472623,73.48703170028818,75.07204610951008,55.16821832255063,0.01910156217559411,0.0010003498574276777,0.9380403458213257,55.948553054662376,27.974276527331188,2.1799006465844446
8.0,3,60-65%,0.6233307875910687,401,55.36159600997507,76.30922693266832,72.06982543640898,54.99592664224725,0.36566936772781666,0.01916888612774717,0.9177057356608479,53.63128491620112,30.726256983240223,7.748804786154537
8.0,3,65-70%,0.6716239238671528,186,53.76344086021505,75.80645161290323,72.58064516129032,55.02081165452653,-1.2573707943114854,-0.06581448259990073,0.8924731182795699,50.0,20.930232558139537,7.872456629467782
8.5,3,50-55%,0.5224312538673268,1052,52.09125475285171,74.1444866920152,71.29277566539925,52.859662565600196,-0.7684078127484839,-0.03879335984862757,1.0332699619771863,57.341269841269835,30.753968253968257,2.4410776479817846
8.5,3,55-60%,0.574447599467658,915,50.7103825136612,72.02185792349727,69.94535519125684,50.37594433993251,0.33443817372869056,0.016249462781743284,1.1191256830601093,61.4190687361419,30.376940133037696,2.141262819702293
8.5,3,60-65%,0.6230576499017262,541,53.23475046210721,74.67652495378928,69.31608133086876,51.76284077203508,1.4719096900721262,0.07339306935458625,1.0628465804066543,58.498023715415016,33.201581027667984,5.982683209243744
8.5,3,65-70%,0.6705670558488015,259,49.80694980694981,75.67567567567568,65.25096525096525,49.3791088385683,0.4278409683815043,0.020942039736200953,1.162162162162162,56.15384615384615,29.230769230769234,13.90397367158859
9.0,3,50-55%,0.5224164428949932,665,50.225563909774436,72.78195488721805,68.7218045112782,50.01707275708067,0.20849115269376828,0.010103670748353387,1.0992481203007518,54.98489425981873,29.305135951661633,6.892562361181273
9.0,3,55-60%,0.57272498458952,583,50.08576329331046,72.5557461406518,68.61063464837049,49.78095790096178,0.3048053923486782,0.014718855437703519,1.0566037735849056,55.670103092783506,28.1786941580756,4.167609095785427
9.0,3,60-65%,0.6225784305894491,353,47.875354107648725,67.42209631728045,71.95467422096317,48.51334975804316,-0.6379956503944351,-0.030303673234907798,1.1841359773371105,55.434782608695656,34.78260869565217,7.598193066489258
9.0,3,65-70%,0.6701180590294172,182,54.94505494505495,74.72527472527473,72.52747252747253,54.196353097452,0.7487018476029506,0.03859502646172398,0.9340659340659341,47.5609756097561,26.82926829268293,3.629684843893171
9.5,3,50-55%,0.5229071572822487,330,55.15151515151515,74.54545454545455,73.63636363636363,54.892561983471076,0.25895316804407376,0.013492087486937455,0.9636363636363636,54.054054054054056,30.405405405405407,3.6711625173509317
9.5,3,55-60%,0.5734233781382506,284,50.0,72.53521126760563,69.71830985915493,50.570323348541955,-0.5703233485419568,-0.027809622871308094,1.1126760563380282,59.154929577464785,30.985915492957744,9.58059379884361
9.5,3,60-65%,0.6233701622375828,168,52.976190476190474,71.42857142857143,72.61904761904762,51.87074829931972,1.1054421768707523,0.05487626202647711,1.0654761904761905,58.22784810126582,34.177215189873415,7.0421454746048395
7.0,4,50-55%,0.5221921261378533,220,60.909090909090914,75.9090909090909,80.0,60.72727272727273,0.181818181818183,0.010629279561748656,0.7545454545454545,48.837209302325576,17.441860465116278,4.010154537332579
7.0,4,55-60%,0.5738164094215192,221,60.633484162895925,79.18552036199095,77.37556561085974,61.270244261993,-0.6367600990970779,-0.03748688824327533,0.8009049773755657,55.172413793103445,26.436781609195403,6.799122059815965
7.0,4,60-65%,0.6245331784667764,127,59.84251968503938,77.95275590551181,77.16535433070865,60.1525203050406,-0.3100006200012273,-0.017813996168515204,0.7401574803149606,49.01960784313725,21.568627450980394,15.18113634308626
7.5,4,50-55%,0.5230866177842145,545,57.247706422018354,74.31192660550458,75.77981651376146,56.313441629492466,0.9342647925258851,0.04991251647820068,0.9100917431192661,56.22317596566524,28.32618025751073,6.288670567623209
7.5,4,55-60%,0.5741877077848376,512,58.7890625,75.0,79.8828125,59.912109375,-1.123046875,-0.06469741702920044,0.859375,52.60663507109005,28.436018957345972,2.938493689354476
7.5,4,60-65%,0.6223500169966041,312,51.92307692307693,74.35897435897436,71.15384615384616,52.909270216962526,-0.9861932938855955,-0.049852220257017944,0.9615384615384616,51.33333333333333,25.333333333333336,5.648747058452534
7.5,4,65-70%,0.6716788657374662,182,53.84615384615385,79.67032967032966,68.68131868131869,54.7186330153363,-0.8724791691824607,-0.046743426536047364,0.9560439560439561,52.38095238095239,27.380952380952383,4.009193195294709
8.0,4,50-55%,0.5227995417342518,792,56.186868686868685,73.10606060606061,75.37878787878788,55.10646235078054,1.0804063360881466,0.0565592876262268,0.9204545454545454,53.02593659942363,28.818443804034583,2.5637080555648737
8.0,4,55-60%,0.572632248584316,694,53.602305475504316,74.49567723342939,72.3342939481268,53.88592214867659,-0.2836166731722711,-0.014545086946849152,0.9711815561959655,53.105590062111794,30.124223602484474,4.557549677107034
8.0,4,60-65%,0.6233307875910687,401,51.6209476309227,72.06982543640898,70.82294264339151,51.041971132020315,0.5789764989023838,0.028388317079073473,1.084788029925187,54.123711340206185,35.56701030927835,5.593921368789764
8.0,4,65-70%,0.6716239238671528,186,54.83870967741935,76.34408602150538,71.50537634408603,54.59012602613019,0.24858365128915816,0.012958782046169928,0.7956989247311828,45.23809523809524,20.238095238095237,8.573262152098046
8.5,4,50-55%,0.5224312538673268,1052,51.615969581749056,71.95817490494296,72.52851711026615,52.1901971981668,-0.574227616417744,-0.028638180155546186,0.973384030418251,50.09823182711198,28.68369351669941,2.807305663191827
8.5,4,55-60%,0.574447599467658,915,52.459016393442624,73.77049180327869,71.14754098360656,52.48589088954583,-0.026874496103201917,-0.0013484428757888293,0.9978142076502732,56.09195402298851,28.045977011494255,5.382049048107375
8.5,4,60-65%,0.6230576499017262,541,52.495378927911275,72.64325323475046,72.82809611829944,52.90469828926374,-0.40931936135246705,-0.02064062800609775,1.0351201478743068,54.474708171206224,31.1284046692607,4.25264904186684
8.5,4,65-70%,0.6705670558488015,259,55.98455598455598,78.37837837837837,67.95366795366795,53.26098299071271,2.7235729938432707,0.14177548276655977,0.9845559845559846,57.01754385964912,31.57894736842105,12.476888491943054
9.0,4,50-55%,0.5224164428949932,665,49.17293233082707,72.03007518796993,70.67669172932331,50.9084741930013,-1.735541862174228,-0.08493524046578788,1.0751879699248121,57.98816568047337,28.402366863905325,4.282412819752397
9.0,4,55-60%,0.57272498458952,583,49.056603773584904,70.15437392795883,69.81132075471697,48.97569500631088,0.08090876727402385,0.0038516150690126433,1.0943396226415094,57.57575757575758,30.303030303030305,3.0731251655856267
9.0,4,60-65%,0.6225784305894491,353,49.008498583569406,71.10481586402267,69.68838526912181,49.55179802421976,-0.5432994406503522,-0.026079080785674953,1.0906515580736544,51.11111111111111,25.555555555555554,2.282786594477143
9.0,4,65-70%,0.6701180590294172,182,50.54945054945055,75.82417582417582,65.38461538461539,49.57734573119188,0.9721048182586622,0.047725032721486885,0.9945054945054945,56.666666666666664,23.333333333333332,9.419442267225149
9.5,4,50-55%,0.5229071572822487,330,46.36363636363636,65.45454545454545,71.51515151515152,46.80991735537191,-0.4462809917355426,-0.02079395212477524,1.121212121212121,54.23728813559322,31.07344632768362,3.8317205999188886
9.5,4,55-60%,0.5734233781382506,284,47.183098591549296,67.25352112676056,67.95774647887323,45.703977385439394,1.4791212061099013,0.06754340260311727,1.2077464788732395,63.33333333333333,37.333333333333336,6.24285308313753
9.5,4,60-65%,0.6233701622375828,168,49.404761904761905,71.42857142857143,68.45238095238095,48.894557823129254,0.5102040816326536,0.024303252296561505,1.1547619047619047,62.35294117647059,31.76470588235294,9.442335143903831
7.0,5,50-55%,0.5221921261378533,220,61.81818181818181,77.27272727272727,78.63636363636364,60.764462809917354,1.0537190082644643,0.06134635065474197,0.7227272727272728,46.42857142857143,23.809523809523807,8.402143758937608
7.0,5,55-60%,0.5738164094215192,221,57.01357466063348,72.39819004524887,77.37556561085974,56.018509039536454,0.9950656210970243,0.053202042167269294,0.8823529411764706,55.78947368421052,26.31578947368421,10.765335681312093
7.0,5,60-65%,0.6245331784667764,127,44.09448818897638,68.50393700787401,67.71653543307087,46.38849277698556,-2.2940045880091797,-0.10562602785031569,1.236220472440945,63.38028169014085,28.169014084507044,4.760238209093353
7.5,5,50-55%,0.5230866177842145,545,54.12844036697248,70.8256880733945,74.6788990825688,52.89184412086525,1.2365962461072244,0.06255931230812016,1.0844036697247705,61.6,34.4,5.745443328679977
7.5,5,55-60%,0.5741877077848376,512,56.8359375,78.125,72.65625,56.7626953125,0.0732421875,0.003974904820801443,0.83984375,47.05882352941176,25.339366515837103,9.61246808566023
7.5,5,60-65%,0.6223500169966041,312,55.12820512820513,76.28205128205127,72.75641025641025,55.50008218277448,-0.3718770545693473,-0.019637302974072207,0.9871794871794872,63.57142857142857,30.714285714285715,5.95016271848063
7.5,5,65-70%,0.6716788657374662,182,63.18681318681318,81.31868131868131,75.82417582417582,61.65921990097814,1.5275932858350494,0.091540718986932,0.8241758241758241,53.73134328358209,29.850746268656714,3.2531474130584965
8.0,5,50-55%,0.5227995417342518,792,52.65151515151515,70.95959595959596,73.48484848484848,52.14455157636976,0.5069635751453916,0.025300197097634553,0.9924242424242424,52.53333333333333,28.000000000000004,4.7664552267951965
8.0,5,55-60%,0.572632248584316,694,52.88184438040345,72.19020172910663,73.9193083573487,53.3624978199304,-0.4806534395269457,-0.02443180243907809,0.9481268011527377,48.01223241590214,27.522935779816514,4.833559263152316
8.0,5,60-65%,0.6233307875910687,401,53.11720698254364,76.05985037406484,69.57605985037407,52.919447018364316,0.19775996417932262,0.01007301699806925,1.0374064837905237,56.38297872340425,30.319148936170215,5.500276262177621
8.0,5,65-70%,0.6716239238671528,186,54.83870967741935,76.88172043010752,70.96774193548387,54.56122095039889,0.27748872702045846,0.014500572231626268,1.0,60.71428571428571,34.523809523809526,8.530365027538332
8.5,5,50-55%,0.5224312538673268,1052,52.18631178707225,71.10266159695817,73.38403041825094,52.17799881449782,0.00831297257443131,0.0004149660537639386,1.040874524714829,58.8469184890656,29.025844930417495,2.9674029929257832
8.5,5,55-60%,0.574447599467658,915,51.80327868852459,72.56830601092896,71.36612021857923,51.78918450834602,0.014094180178569893,0.0006988015676526617,1.0349726775956285,55.55555555555556,29.705215419501137,5.386158299384465
8.5,5,60-65%,0.6230576499017262,541,52.865064695009245,73.38262476894639,71.53419593345656,52.49367058333133,0.37139411167791403,0.018622466501536945,1.024029574861368,55.294117647058826,28.627450980392155,5.440543386402077
8.5,5,65-70%,0.6705144543337256,258,52.71317829457365,74.8062015503876,68.6046511627907,51.32053362177754,1.3926446727961062,0.06912183495498643,0.9806201550387597,50.0,28.688524590163933,7.166378949731403
9.0,5,50-55%,0.5224164428949932,665,49.774436090225564,71.8796992481203,70.07518796992481,50.36983436033693,-0.5953982701113636,-0.028919888284852424,1.0345864661654136,53.89221556886228,28.143712574850298,5.210244642018867
9.0,5,55-60%,0.57272498458952,583,51.45797598627787,71.69811320754717,72.89879931389366,52.267063659018085,-0.8090876727402163,-0.040409136704691234,1.0034305317324186,53.71024734982333,26.501766784452297,3.3268792829477043
9.0,5,60-65%,0.6225784305894491,353,51.55807365439094,72.23796033994334,72.23796033994334,52.183229140752275,-0.6251554863613396,-0.031172468987595015,1.0396600566572238,56.14035087719298,29.239766081871345,6.324664239535633
9.0,5,65-70%,0.6701180590294172,182,52.197802197802204,76.92307692307693,69.23076923076923,53.25443786982249,-1.0566356720202896,-0.05433755530805234,0.9505494505494505,45.97701149425287,19.54022988505747,13.724752436885623
9.5,5,50-55%,0.5229071572822487,330,46.36363636363636,67.57575757575758,67.27272727272727,45.460055096418735,0.9035812672176291,0.041139822454555004,1.196969696969697,61.5819209039548,35.02824858757062,4.392463867628462
9.5,5,55-60%,0.5734233781382506,284,44.36619718309859,67.25352112676056,69.36619718309859,46.651210077365604,-2.285012894267008,-0.10562687662207572,1.2570422535211268,62.65822784810127,34.177215189873415,3.099151890452443
9.5,5,60-65%,0.6233701622375828,168,52.38095238095239,75.0,73.21428571428571,54.91071428571428,-2.5297619047618958,-0.13192572253425366,0.9880952380952381,55.00000000000001,26.25,10.868113273192881
7.0,6,50-55%,0.5221921261378533,220,57.27272727272727,78.63636363636364,72.72727272727273,57.190082644628106,0.08264462809917106,0.004527436776116863,1.0,59.57446808510638,30.851063829787233,6.645828687944136
7.0,6,55-60%,0.5738164094215192,221,59.72850678733032,77.82805429864254,76.47058823529412,59.515570934256054,0.21293585307425866,0.01208442669822316,0.7647058823529411,41.57303370786517,24.719101123595504,8.269161827983416
7.0,6,60-65%,0.6245331784667764,127,52.75590551181102,77.95275590551181,70.07874015748031,54.628309256618515,-1.8724037448074937,-0.09863329197981666,0.7637795275590551,43.333333333333336,15.0,6.787622575298942
7.5,6,50-55%,0.5231091405445047,544,56.80147058823529,75.73529411764706,73.71323529411765,55.82693555363322,0.9745350346020754,0.051643953020679194,0.9724264705882353,60.851063829787236,34.04255319148936,5.686123521763839
7.5,6,55-60%,0.5741877077848376,512,55.859375,74.8046875,74.8046875,55.95741271972656,-0.0980377197265625,-0.005201692067925597,0.873046875,54.424778761061944,24.336283185840706,7.504093206161971
7.5,6,60-65%,0.6223500169966041,312,56.41025641025641,76.6025641025641,73.71794871794873,56.469838921762005,-0.0595825115055959,-0.0031973985143165895,0.9358974358974359,56.61764705882353,28.676470588235293,3.1729405714405017
7.5,6,65-70%,0.6716788657374662,182,50.54945054945055,74.72527472527473,70.32967032967034,52.55403936722619,-2.0045888177756432,-0.10097592601109223,0.989010989010989,57.77777777777777,28.888888888888886,5.86424125059908
8.0,6,50-55%,0.5228105268760499,790,54.55696202531646,75.18987341772151,71.89873417721519,54.06056721679218,0.49639480852428086,0.02556875019611439,0.9316455696202531,50.974930362116986,26.740947075208915,3.4974066354401407
8.0,6,55-60%,0.572632248584316,694,52.1613832853026,73.9193083573487,70.89337175792507,52.40389007466219,-0.2425067893595978,-0.01215868582633251,0.9827089337175793,55.72289156626506,27.710843373493976,4.409615945908414
8.0,6,60-65%,0.6233307875910687,401,53.11720698254364,72.81795511221945,72.81795511221945,53.02454586725208,0.09266111529155907,0.004681412592685777,0.9925187032418953,54.78723404255319,28.723404255319153,7.289561197704572
8.0,6,65-70%,0.6716239238671528,186,57.52688172043011,76.88172043010752,72.04301075268818,55.38790611631402,2.138975604116089,0.1130512587298404,0.9086021505376344,59.49367088607595,29.11392405063291,8.113724349664112
8.5,6,50-55%,0.5224312538673268,1052,51.42585551330798,72.14828897338404,71.00760456273764,51.23077173300178,0.19508378030620444,0.00959152633662805,1.0750950570342206,57.534246575342465,30.332681017612522,2.474770601292118
8.5,6,55-60%,0.5744611703690226,914,53.282275711159734,71.88183807439825,73.41356673960613,52.77102116840396,0.511254542755768,0.025740437733261182,1.0437636761487965,58.31381733021077,32.31850117096019,1.9133511200066688
8.5,6,60-65%,0.6230576499017262,541,49.35304990757856,70.97966728280961,70.60998151571165,50.11872994830549,-0.7656800407269404,-0.03703362072882338,1.1053604436229205,57.299270072992705,28.832116788321166,3.5926636115513313
8.5,6,65-70%,0.6705144543337256,258,56.58914728682171,79.45736434108527,71.31782945736434,56.66726759209182,-0.07812030527011293,-0.004275271571258825,0.8333333333333334,50.89285714285714,22.321428571428573,3.8513094011380353
9.0,6,50-55%,0.5224338859773857,664,51.05421686746988,72.43975903614458,68.97590361445783,49.965978371316595,1.0882384961532876,0.052649689148805336,1.033132530120482,54.46153846153846,29.230769230769234,5.074846659999274
9.0,6,55-60%,0.5726860167162006,582,51.03092783505154,69.93127147766323,73.02405498281786,51.06665013403242,-0.03572229898087809,-0.001755192886576183,1.02233676975945,53.333333333333336,27.719298245614034,4.943457373962129
9.0,6,60-65%,0.6225784305894491,353,54.107648725212464,71.95467422096317,73.08781869688386,52.59010183855099,1.5175468866614694,0.0761702564205096,1.0084985835694051,61.111111111111114,29.629629629629626,7.463513715504249
9.0,6,65-70%,0.6701180590294172,182,54.395604395604394,75.82417582417582,70.32967032967034,53.32689288733244,1.0687115082719467,0.054643123424976736,1.0274725274725274,59.036144578313255,32.53012048192771,6.914027914005712
9.5,6,50-55%,0.5229071572822487,330,47.27272727272727,69.6969696969697,69.39393939393939,48.36547291092746,-1.0927456382001877,-0.051594643421306596,1.1545454545454545,55.74712643678161,32.18390804597701,6.540949280078936
9.5,6,55-60%,0.5734243450510202,283,48.409893992932865,72.08480565371025,67.49116607773851,48.65087590056063,-0.2409819076277686,-0.011468802721147624,1.0212014134275618,50.68493150684932,23.972602739726025,6.917658114045196
9.5,6,60-65%,0.6233701622375828,168,49.404761904761905,69.04761904761905,70.23809523809523,48.497732426303855,0.9070294784580546,0.04291244828562322,1.130952380952381,61.1764705882353,36.470588235294116,12.569713869508197
7.0,7,50-55%,0.5221921261378533,220,55.00000000000001,73.18181818181819,73.18181818181819,53.555785123966935,1.4442148760330675,0.07358669333614092,0.990909090909091,59.59595959595959,35.35353535353536,8.09802666631951
7.0,7,55-60%,0.5738286841291543,220,61.81818181818181,79.0909090909091,76.81818181818181,60.756198347107436,1.0619834710743792,0.061884393453841724,0.8409090909090909,58.333333333333336,23.809523809523807,6.559016671403276
7.0,7,60-65%,0.6245331784667764,127,63.77952755905512,82.67716535433071,74.80314960629921,61.845123690247384,1.9344038688077325,0.1177366873414484,0.7165354330708661,58.69565217391305,23.91304347826087,12.769406779996794
7.5,7,50-55%,0.5231091405445047,544,56.43382352941176,76.65441176470588,74.81617647058823,57.349899978373706,-0.9160764489619444,-0.04988869473721235,0.9191176470588235,54.85232067510548,27.42616033755274,6.67959007838471
7.5,7,55-60%,0.5741877077848376,512,55.2734375,74.21875,74.609375,55.3741455078125,-0.1007080078125,-0.005289587496984111,0.91015625,51.52838427947598,26.200873362445414,5.931255065549469
7.5,7,60-65%,0.6223500169966041,312,51.92307692307693,75.0,70.83333333333334,53.125,-1.2019230769230727,-0.06106801431057286,0.8942307692307693,53.333333333333336,20.0,2.271016731322779
7.5,7,65-70%,0.6716788657374662,182,50.0,74.17582417582418,65.93406593406593,48.90713681922473,1.0928631807752665,0.052687341993481664,1.0769230769230769,51.64835164835166,30.76923076923077,6.243321488103895
8.0,7,50-55%,0.5228105268760499,790,56.32911392405063,74.68354430379746,74.0506329113924,55.30363723762217,1.0254766864284615,0.05380022683489634,0.8924050632911392,54.20289855072464,28.985507246376812,1.8508811840411192
8.0,7,55-60%,0.572632248584316,694,58.64553314121037,74.92795389048992,76.80115273775216,57.54553231070768,1.1000008305026898,0.060125557386470276,0.9135446685878963,57.491289198606275,31.70731707317073,4.9434116576987845
8.0,7,60-65%,0.6233307875910687,401,55.36159600997507,73.06733167082294,75.31172069825436,55.02826474959732,0.33333126037774496,0.01742601297224099,0.9750623441396509,56.424581005586596,32.960893854748605,3.1552344032440858
8.0,7,65-70%,0.6716239238671528,186,56.451612903225815,75.80645161290323,73.11827956989248,55.42837322233785,1.0232396808879662,0.0538930785279972,0.8709677419354839,49.382716049382715,24.691358024691358,8.388842160618395
8.5,7,50-55%,0.5224525966397982,1051,55.66127497621313,75.2616555661275,74.40532825880113,55.998681876985444,-0.33740690077231905,-0.017918636545046312,0.917221693625119,56.22317596566524,27.253218884120173,2.4760726176290127
8.5,7,55-60%,0.5744341921499113,913,57.283680175246445,75.46549835706462,75.35596933187296,56.8677577980947,0.41592237715174507,0.022430282499370548,0.8740416210295728,51.53846153846153,26.153846153846157,2.696646386500449
8.5,7,60-65%,0.623079032973087,540,55.18518518518518,74.25925925925925,72.5925925925926,53.906721536351164,1.2784636488340162,0.06555750640176113,0.9888888888888889,59.50413223140496,30.165289256198346,6.888931808765146
8.5,7,65-70%,0.6705651906299829,257,49.80544747081712,76.65369649805449,66.9260700389105,51.301306605701825,-1.4958591348847028,-0.07515787977027533,1.0817120622568093,54.263565891472865,27.906976744186046,10.983494797620533
9.0,7,50-55%,0.5224526174569737,662,52.26586102719033,71.45015105740181,74.47129909365559,53.20985569682642,-0.9439946696360946,-0.04793549721584042,1.0377643504531722,55.69620253164557,29.11392405063291,5.3155386497791834
9.0,7,55-60%,0.5726860167162006,582,50.34364261168385,70.27491408934708,71.1340206185567,49.98937187798916,0.3542707336946893,0.017105734580489022,1.0910652920962198,55.36332179930796,33.21799307958477,2.511412547189413
9.0,7,60-65%,0.6225784305894491,353,52.97450424929179,73.93767705382436,71.10481586402267,52.57324912325755,0.40125512603423896,0.02016595948734133,1.1473087818696883,61.44578313253012,36.144578313253014,9.923576733868334
9.0,7,65-70%,0.6701180590294172,182,51.098901098901095,72.52747252747253,69.78021978021978,50.609829730708846,0.48907136819225094,0.023859417768034283,1.0604395604395604,50.56179775280899,28.08988764044944,6.12120792129928
9.5,7,50-55%,0.5229071572822487,330,49.3939393939394,70.3030303030303,70.60606060606061,49.63820018365473,-0.24426078971533371,-0.011734397039011996,1.112121212121212,54.49101796407185,29.94011976047904,3.006768174453666
9.5,7,55-60%,0.5734243450510202,283,54.416961130742045,74.55830388692578,71.37809187279152,53.21829464720498,1.1986664835370697,0.06088994237011771,1.0212014134275618,62.7906976744186,31.782945736434108,6.991107642513842
9.5,7,60-65%,0.6234547965356626,167,55.08982035928144,74.8502994011976,73.05389221556887,54.68105704758148,0.4087633116999556,0.021234352736630248,0.8922155688622755,49.333333333333336,25.333333333333336,3.9134922318767265
7.0,8,50-55%,0.5222439886490474,219,59.3607305936073,76.71232876712328,77.1689497716895,59.198098454994685,0.16263213861261727,0.009166984970282073,0.771689497716895,48.31460674157304,22.47191011235955,9.420411198475596
7.0,8,55-60%,0.5738286841291543,220,55.00000000000001,75.45454545454545,72.27272727272728,54.533057851239676,0.4669421487603298,0.02423784676908324,0.8363636363636363,49.494949494949495,21.21212121212121,3.8348846690624274
7.0,8,60-65%,0.6245331784667764,127,51.96850393700787,74.80314960629921,69.29133858267717,51.83210366420733,0.1364002728005409,0.0068110214722372645,0.8818897637795275,47.540983606557376,21.311475409836063,16.987332584621345
7.5,8,50-55%,0.5230971598197773,542,57.01107011070111,75.46125461254613,75.09225092250922,56.66555466292671,0.3455154477744027,0.01856583467807156,0.9169741697416974,51.072961373390555,30.90128755364807,6.957542294456587
7.5,8,55-60%,0.5742322216655975,511,56.75146771037182,76.71232876712328,75.34246575342466,57.796960030024394,-1.0454923196525745,-0.05738924291440625,0.8747553816046967,54.75113122171946,22.624434389140273,3.251238715497854
7.5,8,60-65%,0.6223500169966041,312,54.48717948717948,76.6025641025641,70.83333333333334,54.260149572649574,0.22702991452990817,0.011798181152150552,1.0128205128205128,57.04225352112676,28.87323943661972,9.071037202819547
7.5,8,65-70%,0.6716788657374662,182,60.98901098901099,82.96703296703298,75.27472527472527,62.45320613452482,-1.4641951455138247,-0.0902829783430851,0.6868131868131868,42.25352112676056,18.30985915492958,7.442429927443488
8.0,8,50-55%,0.5228105268760499,790,54.177215189873415,73.29113924050633,73.67088607594937,53.99423169363884,0.18298349623457888,0.009390580383196161,1.0265822784810126,59.94475138121547,30.386740331491712,5.538098263954082
8.0,8,55-60%,0.5726475277372222,693,55.55555555555556,74.02597402597402,75.6132756132756,55.97346376567156,-0.41790821011600254,-0.02219440167170225,0.8888888888888888,51.94805194805194,25.97402597402597,4.510630375853739
8.0,8,60-65%,0.6233307875910687,401,55.61097256857855,75.06234413965088,74.3142144638404,55.781991405526085,-0.17101883694753406,-0.009047377293723834,0.970074812967581,58.98876404494382,27.52808988764045,6.2702767829075325
8.0,8,65-70%,0.6716239238671528,186,47.8494623655914,74.19354838709677,66.12903225806451,49.06347554630593,-1.2140131807145293,-0.05862276493977615,1.1935483870967742,60.824742268041234,34.02061855670103,6.29948434847132
8.5,8,50-55%,0.5224525966397982,1051,57.75451950523311,75.92768791627022,75.92768791627022,57.65013792310526,0.10438158212785487,0.005710917610231162,0.9134157944814463,56.531531531531535,28.82882882882883,3.2355564885809955
8.5,8,55-60%,0.5744341921499113,913,53.997809419496164,74.58926615553122,73.49397590361446,54.81861729502897,-0.820807875532803,-0.04271659019987026,0.9550930996714129,54.285714285714285,26.190476190476193,1.0454346523056814
8.5,8,60-65%,0.6230680815132111,538,53.3457249070632,73.23420074349443,73.97769516728626,54.176973784220785,-0.8312488771575866,-0.04279181547718472,0.9869888475836431,55.77689243027888,31.07569721115538,2.539402997760134
8.5,8,65-70%,0.6705261657669924,256,55.46875,78.125,69.53125,54.3212890625,1.1474609375,0.06030475074573859,0.96484375,63.1578947368421,24.561403508771928,8.569782773124974
9.0,8,50-55%,0.5224798493143206,661,52.193645990922846,71.10438729198184,74.13010590015129,52.70975759919986,-0.5161116082770145,-0.026000687909778844,1.1043872919818456,57.91139240506329,34.49367088607595,4.074090466276473
9.0,8,55-60%,0.5727199730977953,581,55.59380378657487,74.35456110154905,73.49397590361446,54.64612321921075,0.9476805673641175,0.049170535099955344,0.927710843373494,53.100775193798455,29.069767441860467,6.254195261467353
9.0,8,60-65%,0.6225784305894491,353,54.6742209631728,74.22096317280453,72.52124645892351,53.825967626736436,0.8482533364363665,0.043440798112912855,1.0339943342776203,57.49999999999999,35.625,4.636143768805111
9.0,8,65-70%,0.6701409129438677,181,49.171270718232044,72.37569060773481,69.61325966850829,50.383077439638605,-1.2118067214065553,-0.058925494998036204,1.0883977900552486,51.08695652173913,25.0,6.698217320330848
9.5,8,50-55%,0.5228468643294062,329,52.58358662613982,70.51671732522796,75.07598784194529,52.941122125627075,-0.3575354994872493,-0.018126990311124202,1.0699088145896656,57.05128205128205,28.846153846153843,5.63832556710509
9.5,8,55-60%,0.5734243450510202,283,51.590106007067135,73.85159010600707,71.37809187279152,52.713855835383136,-1.1237498283160008,-0.056576400371095896,1.0318021201413428,58.3941605839416,28.467153284671532,5.834294916012039
9.5,8,60-65%,0.6234547965356626,167,53.293413173652695,74.25149700598801,75.44910179640718,56.022087561404135,-2.7286743877514397,-0.14499812471930484,1.095808383233533,57.692307692307686,32.05128205128205,14.051717313548881
7.0,9,50-55%,0.5217179251213042,132,58.333333333333336,73.48484848484848,80.3030303030303,59.01056014692379,-0.677226813590448,-0.03857647240249825,0.8787878787878788,54.54545454545454,29.09090909090909,12.86183828810506
7.0,9,55-60%,0.573476099948198,128,50.78125,64.84375,79.6875,51.67236328125,-0.89111328125,-0.04638961763155947,1.0,52.38095238095239,23.809523809523807,4.378505049387212
7.5,9,50-55%,0.5230455545490603,314,53.82165605095541,70.38216560509554,74.20382165605095,52.226256643271526,1.595399407683884,0.07986760135274704,0.945859872611465,55.172413793103445,28.27586206896552,5.777651303711339
7.5,9,55-60%,0.5751490926804546,289,49.48096885813148,67.47404844290658,71.97231833910035,48.5626369416075,0.9183319165239845,0.043645548383593594,1.0242214532871972,55.47945205479452,23.972602739726025,7.129471044157756
7.5,9,60-65%,0.6225245409739086,146,54.794520547945204,70.54794520547945,76.02739726027397,53.635766560330275,1.1587539876149244,0.05954545272400447,0.9657534246575342,59.09090909090909,25.757575757575758,7.687504858524178
8.0,9,50-55%,0.5224245250213846,460,49.78260869565217,69.1304347826087,71.52173913043478,49.44328922495274,0.339319470699434,0.016275454123782982,1.0347826086956522,50.649350649350644,25.108225108225106,3.3730716113898653
8.0,9,55-60%,0.5726763475994201,403,48.635235732009924,65.50868486352357,74.93796526054591,49.09087550566779,-0.4556397736578621,-0.02211862867505513,1.0818858560794045,54.106280193236714,28.019323671497588,2.0681645393620123
8.0,9,60-65%,0.6224871921172569,220,52.27272727272727,71.36363636363636,72.72727272727273,51.90082644628099,0.37190082644628086,0.018472121975124656,1.0,51.42857142857142,25.71428571428571,3.923592983020243
8.5,9,50-55%,0.5224241545581112,618,50.161812297734635,66.8284789644013,72.81553398058253,48.66151380903007,1.50029848870456,0.07162122879395744,1.0760517799352751,57.467532467532465,29.545454545454547,4.393427596999719
8.5,9,55-60%,0.5745345647694066,517,54.35203094777563,69.82591876208897,78.72340425531915,54.969340302070044,-0.6173093542944152,-0.03286052493805729,0.9574468085106383,52.118644067796616,32.6271186440678,2.022350786376547
8.5,9,60-65%,0.6229873578172321,287,52.613240418118465,70.03484320557492,74.21602787456446,51.977078755357,0.6361616627614697,0.03174522218618114,0.9930313588850174,53.67647058823529,29.411764705882355,3.7172544674830563
9.0,9,50-55%,0.522461105484304,361,51.8005540166205,67.31301939058172,74.79224376731301,50.34491754974256,1.455636466877941,0.07146947834412821,1.0831024930747923,50.0,30.45977011494253,2.2971704402161364
9.0,9,55-60%,0.5727720819393224,339,49.852507374631266,66.96165191740413,74.04129793510324,49.57927619843196,0.27323117619930115,0.013250415940788669,1.1002949852507375,53.529411764705884,30.0,6.287922727421927
9.0,9,60-65%,0.6230691717059157,193,46.63212435233161,64.76683937823834,73.57512953367875,47.65228596740852,-1.0201616150769088,-0.04843339064900795,1.0569948186528497,55.33980582524271,22.330097087378643,8.382754948348731
9.5,9,50-55%,0.5247937864489026,208,45.67307692307692,63.46153846153846,72.11538461538461,45.765532544378694,-0.09245562130177354,-0.00428160504298573,1.0817307692307692,52.21238938053098,27.43362831858407,6.639528406847757
9.5,9,55-60%,0.5728362686983325,166,49.39759036144578,65.66265060240963,78.3132530120482,51.42255770068223,-2.024967339236455,-0.1034809949192371,1.0783132530120483,52.38095238095239,32.142857142857146,15.761172666151277
