pregame_total,inning,clean_i1_i8,n,mean_runs,run_variance,p0_under_pct,p1_pct,p2_pct,p3plus_pct,score_pct,mean_runs_given_score,multi_run_given_score_pct,threeplus_given_score_pct,runs_from_multi_run_innings_pct,nb_p0_pct,nb_zero_residual_pp,seasons,season_p0_sd_pp,season_nb_zero_resid_sd_pp,season_mean_runs_given_score_sd,season_multi_run_given_score_sd_pp,seasons_nb_resid_positive,seasons_nb_resid_negative
7.0,1,True,655,0.8351145038167939,1.5293461260125591,57.404580152671755,19.84732824427481,11.908396946564885,10.839694656488549,42.595419847328245,1.960573476702509,53.40501792114696,25.448028673835125,76.23400365630712,54.454640464193496,2.9499396884782647,5,6.795154977713189,2.0437446247215467,0.27175470712585775,12.928703938967162,5,0
7.0,2,True,655,0.6961832061068702,1.428960944977473,63.81679389312978,18.473282442748094,8.854961832061068,8.854961832061068,36.18320610687022,1.9240506329113924,48.9451476793249,24.47257383966245,73.46491228070175,62.15009989432231,1.666693998807467,5,1.8867076366600857,2.487532260259953,0.1617552085176351,7.318983612951474,4,1
7.0,3,True,655,0.8183206106870229,1.5862081845133882,59.84732824427481,17.404580152671755,10.839694656488549,11.908396946564885,40.15267175572519,2.038022813688213,56.65399239543726,29.65779467680608,78.73134328358209,56.14825172467586,3.699076519598954,5,3.6697753573049607,2.1766924566337424,0.14412650584363476,7.921484655146455,5,0
7.0,4,True,655,0.7938931297709924,1.6256507225062446,59.69465648854961,19.236641221374047,12.061068702290076,9.007633587786259,40.30534351145039,1.9696969696969697,52.27272727272727,22.348484848484848,75.76923076923077,58.09490600086815,1.5997504876814617,5,3.6718574611989934,1.0546702741646492,0.20955584408105155,6.884278557172264,5,0
7.0,5,True,655,0.9068702290076336,1.8521698531643203,55.72519083969466,20.458015267175572,12.213740458015266,11.603053435114504,44.27480916030534,2.0482758620689654,53.79310344827586,26.20689655172414,77.44107744107744,53.725566823276026,1.999624016418633,5,1.7543397253264776,1.2371662856634582,0.195564803432501,5.732255950559713,5,0
7.0,6,True,655,0.8427480916030534,1.7688120083105727,57.25190839694656,21.679389312977097,10.839694656488549,10.229007633587786,42.74809160305344,1.9714285714285715,49.28571428571429,23.92857142857143,74.27536231884058,56.63195209153358,0.6199563054129831,5,3.7660837368200193,1.648951361901366,0.09420580102608671,6.051649685115568,4,1
7.0,7,True,655,0.9022900763358779,1.9934962765833277,58.16793893129771,17.862595419847327,11.755725190839694,12.213740458015266,41.83206106870229,2.156934306569343,57.299270072992705,29.1970802919708,80.20304568527919,55.35380984244816,2.8141290888495596,5,8.042626233536893,1.9620841153176372,0.12222668133055584,6.808269844976043,5,0
7.0,8,True,651,0.8448540706605223,1.6051234786718656,55.29953917050692,22.887864823348693,12.288786482334869,9.523809523809524,44.70046082949308,1.8900343642611683,48.797250859106526,21.305841924398624,72.9090909090909,54.74161293230774,0.5579262381991801,5,6.8752474601255535,2.8940548664230947,0.1697855499255376,8.211590609820705,4,1
7.0,9,False,651,0.6513056835637481,1.6397636771830317,68.97081413210445,14.592933947772657,8.448540706605224,7.987711213517665,31.02918586789555,2.099009900990099,52.97029702970298,25.742574257425744,77.59433962264151,67.28394482434483,1.6868693077596197,5,4.489561825175195,2.1423674844431346,0.20902855148194732,7.412914205256402,4,1
7.5,1,True,1612,0.8852357320099256,1.6870072069657582,54.59057071960298,22.51861042183623,11.786600496277917,11.104218362282877,45.40942928039702,1.9494535519125684,50.409836065573764,24.453551912568305,74.56201822004205,53.24446904657027,1.346101673032707,5,2.585610386302151,1.0913977310283576,0.08954265168848734,3.0504993265977176,4,1
7.5,2,True,1612,0.8275434243176178,1.786503458696647,58.06451612903226,21.339950372208435,10.607940446650124,9.987593052109181,41.93548387096774,1.9733727810650887,49.112426035502956,23.816568047337277,74.2128935532234,57.72000145070979,0.34451467832247173,5,1.8682510365540952,1.2280838857626608,0.1337414714329012,3.3167509424382775,4,1
7.5,3,True,1612,0.9001240694789082,1.7845561608852292,55.521091811414394,20.843672456575682,11.84863523573201,11.786600496277917,44.478908188585606,2.02370990237099,53.13807531380753,26.499302649930268,76.84355616815989,53.42090208525103,2.1001897261633595,5,2.599259263847846,1.8681442226908862,0.13709009080955717,6.47157190987872,4,1
7.5,4,True,1612,0.9181141439205955,1.939907552450353,55.955334987593055,20.471464019851116,11.352357320099255,12.220843672456576,44.044665012406945,2.084507042253521,53.52112676056338,27.74647887323944,77.70270270270271,53.94920213328695,2.0061328543060974,5,2.5115470893953886,1.0813407874193763,0.07345321732007223,3.286816927154135,5,0
7.5,5,True,1612,0.955955334987593,2.13399927298828,56.07940446650124,18.92059553349876,11.662531017369728,13.337468982630273,43.92059553349876,2.176553672316384,56.92090395480226,30.36723163841808,80.20765736534717,53.63608174973393,2.4433227167673044,5,5.25235494721077,1.4615580968172353,0.22660756439098328,4.489777260037366,5,0
7.5,6,True,1611,0.9199255121042831,1.8948263298518337,55.92799503414029,19.118559900682804,12.352576039726877,12.60086902545003,44.07200496585971,2.0873239436619717,56.61971830985916,28.591549295774648,79.21727395411605,53.4061508189332,2.521844215207092,5,2.36153866021544,1.1723165493353054,0.1286184217772701,2.6603702246082674,5,0
7.5,7,True,1610,0.9341614906832298,1.8726047967758996,54.09937888198758,21.490683229813666,12.546583850931677,11.863354037267081,45.90062111801242,2.0351826792963466,53.179972936400546,25.84573748308525,76.99468085106383,52.377885406683845,1.721493475303737,5,3.4193316049166644,1.9442804743057547,0.14538351802990698,4.136265562106243,4,1
7.5,8,True,1609,0.8986948415164698,2.013984613909941,56.86761963952765,20.136730888750776,11.622125543816034,11.37352392790553,43.13238036047235,2.0835734870317,53.31412103746398,26.368876080691646,77.59336099585062,55.74696564733592,1.1206539921917336,5,3.800523542258827,1.7105990847426509,0.11484868002266756,4.503682838400712,4,1
7.5,9,False,1607,0.6596141879278158,1.3666307352406695,65.6502800248911,17.29931549471064,9.147479775980088,7.902924704418171,34.3497199751089,1.9202898550724639,49.63768115942029,23.007246376811594,73.77358490566037,63.87258607821001,1.7776939466810915,5,0.9774492087829901,0.7369188136221112,0.08278777236022486,1.3336338297261765,5,0
8.0,1,True,2146,0.972972972972973,2.029106029106029,53.12208760484622,21.99440820130475,11.46318732525629,13.42031686859273,46.87791239515378,2.0755467196819084,53.08151093439364,28.628230616302186,77.39463601532567,51.7461494073679,1.3759381974783214,5,3.726296684010453,1.4912985117618363,0.027168802830054472,2.9021407346363444,4,1
8.0,2,True,2146,0.8727865796831314,1.8817112989526785,57.735321528424976,19.94408201304753,10.764212488350418,11.556383970177073,42.264678471575024,2.065049614112459,52.811466372657115,27.342888643880926,77.14895888948212,55.987624379552834,1.7476971488721404,5,2.0385175638128623,0.4403790688084814,0.1268486362898705,3.291072723163848,5,0
8.0,3,True,2146,0.9520037278657968,1.9384878246947213,54.14725069897484,21.202236719478098,11.78937558247903,12.861136999068034,45.85274930102516,2.076219512195122,53.760162601626014,28.04878048780488,77.72883015173764,52.03243883391402,2.114811865060817,5,0.86041988661367,1.1034514257159296,0.1372460614734153,4.214788991096175,5,0
8.0,4,True,2146,0.9613233923578751,2.0026992268371577,54.007455731593666,21.90121155638397,10.344827586206897,13.74650512581547,45.992544268406334,2.0901722391084094,52.38095238095239,29.88855116514691,77.21764420746486,52.13588177674685,1.8715739548468169,5,1.9195426470336308,1.0400649111665163,0.08244842322595859,2.3706897775445093,5,0
8.0,5,True,2146,0.9930102516309413,2.1188322395218946,52.79589934762349,22.367194780987884,11.276794035414724,13.560111835973904,47.20410065237651,2.1036525172754197,52.61599210266535,28.726554787759127,77.47536367902393,51.489056130416714,1.3068432172067768,5,3.275328120431611,1.581947609296299,0.12840108288946864,4.579262133033449,4,1
8.0,6,True,2145,0.9505827505827505,1.9415866471836623,54.07925407925408,21.165501165501166,11.981351981351981,12.773892773892772,45.92074592074592,2.07005076142132,53.90862944162437,27.81725888324873,77.73418342324669,52.14187836574723,1.9373757135068503,5,3.216927645861098,0.8349874179088959,0.07354397255466284,1.7766325757088886,5,0
8.0,7,True,2144,0.9127798507462687,1.956458157764607,56.809701492537314,19.496268656716417,10.867537313432836,12.826492537313433,43.190298507462686,2.113390928725702,54.85961123110151,29.697624190064797,78.64077669902913,54.4101202912479,2.3995812012894135,5,1.7168321539983487,1.2554374436883649,0.09721442631685176,2.6680442330747205,5,0
8.0,8,True,2144,0.988339552238806,2.167386135700406,54.24440298507462,19.58955223880597,13.013059701492539,13.152985074626866,45.75559701492538,2.1600407747196737,57.18654434250765,28.74617737003058,80.1793298725814,52.17515975060708,2.0692432344675438,5,1.5235110461735595,1.1141428822816415,0.10614737158257159,2.790840890079098,5,0
8.0,9,False,2143,0.6710219318712086,1.4962980681462195,65.2356509566029,18.33877741483901,8.586094260382641,7.839477368175456,34.764349043397104,1.9302013422818791,47.24832214765101,22.550335570469798,72.67037552155772,64.56211718990933,0.6735337666935681,5,2.4915231549651513,1.0340354460501775,0.10299614961846396,3.5669886866275324,4,1
8.5,1,True,2871,1.049808429118774,2.1121524023122,51.2365029606409,21.003134796238246,13.061650992685475,14.69871125043539,48.7634970393591,2.152857142857143,56.92857142857143,30.142857142857142,79.99336429993365,48.41983213957745,2.816670821063444,5,1.333190052722341,1.0101699918463154,0.11155265019283364,4.3077878963265945,5,0
8.5,2,True,2871,0.896551724137931,1.8656013456686293,56.14768373389063,21.38627655869035,10.170672239637756,12.295367467781261,43.85231626610937,2.044479745830024,51.23113582208102,28.038125496425735,76.14607614607614,54.45329138486805,1.6943923490225776,5,2.537596578728993,0.6522951446710844,0.07577697323287479,2.2581112398733647,5,0
8.5,3,True,2871,1.0794148380355277,2.399265998929582,51.48032044583769,20.2020202020202,13.444792755137582,14.872866597004528,48.51967955416231,2.224694903086863,58.3632447954056,30.65326633165829,81.28428525330752,49.4052281302492,2.0750923155884946,5,2.2689559712548726,0.7580508425283455,0.07288582226729921,1.510432928309553,5,0
8.5,4,True,2871,0.9958202716823407,2.0306445446899613,52.385928247997214,22.152560083594565,11.494252873563218,13.967258794845003,47.614071752002786,2.091441111923921,53.474762253109,29.334308705193855,77.75445960125919,50.51908251099403,1.8668457370031866,5,1.732766507288632,0.696876250488921,0.06972126076591077,2.472344303070871,5,0
8.5,5,True,2871,1.036224312086381,2.230743091129971,52.10727969348659,20.89864158829676,12.852664576802509,14.14141414141414,47.89272030651341,2.1636363636363636,56.36363636363636,29.52727272727273,79.83193277310924,50.19585932228551,1.911420371201078,5,3.6912827489967217,0.8964841348410906,0.07629041208073699,1.7895370464316616,5,0
8.5,6,True,2869,1.0400836528407111,2.229564288676192,52.21331474381318,20.669222725688392,12.966190310212616,14.151272220285813,47.78668525618682,2.176513493800146,56.74690007293947,29.61342086068563,80.12734584450402,49.98432434663825,2.2289903971749236,5,1.936741177420093,0.6107882266691447,0.07514197022124909,1.7570965704043235,5,0
8.5,7,True,2867,0.9298918730380188,1.937511607285639,55.56330659225671,19.986048133937913,12.277642134635508,12.173003139169863,44.43669340774329,2.0926216640502355,55.023547880690735,27.39403453689168,78.50712678169542,53.26089144554786,2.302415146708847,5,1.5140985111659988,0.9623641032086765,0.11192129694862078,3.8170217452047535,5,0
8.5,8,True,2862,0.9479385045422781,2.0158136445916814,55.52061495457722,19.39203354297694,12.54367575122292,12.54367575122292,44.47938504542278,2.131186174391202,56.402199528672426,28.201099764336213,79.54294139329156,52.999841607797926,2.5207733467792925,5,1.9682616820235879,0.7998713595069543,0.11345782706679215,3.67259706093303,5,0
8.5,9,False,2861,0.6637539321915414,1.449836112856036,66.79482698357218,16.00838867528836,8.353722474659211,8.843061866480252,33.20517301642782,1.9989473684210526,51.78947368421053,26.63157894736842,75.88204318062138,64.53994442191906,2.2548825616531154,5,1.2231581210385125,0.42066787282947565,0.06940792778930392,3.1085674495767877,5,0
9.0,1,True,1839,1.1343121261555194,2.3056718742326368,48.23273518216422,21.968461120174005,13.268080478520936,16.53072321914084,51.76726481783578,2.1911764705882355,57.56302521008403,31.932773109243694,80.63279002876318,45.878617170507646,2.354118011656575,5,2.8961371889868697,0.7910306639754315,0.10059716201577995,2.656501763212329,5,0
9.0,2,True,1839,0.9042958129418162,1.9026964434590639,55.899945622621,21.0984230560087,10.60358890701468,12.39804241435563,44.100054377379,2.0505548705302097,52.15782983970407,28.113440197287296,76.66867107636801,54.37446744148894,1.5254781811320561,5,3.241706880156614,1.5946773656537185,0.12870837015410966,4.325636432589321,4,1
9.0,3,True,1839,1.0918977705274606,2.340298844820924,50.24469820554649,22.240348015225667,12.343665035345296,15.171288743882544,49.75530179445351,2.194535519125683,55.30054644808743,30.491803278688522,79.63147410358566,48.284193638263076,1.9605045672834165,5,2.5664550288777184,0.9049357792269437,0.043944859614627116,3.728730251229763,5,0
9.0,4,True,1839,1.0755845568243612,2.156960689119377,49.374660141381185,21.968461120174005,14.518760195758565,14.138118542686243,50.625339858618815,2.124597207303974,56.605800214822764,27.926960257787325,79.57532861476238,47.50088244684116,1.8737776945400242,5,1.7470184081237263,1.7344637956658129,0.1864848971658062,8.02140206477847,5,0
9.0,5,True,1839,1.0076128330614464,2.040203166668738,51.22349102773246,22.838499184339316,12.887438825448614,13.050570962479608,48.77650897226754,2.0657748049052396,53.17725752508361,26.755852842809364,77.33405288720994,49.97529251843801,1.2481985092944459,5,1.7076461849198319,1.259661754147125,0.11978786240290118,5.761235196961099,4,1
9.0,6,True,1839,1.0277324632952691,2.1553784789836463,52.20228384991843,20.826536160957044,12.72430668841762,14.246873300706905,47.79771615008157,2.150170648464164,56.42775881683731,29.806598407280998,79.73544973544973,49.97188060271434,2.2304032472040882,5,2.8301197984490636,0.3648594881309719,0.1168897110292705,1.4541978753160445,5,0
9.0,7,True,1836,1.082244008714597,2.4199352341602696,51.688453159041394,21.0239651416122,11.87363834422658,15.413943355119825,48.311546840958606,2.2401352874859075,56.482525366403614,31.905298759864714,80.57372924006039,49.431581621002344,2.2568715380390456,5,3.067874129301833,1.6622401592198117,0.09420385812915395,3.993016370452208,5,0
9.0,8,True,1833,1.0289143480632843,2.387263940803846,53.40971085651937,20.840152755046372,10.911074740861974,14.839061647572285,46.59028914348063,2.208430913348946,55.26932084309133,31.85011709601874,79.74549310710498,51.89453541891126,1.5151754376081072,5,2.2203442716132087,1.742727491504495,0.1517642849910504,1.0730606851413746,4,1
9.0,9,False,1830,0.7245901639344262,1.676978372128459,63.82513661202186,18.743169398907103,8.579234972677597,8.852459016393443,36.17486338797814,2.003021148036254,48.18731117824773,24.47129909365559,74.13273001508296,62.9643748237406,0.8607617882812613,5,1.8232889815465927,1.0868884898595428,0.10501769597407683,4.134756238606698,4,1
9.5,1,True,875,1.1988571428571428,2.598854527623405,46.85714285714286,22.742857142857144,13.37142857142857,17.02857142857143,53.14285714285714,2.2559139784946236,57.204301075268816,32.043010752688176,81.02955195424214,45.190006718955146,1.6671361381877137,5,4.214886956397357,2.2750514201128187,0.1543209232533322,6.798555263110452,3,2
9.5,2,True,875,1.0925714285714285,2.438789146779994,52.114285714285714,19.314285714285713,12.457142857142857,16.114285714285714,47.885714285714286,2.2816229116945106,59.665871121718375,33.65155131264916,82.32217573221757,49.065994101340586,3.0482916129451256,5,3.2109149207849814,1.564927054481292,0.18282145259167268,5.399062297121292,5,0
9.5,3,True,875,1.078857142857143,2.3015547564563583,51.542857142857144,20.57142857142857,12.457142857142857,15.428571428571427,48.457142857142856,2.2264150943396226,57.54716981132076,31.839622641509436,80.9322033898305,48.61358772468365,2.929269418173497,5,5.701155584240257,1.1323862945674665,0.037569079938652356,3.254436120770809,5,0
9.5,4,True,875,1.1337142857142857,2.216653808434129,47.77142857142857,21.37142857142857,13.600000000000001,17.257142857142856,52.22857142857143,2.1706783369803064,59.08096280087527,33.04157549234136,81.1491935483871,45.12221098430836,2.6492175871202117,5,3.840475331337895,2.337923032695873,0.12569675288129506,5.696092057086462,5,0
9.5,5,True,875,1.1577142857142857,2.2268139915004905,47.65714285714286,20.685714285714283,14.514285714285712,17.142857142857142,52.342857142857135,2.2117903930131004,60.480349344978166,32.751091703056765,82.13228035538006,44.0405902414299,3.6165526157129535,5,2.2795839232168724,1.1916045574589236,0.159095893450515,5.046051459513108,5,0
9.5,6,True,874,1.1224256292906178,2.1831620362725133,47.368421052631575,23.91304347826087,12.700228832951947,16.018306636155607,52.63157894736843,2.132608695652174,54.565217391304344,30.434782608695656,78.69520897043833,45.37733840929531,1.9910826433362672,5,5.442880057995216,2.3506745038542953,0.13703669350674896,8.139387360521415,4,1
9.5,7,True,873,1.038946162657503,2.276004392740418,52.69186712485682,20.618556701030926,12.256586483390606,14.432989690721648,47.30813287514318,2.196125907990315,56.416464891041166,30.508474576271187,80.15435501653803,50.445569453756534,2.2462976711002836,5,5.647456514069958,1.9575277093612686,0.1924598437648616,6.351104689355039,4,1
9.5,8,True,871,1.0700344431687716,2.3847447114559825,51.77956371986223,20.55109070034443,13.54764638346728,14.121699196326063,48.22043628013777,2.219047619047619,57.38095238095238,29.28571428571429,80.79399141630901,49.76114178216366,2.018421937698572,5,3.279290525893441,2.2024955538062514,0.15809262703677016,7.007395132219649,5,0
9.5,9,False,871,0.7715269804822044,1.6868205392137456,61.99770378874856,19.173363949483353,8.036739380022963,10.79219288174512,38.00229621125144,2.0302114803625377,49.546827794561935,28.3987915407855,75.14880952380952,60.126684520911134,1.871019267837426,5,3.624710281719548,1.2067329428238165,0.24456109087421435,7.198952835471374,5,0
