pregame_total,inning,n,mean_runs,run_variance,variance_to_mean,p0_under_pct,p1_pct,p2_pct,p3plus_pct,fair_under_american,poisson_p0_pct,poisson_zero_residual_pp,nb_p0_pct,nb_zero_residual_pp,p0_ci95_lo_pct,p0_ci95_hi_pct,clean_i1_i8,seasons,season_p0_sd_pp,season_poisson_resid_mean_pp,season_poisson_resid_sd_pp,season_nb_resid_mean_pp,season_nb_resid_sd_pp,seasons_poisson_resid_positive,seasons_poisson_resid_negative,persistent_zero_score
7.0,1,655,0.8351145038167939,1.5293461260125591,1.831301119813942,57.404580152671755,19.84732824427481,11.908396946564885,10.839694656488549,-134.76702508960574,43.382480399303994,14.022099753367767,54.454640464193496,2.9499396884782647,53.58778625954198,61.221374045801525,True,5,6.795154977713189,13.02047319477262,4.654500056728328,3.3347410280198773,2.0437446247215467,5,0,2.4798124701904944
7.0,2,655,0.6961832061068702,1.428960944977473,2.0525645152636947,63.81679389312978,18.473282442748094,8.854961832061068,8.854961832061068,-176.37130801687766,49.84842892590521,13.968364967224561,62.15009989432231,1.666693998807467,60.30534351145038,67.48091603053436,True,5,1.8867076366600857,12.566605019667646,2.8902879676042965,1.176669030500277,2.487532260259953,5,0,3.5905735214317596
7.0,3,655,0.8183206106870229,1.5862081845133882,1.938370076224383,59.84732824427481,17.404580152671755,10.839694656488549,11.908396946564885,-149.0494296577947,44.11719321528712,15.730135028987696,56.14825172467586,3.699076519598954,55.72519083969466,63.664122137404576,True,5,3.6697753573049607,15.752510653922595,2.834523283847757,4.444987301540557,2.1766924566337424,5,0,4.102240060778369
7.0,4,655,0.7938931297709924,1.6256507225062446,2.0476946600799812,59.69465648854961,19.236641221374047,12.061068702290076,9.007633587786259,-148.10606060606057,45.208135347961694,14.486521140587922,58.09490600086815,1.5997504876814617,56.18320610687023,63.358778625954194,True,5,3.6718574611989934,13.545066669975284,3.6259310321413336,1.307572903469667,1.0546702741646492,5,0,3.1315903847105435
7.0,5,655,0.9068702290076336,1.8521698531643203,2.0423758481862455,55.72519083969466,20.458015267175572,12.213740458015266,11.603053435114504,-125.86206896551727,40.3786006188356,15.346590220859063,53.725566823276026,1.999624016418633,51.7557251908397,59.541984732824424,True,5,1.7543397253264776,14.871839128335633,3.3336381930125927,1.595251559569344,1.2371662856634582,5,0,3.541271683825237
7.0,6,655,0.8427480916030534,1.7688120083105727,2.0988620750786686,57.25190839694656,21.679389312977097,10.839694656488549,10.229007633587786,-133.92857142857142,43.05257720130077,14.199331195645787,56.63195209153358,0.6199563054129831,53.43511450381679,60.91603053435114,True,5,3.7660837368200193,14.65240365278149,1.7683254358328597,0.7437556792290012,1.648951361901366,5,0,5.129213137968323
7.0,7,655,0.9022900763358779,1.9934962765833277,2.2093740459595255,58.16793893129771,17.862595419847327,11.755725190839694,12.213740458015266,-139.05109489051097,40.563964948762674,17.603973982535038,55.35380984244816,2.8141290888495596,54.50381679389314,61.832061068702295,True,5,8.042626233536893,17.147458513818247,3.07568881667918,3.039889980557491,1.9620841153176372,5,0,4.319263509641184
7.0,8,651,0.8448540706605223,1.6051234786718656,1.8998825174825171,55.29953917050692,22.887864823348693,12.288786482334869,9.523809523809524,-123.7113402061856,42.9620047806305,12.337534389876414,54.74161293230774,0.5579262381991801,51.45929339477726,58.986175115207374,True,5,6.8752474601255535,12.163959603401459,3.86501842648046,0.5512163607104859,2.8940548664230947,5,0,2.5359686867212665
7.0,9,651,0.6513056835637481,1.6397636771830317,2.5176560232220604,68.97081413210445,14.592933947772657,8.448540706605224,7.987711213517665,-222.27722772277224,52.136459497148216,16.834354634956238,67.28394482434483,1.6868693077596197,65.284178187404,72.50384024577573,False,5,4.489561825175195,15.602099774671704,3.1077068029462347,1.3726457297376227,2.1423674844431346,5,0,4.0982366664733405
7.5,1,1612,0.8852357320099256,1.6870072069657582,1.9057152190811508,54.59057071960298,22.51861042183623,11.786600496277917,11.104218362282877,-120.2185792349727,41.261689480373356,13.328881239229629,53.24446904657027,1.346101673032707,52.10918114143921,57.00992555831266,True,5,2.585610386302151,13.352374667885988,1.9476092629822943,1.3127118054138487,1.0913977310283576,5,0,4.5219294859129
7.5,2,1612,0.8275434243176178,1.786503458696647,2.158803279924284,58.06451612903226,21.339950372208435,10.607940446650124,9.987593052109181,-138.46153846153848,43.71217911999755,14.35233700903471,57.72000145070979,0.34451467832247173,55.58312655086849,60.42183622828784,True,5,1.8682510365540952,14.39764378177937,2.241542774374692,0.6616179296272406,1.2280838857626608,5,0,4.427625364839845
7.5,3,1612,0.9001240694789082,1.7845561608852292,1.9825668720516811,55.521091811414394,20.843672456575682,11.84863523573201,11.786600496277917,-124.82566248256624,40.65192199838571,14.869169813028682,53.42090208525103,2.1001897261633595,53.039702233250615,58.002481389578165,True,5,2.599259263847846,14.814041012857775,2.1293697702798053,2.2463368077531145,1.8681442226908862,5,0,4.751490205549978
7.5,4,1612,0.9181141439205955,1.939907552450353,2.1129263341553846,55.955334987593055,20.471464019851116,11.352357320099255,12.220843672456576,-127.04225352112677,39.927129974373706,16.02820501321935,53.94920213328695,2.0061328543060974,53.660049627791565,58.37468982630273,True,5,2.5115470893953886,15.8880340509267,1.1915187923894586,2.1997742593965874,1.0813407874193763,5,0,7.313742902356528
7.5,5,1612,0.955955334987593,2.13399927298828,2.2323211084082466,56.07940446650124,18.92059553349876,11.662531017369728,13.337468982630273,-127.68361581920902,38.444469559400616,17.634934907100618,53.63608174973393,2.4433227167673044,53.59801488833747,58.498759305210925,True,5,5.25235494721077,17.088150233163994,4.097634127340365,2.6015797542100003,1.4615580968172353,5,0,3.4594351941655437
7.5,6,1611,0.9199255121042831,1.8948263298518337,2.0597606055271958,55.92799503414029,19.118559900682804,12.352576039726877,12.60086902545003,-126.90140845070424,39.8548727034896,16.07312233065069,53.4061508189332,2.521844215207092,53.505586592178766,58.28677839851024,True,5,2.36153866021544,16.08953754300035,2.3510203149526983,2.683794398917314,1.1723165493353054,5,0,4.796486090797564
7.5,7,1610,0.9341614906832298,1.8726047967758996,2.00458359229335,54.09937888198758,21.490683229813666,12.546583850931677,11.863354037267081,-117.86197564276051,39.291519048912576,14.807859833075005,52.377885406683845,1.721493475303737,51.73913043478261,56.45962732919255,True,5,3.4193316049166644,14.584203064609165,2.5222577127984125,1.763262559316803,1.9442804743057547,5,0,4.204081881705996
7.5,8,1609,0.8986948415164698,2.013984613909941,2.241010542033952,56.86761963952765,20.136730888750776,11.622125543816034,11.37352392790553,-131.8443804034582,40.710064401509584,16.157555238018073,55.74696564733592,1.1206539921917336,54.443753884400245,59.35363579863269,True,5,3.800523542258827,16.20195116152857,1.6108634580233199,1.2447211017987347,1.7105990847426509,5,0,6.188586840252048
7.5,9,1607,0.6596141879278158,1.3666307352406695,2.071863765595996,65.6502800248911,17.29931549471064,9.147479775980088,7.902924704418171,-191.12318840579712,51.70507804479255,13.945201980098554,63.87258607821001,1.7776939466810915,63.285625388923464,68.01493466085874,False,5,0.9774492087829901,13.748943387841866,1.4835505729360365,1.6277029390772402,0.7369188136221112,5,0,5.6150263787914865
8.0,1,2146,0.972972972972973,2.029106029106029,2.0854700854700856,53.12208760484622,21.99440820130475,11.46318732525629,13.42031686859273,-113.32007952286281,37.79577080933165,15.326316795514577,51.7461494073679,1.3759381974783214,50.978564771668225,55.265610438024225,True,5,3.726296684010453,15.184344920059493,0.7506670086874081,1.1722504912666487,1.4912985117618363,5,0,8.754558530811488
8.0,2,2146,0.8727865796831314,1.8817112989526785,2.1559810184476498,57.735321528424976,19.94408201304753,10.764212488350418,11.556383970177073,-136.60418963616317,41.77857324473771,15.956748283687267,55.987624379552834,1.7476971488721404,55.59179869524697,59.92544268406338,True,5,2.0385175638128623,15.931149007816156,2.177736766186233,1.772718446665089,0.4403790688084814,5,0,5.02141916016467
8.0,3,2146,0.9520037278657968,1.9384878246947213,2.036218733135033,54.14725069897484,21.202236719478098,11.78937558247903,12.861136999068034,-118.08943089430895,38.59668755388462,15.550563145090212,52.03243883391402,2.114811865060817,52.095759552656105,56.33737185461324,True,5,0.86041988661367,15.684854789711562,2.2456814757048167,2.249620125241274,1.1034514257159296,5,0,4.791155035234419
8.0,4,2146,0.9613233923578751,2.0026992268371577,2.083273165677431,54.007455731593666,21.90121155638397,10.344827586206897,13.74650512581547,-117.42654508611957,38.238650360111485,15.76880537148218,52.13588177674685,1.8715739548468169,51.863932898415655,56.10438024231128,True,5,1.9195426470336308,15.552807991196266,1.788820915582377,1.8751597914141294,1.0400649111665163,5,0,5.654291131917034
8.0,5,2146,0.9930102516309413,2.1188322395218946,2.1337465912782667,52.79589934762349,22.367194780987884,11.276794035414724,13.560111835973904,-111.84600197433367,37.04598335362884,15.749915993994644,51.489056130416714,1.3068432172067768,50.745573159366266,54.98602050326188,True,5,3.275328120431611,15.73546115648459,2.2338515297127897,1.3479777255849466,1.581947609296299,5,0,4.870327486986842
8.0,6,2145,0.9505827505827505,1.9415866471836623,2.042522490538968,54.07925407925408,21.165501165501166,11.981351981351981,12.773892773892772,-117.76649746192894,38.65157155532411,15.42768252392997,52.14187836574723,1.9373757135068503,51.981351981351985,56.270396270396276,True,5,3.216927645861098,15.392954344519348,1.9600371967213694,2.018201440639822,0.8349874179088959,5,0,5.211989410477057
8.0,7,2144,0.9127798507462687,1.956458157764607,2.1434063823440557,56.809701492537314,19.496268656716417,10.867537313432836,12.826492537313433,-131.53347732181425,40.14068205960225,16.669019432935062,54.4101202912479,2.3995812012894135,54.804104477611936,58.86194029850746,True,5,1.7168321539983487,16.8454757450062,1.8612898035784755,2.455711115030279,1.2554374436883649,5,0,5.825701196742789
8.0,8,2144,0.988339552238806,2.167386135700406,2.192956996197107,54.24440298507462,19.58955223880597,13.013059701492539,13.152985074626866,-118.55249745158001,37.219418722498474,17.024984262576147,52.17515975060708,2.0692432344675438,52.190998134328346,56.25,True,5,1.5235110461735595,17.071082467050875,1.6424590993783517,2.2356080619238505,1.1141428822816415,5,0,6.442856302518113
8.0,9,2143,0.6710219318712086,1.4962980681462195,2.2298795271469736,65.2356509566029,18.33877741483901,8.586094260382641,7.839477368175456,-187.65100671140942,51.11859135912179,14.117059597481108,64.56211718990933,0.6735337666935681,63.22911805879608,67.2421838544097,False,5,2.4915231549651513,14.029087213835158,1.7929354518537683,0.8753280768506656,1.0340354460501775,5,0,5.054559921215194
8.5,1,2871,1.049808429118774,2.1121524023122,2.0119407919835193,51.2365029606409,21.003134796238246,13.061650992685475,14.69871125043539,-105.0714285714286,35.000479341579,16.23602361906189,48.41983213957745,2.816670821063444,49.459247648902824,53.04771856495994,True,5,1.333190052722341,16.020376614025857,1.802624667541466,2.724754146817795,1.0101699918463154,5,0,5.793149474169348
8.5,2,2871,0.896551724137931,1.8656013456686293,2.080863039399625,56.14768373389063,21.38627655869035,10.170672239637756,12.295367467781261,-128.03812549642572,40.79740440452,15.350279329370625,54.45329138486805,1.6943923490225776,54.406130268199234,57.958899338209676,True,5,2.537596578728993,15.191139348422709,1.3668715714355268,1.697742123424979,0.6522951446710844,5,0,6.485472010659436
8.5,3,2871,1.0794148380355277,2.399265998929582,2.22274691285151,51.48032044583769,20.2020202020202,13.444792755137582,14.872866597004528,-106.1019382627423,33.97943021824141,17.500890227596276,49.4052281302492,2.0750923155884946,49.63427377220481,53.22187391152908,True,5,2.2689559712548726,17.631754446498114,1.6376331734177647,2.1772551637560245,0.7580508425283455,5,0,6.635073597030612
8.5,4,2871,0.9958202716823407,2.0306445446899613,2.0391677117190903,52.385928247997214,22.152560083594565,11.494252873563218,13.967258794845003,-110.02194586686174,36.94202952216021,15.443898725837002,50.51908251099403,1.8668457370031866,50.57471264367817,54.30163706025775,True,5,1.732766507288632,15.398572107409962,1.0195175797732705,1.836517665625399,0.696876250488921,5,0,7.647320766363853
8.5,5,2871,1.036224312086381,2.230743091129971,2.15276081164173,52.10727969348659,20.89864158829676,12.852664576802509,14.14141414141414,-108.79999999999998,35.47917390962976,16.628105783856828,50.19585932228551,1.911420371201078,50.26123301985371,53.91849529780565,True,5,3.6912827489967217,16.41192166297007,1.3917697893547305,1.9177673221680227,0.8964841348410906,5,0,6.9522183355041385
8.5,6,2869,1.0400836528407111,2.229564288676192,2.143639391491955,52.21331474381318,20.669222725688392,12.966190310212616,14.151272220285813,-109.26331145149527,35.342511570723936,16.870803173089243,49.98432434663825,2.2289903971749236,50.40083652840711,53.99093760892298,True,5,1.936741177420093,16.73177520465694,1.3785302272428328,2.2095036001874844,0.6107882266691447,5,0,7.0929530261407265
8.5,7,2867,0.9298918730380188,1.937511607285639,2.0835880637989224,55.56330659225671,19.986048133937913,12.277642134635508,12.173003139169863,-125.03924646781788,39.45963745721757,16.103669135039144,53.26089144554786,2.302415146708847,53.67980467387513,57.377049180327866,True,5,1.5140985111659988,15.900347083740858,2.0993590299738027,2.3313991992081196,0.9623641032086765,5,0,5.195806287461721
8.5,8,2862,0.9479385045422781,2.0158136445916814,2.1265236457137457,55.52061495457722,19.39203354297694,12.54367575122292,12.54367575122292,-124.82325216025137,38.75391106616034,16.766703888416878,52.999841607797926,2.5207733467792925,53.70370370370371,57.33752620545073,True,5,1.9682616820235879,16.905374868631007,2.2766842923111557,2.728318237350349,0.7998713595069543,5,0,5.116972644499344
8.5,9,2861,0.6637539321915414,1.449836112856036,2.184297587615123,66.79482698357218,16.00838867528836,8.353722474659211,8.843061866480252,-201.15789473684208,51.491474681252505,15.303352302319674,64.53994442191906,2.2548825616531154,65.01135966445298,68.54334148898985,False,5,1.2231581210385125,15.396079925789133,1.1620850892096812,2.287531440058803,0.42066787282947565,5,0,7.078052745793456
9.0,1,1839,1.1343121261555194,2.3056718742326368,2.032660870907871,48.23273518216422,21.968461120174005,13.268080478520936,16.53072321914084,107.32807215332582,32.1643295265855,16.068405655578726,45.878617170507646,2.354118011656575,46.00190320826537,50.51658510059816,True,5,2.8961371889868697,15.968027909792408,1.7692064400872987,2.508434407127247,0.7910306639754315,5,0,5.802530798343865
9.0,2,1839,0.9042958129418162,1.9026964434590639,2.1040641969460125,55.899945622621,21.0984230560087,10.60358890701468,12.39804241435563,-126.7570900123305,40.48268585885458,15.417259763766411,54.37446744148894,1.5254781811320561,53.72485046220772,58.02066340402393,True,5,3.241706880156614,15.506024792652434,2.597784084136532,1.5543719666221167,1.5946773656537185,5,0,4.285209841175489
9.0,3,1839,1.0918977705274606,2.340298844820924,2.1433314619649795,50.24469820554649,22.240348015225667,12.343665035345296,15.171288743882544,-100.98360655737704,33.55790370187065,16.686794503675838,48.284193638263076,1.9605045672834165,47.90647090810223,52.474170744970095,True,5,2.5664550288777184,16.625864624244887,0.6625845917276613,1.9026393435701117,0.9049357792269437,5,0,10.036658938560167
9.0,4,1839,1.0755845568243612,2.156960689119377,2.0053845840700375,49.374660141381185,21.968461120174005,14.518760195758565,14.138118542686243,102.53303964757708,34.10983056694944,15.264829574431749,47.50088244684116,1.8737776945400242,47.19956498096792,51.60413268080478,True,5,1.7470184081237263,15.215653609183459,3.2767682762141055,2.4272942973743623,1.7344637956658129,5,0,3.5692440152367877
9.0,5,1839,1.0076128330614464,2.040203166668738,2.024788787643718,51.22349102773246,22.838499184339316,12.887438825448614,13.050570962479608,-105.01672240802674,36.508946966715975,14.714544061016483,49.97529251843801,1.2481985092944459,48.93828167482327,53.56171832517672,True,5,1.7076461849198319,14.675799294941038,2.429440626917025,1.320637157424226,1.259661754147125,5,0,4.290654267499146
9.0,6,1839,1.0277324632952691,2.1553784789836463,2.0972174724078974,52.20228384991843,20.826536160957044,12.72430668841762,14.246873300706905,-109.21501706484639,35.78174054656004,16.420543303358393,49.97188060271434,2.2304032472040882,49.80967917346384,54.43311582381728,True,5,2.8301197984490636,16.303926925921743,2.2341526315107605,2.3335849799594732,0.3648594881309719,5,0,5.077232021572189
9.0,7,1836,1.082244008714597,2.4199352341602696,2.236034770970435,51.688453159041394,21.0239651416122,11.87363834422658,15.413943355119825,-106.98985343855693,33.88343247161363,17.80502068742776,49.431581621002344,2.2568715380390456,49.40087145969499,53.92156862745098,True,5,3.067874129301833,17.50551410648259,1.5908051478080438,2.066667669339103,1.6622401592198117,5,0,6.872388956958703
9.0,8,1833,1.0289143480632843,2.387263940803846,2.3201775204101005,53.40971085651937,20.840152755046372,10.911074740861974,14.839061647572285,-114.63700234192038,35.739475633483295,17.67023522303607,51.89453541891126,1.5151754376081072,50.95471903982543,55.646481178396066,True,5,2.2203442716132087,17.70171394579078,2.527816082615594,1.7271089804195903,1.742727491504495,5,0,5.008831188822916
9.0,9,1830,0.7245901639344262,1.676978372128459,2.3143819162858823,63.82513661202186,18.743169398907103,8.579234972677597,8.852459016393443,-176.43504531722056,48.452310331165464,15.372826280856394,62.9643748237406,0.8607617882812613,61.58469945355192,66.01092896174863,False,5,1.8232889815465927,15.367311755325005,1.9011440984206094,0.7486860136761342,1.0868884898595428,5,0,5.298884081361351
9.5,1,875,1.1988571428571428,2.598854527623405,2.1677766555485984,46.85714285714286,22.742857142857144,13.37142857142857,17.02857142857143,113.41463414634146,30.153863064188812,16.703279792954046,45.190006718955146,1.6671361381877137,43.65714285714286,50.288571428571416,True,5,4.214886956397357,16.887712606952014,3.5841599707955023,1.4005345532169369,2.2750514201128187,5,0,3.643694788001798
9.5,2,875,1.0925714285714285,2.438789146779994,2.232155338318509,52.114285714285714,19.314285714285713,12.457142857142857,16.114285714285714,-108.83054892601432,33.53530476293633,18.578980951349383,49.065994101340586,3.0482916129451256,49.028571428571425,55.31428571428572,True,5,3.2109149207849814,18.66838368568778,3.5899450050104798,2.842795488791773,1.564927054481292,5,0,4.047756766381336
9.5,3,875,1.078857142857143,2.3015547564563583,2.133326707520459,51.542857142857144,20.57142857142857,12.457142857142857,15.428571428571427,-106.3679245283019,33.99838566782851,17.54447147502864,48.61358772468365,2.929269418173497,48.22857142857143,54.97142857142857,True,5,5.701155584240257,17.328645398283058,1.90718386823692,2.9122394879643,1.1323862945674665,5,0,6.034868198986188
9.5,4,875,1.1337142857142857,2.216653808434129,1.955213792721636,47.77142857142857,21.37142857142857,13.600000000000001,17.257142857142856,109.33014354066985,32.18356441266514,15.587864158763425,45.12221098430836,2.6492175871202117,44.457142857142856,51.20285714285713,True,5,3.840475331337895,15.897532209419097,2.854625567546278,3.2753258637145763,2.337923032695873,5,0,4.043937312615846
9.5,5,875,1.1577142857142857,2.2268139915004905,1.9234572976929212,47.65714285714286,20.685714285714283,14.514285714285712,17.142857142857142,109.83213429256593,31.420354025158183,16.23678883198468,44.0405902414299,3.6165526157129535,44.457142857142856,50.857142857142854,True,5,2.2795839232168724,16.215180583709206,2.7275057131719174,3.7828822999331337,1.1916045574589236,5,0,4.355939354997796
9.5,6,874,1.1224256292906178,2.1831620362725133,1.9450393676882534,47.368421052631575,23.91304347826087,12.700228832951947,16.018306636155607,111.11111111111114,32.54893198831812,14.819489064313462,45.37733840929531,1.9910826433362672,44.05034324942792,50.57208237986271,True,5,5.442880057995216,14.753144845688393,1.8304123642409205,2.0655486554222904,2.3506745038542953,5,0,5.2358056555790435
9.5,7,873,1.038946162657503,2.276004392740418,2.190685595217624,52.69186712485682,20.618556701030926,12.256586483390606,14.432989690721648,-111.38014527845037,35.38273620391107,17.30913092094574,50.445569453756534,2.2462976711002836,49.36998854524628,55.899198167239405,True,5,5.647456514069958,16.997947689281037,3.260053951325007,1.9667952877215478,1.9575277093612686,5,0,4.063124814548903
9.5,8,871,1.0700344431687716,2.3847447114559825,2.228661634847812,51.77956371986223,20.55109070034443,13.54764638346728,14.121699196326063,-107.3809523809524,34.29967033219097,17.479893387671257,49.76114178216366,2.018421937698572,48.450057405281285,54.99712973593569,True,5,3.279290525893441,17.269524663816703,2.937153896408888,2.6414838552750552,2.2024955538062514,5,0,4.439728252333448
9.5,9,871,0.7715269804822044,1.6868205392137456,2.186340311986864,61.99770378874856,19.173363949483353,8.036739380022963,10.79219288174512,-163.1419939577039,46.23065959149631,15.76704419725225,60.126684520911134,1.871019267837426,58.78300803673938,65.097588978186,False,5,3.624710281719548,15.378575442913467,4.091338290579079,2.1634281294539037,1.2067329428238165,5,0,3.0968368820487346
