event_id,matchup,start_time,sportsbook,market,updated_at,outcome_name,point,price
"ce94c6d5ef8ae9f29d29223e386beee1","Atlanta Braves @ Philadelphia Phillies","2026-09-07T17:06:00Z","fanduel","alternate_totals_1st_5_innings","2026-09-07T15:57:08Z","Over","0.5","-7000"
"ce94c6d5ef8ae9f29d29223e386beee1","Atlanta Braves @ Philadelphia Phillies","2026-09-07T17:06:00Z","fanduel","alternate_totals_1st_5_innings","2026-09-07T15:57:08Z","Over","1.5","-1000"
"ce94c6d5ef8ae9f29d29223e386beee1","Atlanta Braves @ Philadelphia Phillies","2026-09-07T17:06:00Z","fanduel","alternate_totals_1st_5_innings","2026-09-07T15:57:08Z","Over","2.5","-360"
"ce94c6d5ef8ae9f29d29223e386beee1","Atlanta Braves @ Philadelphia Phillies","2026-09-07T17:06:00Z","fanduel","alternate_totals_1st_5_innings","2026-09-07T15:57:08Z","Over","3.5","-182"
"ce94c6d5ef8ae9f29d29223e386beee1","Atlanta Braves @ Philadelphia Phillies","2026-09-07T17:06:00Z","fanduel","alternate_totals_1st_5_innings","2026-09-07T15:57:08Z","Over","4.5","100"
"ce94c6d5ef8ae9f29d29223e386beee1","Atlanta Braves @ Philadelphia Phillies","2026-09-07T17:06:00Z","fanduel","alternate_totals_1st_5_innings","2026-09-07T15:57:08Z","Over","5.5","168"
"ce94c6d5ef8ae9f29d29223e386beee1","Atlanta Braves @ Philadelphia Phillies","2026-09-07T17:06:00Z","fanduel","alternate_totals_1st_5_innings","2026-09-07T15:57:08Z","Over","6.5","260"
"ce94c6d5ef8ae9f29d29223e386beee1","Atlanta Braves @ Philadelphia Phillies","2026-09-07T17:06:00Z","fanduel","alternate_totals_1st_5_innings","2026-09-07T15:57:08Z","Over","7.5","390"
"ce94c6d5ef8ae9f29d29223e386beee1","Atlanta Braves @ Philadelphia Phillies","2026-09-07T17:06:00Z","fanduel","alternate_totals_1st_5_innings","2026-09-07T15:57:08Z","Over","8.5","630"
"ce94c6d5ef8ae9f29d29223e386beee1","Atlanta Braves @ Philadelphia Phillies","2026-09-07T17:06:00Z","fanduel","alternate_totals_1st_5_innings","2026-09-07T15:57:08Z","Over","9.5","850"
"ce94c6d5ef8ae9f29d29223e386beee1","Atlanta Braves @ Philadelphia Phillies","2026-09-07T17:06:00Z","fanduel","alternate_totals_1st_5_innings","2026-09-07T15:57:08Z","Over","10.5","1100"
"ce94c6d5ef8ae9f29d29223e386beee1","Atlanta Braves @ Philadelphia Phillies","2026-09-07T17:06:00Z","fanduel","alternate_totals_1st_5_innings","2026-09-07T15:57:08Z","Under","0.5","1280"
"ce94c6d5ef8ae9f29d29223e386beee1","Atlanta Braves @ Philadelphia Phillies","2026-09-07T17:06:00Z","fanduel","alternate_totals_1st_5_innings","2026-09-07T15:57:08Z","Under","1.5","520"
"ce94c6d5ef8ae9f29d29223e386beee1","Atlanta Braves @ Philadelphia Phillies","2026-09-07T17:06:00Z","fanduel","alternate_totals_1st_5_innings","2026-09-07T15:57:08Z","Under","2.5","250"
"ce94c6d5ef8ae9f29d29223e386beee1","Atlanta Braves @ Philadelphia Phillies","2026-09-07T17:06:00Z","fanduel","alternate_totals_1st_5_innings","2026-09-07T15:57:08Z","Under","3.5","136"
"ce94c6d5ef8ae9f29d29223e386beee1","Atlanta Braves @ Philadelphia Phillies","2026-09-07T17:06:00Z","fanduel","alternate_totals_1st_5_innings","2026-09-07T15:57:08Z","Under","4.5","-132"
"ce94c6d5ef8ae9f29d29223e386beee1","Atlanta Braves @ Philadelphia Phillies","2026-09-07T17:06:00Z","fanduel","alternate_totals_1st_5_innings","2026-09-07T15:57:08Z","Under","5.5","-230"
"ce94c6d5ef8ae9f29d29223e386beee1","Atlanta Braves @ Philadelphia Phillies","2026-09-07T17:06:00Z","fanduel","alternate_totals_1st_5_innings","2026-09-07T15:57:08Z","Under","6.5","-380"
"ce94c6d5ef8ae9f29d29223e386beee1","Atlanta Braves @ Philadelphia Phillies","2026-09-07T17:06:00Z","fanduel","alternate_totals_1st_5_innings","2026-09-07T15:57:08Z","Under","7.5","-650"
"ce94c6d5ef8ae9f29d29223e386beee1","Atlanta Braves @ Philadelphia Phillies","2026-09-07T17:06:00Z","fanduel","alternate_totals_1st_5_innings","2026-09-07T15:57:08Z","Under","8.5","-1400"
"ce94c6d5ef8ae9f29d29223e386beee1","Atlanta Braves @ Philadelphia Phillies","2026-09-07T17:06:00Z","fanduel","alternate_totals_1st_5_innings","2026-09-07T15:57:08Z","Under","9.5","-2200"
"ce94c6d5ef8ae9f29d29223e386beee1","Atlanta Braves @ Philadelphia Phillies","2026-09-07T17:06:00Z","fanduel","alternate_totals_1st_5_innings","2026-09-07T15:57:08Z","Under","10.5","-4500"
"ce94c6d5ef8ae9f29d29223e386beee1","Atlanta Braves @ Philadelphia Phillies","2026-09-07T17:06:00Z","fanduel","alternate_totals_1st_5_innings","2026-09-07T15:57:08Z","Under","11.5","-8000"
"ce94c6d5ef8ae9f29d29223e386beee1","Atlanta Braves @ Philadelphia Phillies","2026-09-07T17:06:00Z","bovada","alternate_totals_1st_5_innings","2026-09-07T15:55:59Z","Over","0.5","-6600"
"ce94c6d5ef8ae9f29d29223e386beee1","Atlanta Braves @ Philadelphia Phillies","2026-09-07T17:06:00Z","bovada","alternate_totals_1st_5_innings","2026-09-07T15:55:59Z","Over","1.5","-1100"
"ce94c6d5ef8ae9f29d29223e386beee1","Atlanta Braves @ Philadelphia Phillies","2026-09-07T17:06:00Z","bovada","alternate_totals_1st_5_innings","2026-09-07T15:55:59Z","Over","3.5","-170"
"ce94c6d5ef8ae9f29d29223e386beee1","Atlanta Braves @ Philadelphia Phillies","2026-09-07T17:06:00Z","bovada","alternate_totals_1st_5_innings","2026-09-07T15:55:59Z","Over","4","-135"
"ce94c6d5ef8ae9f29d29223e386beee1","Atlanta Braves @ Philadelphia Phillies","2026-09-07T17:06:00Z","bovada","alternate_totals_1st_5_innings","2026-09-07T15:55:59Z","Over","5","135"
"ce94c6d5ef8ae9f29d29223e386beee1","Atlanta Braves @ Philadelphia Phillies","2026-09-07T17:06:00Z","bovada","alternate_totals_1st_5_innings","2026-09-07T15:55:59Z","Over","5.5","160"
"ce94c6d5ef8ae9f29d29223e386beee1","Atlanta Braves @ Philadelphia Phillies","2026-09-07T17:06:00Z","bovada","alternate_totals_1st_5_innings","2026-09-07T15:55:59Z","Over","7.5","400"
"ce94c6d5ef8ae9f29d29223e386beee1","Atlanta Braves @ Philadelphia Phillies","2026-09-07T17:06:00Z","bovada","alternate_totals_1st_5_innings","2026-09-07T15:55:59Z","Over","8.5","600"
"ce94c6d5ef8ae9f29d29223e386beee1","Atlanta Braves @ Philadelphia Phillies","2026-09-07T17:06:00Z","bovada","alternate_totals_1st_5_innings","2026-09-07T15:55:59Z","Over","9.5","850"
"ce94c6d5ef8ae9f29d29223e386beee1","Atlanta Braves @ Philadelphia Phillies","2026-09-07T17:06:00Z","bovada","alternate_totals_1st_5_innings","2026-09-07T15:55:59Z","Over","10.5","1100"
"ce94c6d5ef8ae9f29d29223e386beee1","Atlanta Braves @ Philadelphia Phillies","2026-09-07T17:06:00Z","bovada","alternate_totals_1st_5_innings","2026-09-07T15:55:59Z","Under","0.5","1200"
"ce94c6d5ef8ae9f29d29223e386beee1","Atlanta Braves @ Philadelphia Phillies","2026-09-07T17:06:00Z","bovada","alternate_totals_1st_5_innings","2026-09-07T15:55:59Z","Under","1.5","575"
"ce94c6d5ef8ae9f29d29223e386beee1","Atlanta Braves @ Philadelphia Phillies","2026-09-07T17:06:00Z","bovada","alternate_totals_1st_5_innings","2026-09-07T15:55:59Z","Under","3.5","130"
"ce94c6d5ef8ae9f29d29223e386beee1","Atlanta Braves @ Philadelphia Phillies","2026-09-07T17:06:00Z","bovada","alternate_totals_1st_5_innings","2026-09-07T15:55:59Z","Under","4","105"
"ce94c6d5ef8ae9f29d29223e386beee1","Atlanta Braves @ Philadelphia Phillies","2026-09-07T17:06:00Z","bovada","alternate_totals_1st_5_innings","2026-09-07T15:55:59Z","Under","5","-180"
"ce94c6d5ef8ae9f29d29223e386beee1","Atlanta Braves @ Philadelphia Phillies","2026-09-07T17:06:00Z","bovada","alternate_totals_1st_5_innings","2026-09-07T15:55:59Z","Under","5.5","-215"
"ce94c6d5ef8ae9f29d29223e386beee1","Atlanta Braves @ Philadelphia Phillies","2026-09-07T17:06:00Z","bovada","alternate_totals_1st_5_innings","2026-09-07T15:55:59Z","Under","7.5","-650"
"ce94c6d5ef8ae9f29d29223e386beee1","Atlanta Braves @ Philadelphia Phillies","2026-09-07T17:06:00Z","bovada","alternate_totals_1st_5_innings","2026-09-07T15:55:59Z","Under","8.5","-1200"
"ce94c6d5ef8ae9f29d29223e386beee1","Atlanta Braves @ Philadelphia Phillies","2026-09-07T17:06:00Z","bovada","alternate_totals_1st_5_innings","2026-09-07T15:55:59Z","Under","9.5","-2500"
"ce94c6d5ef8ae9f29d29223e386beee1","Atlanta Braves @ Philadelphia Phillies","2026-09-07T17:06:00Z","bovada","alternate_totals_1st_5_innings","2026-09-07T15:55:59Z","Under","10.5","-5000"
"ce94c6d5ef8ae9f29d29223e386beee1","Atlanta Braves @ Philadelphia Phillies","2026-09-07T17:06:00Z","draftkings","alternate_totals_1st_5_innings","2026-09-07T15:56:43Z","Over","3.5","-175"
"ce94c6d5ef8ae9f29d29223e386beee1","Atlanta Braves @ Philadelphia Phillies","2026-09-07T17:06:00Z","draftkings","alternate_totals_1st_5_innings","2026-09-07T15:56:43Z","Over","4.5","105"
"ce94c6d5ef8ae9f29d29223e386beee1","Atlanta Braves @ Philadelphia Phillies","2026-09-07T17:06:00Z","draftkings","alternate_totals_1st_5_innings","2026-09-07T15:56:43Z","Over","5.5","170"
"ce94c6d5ef8ae9f29d29223e386beee1","Atlanta Braves @ Philadelphia Phillies","2026-09-07T17:06:00Z","draftkings","alternate_totals_1st_5_innings","2026-09-07T15:56:43Z","Under","3.5","135"
"ce94c6d5ef8ae9f29d29223e386beee1","Atlanta Braves @ Philadelphia Phillies","2026-09-07T17:06:00Z","draftkings","alternate_totals_1st_5_innings","2026-09-07T15:56:43Z","Under","4.5","-135"
"ce94c6d5ef8ae9f29d29223e386beee1","Atlanta Braves @ Philadelphia Phillies","2026-09-07T17:06:00Z","draftkings","alternate_totals_1st_5_innings","2026-09-07T15:56:43Z","Under","5.5","-220"
"ce94c6d5ef8ae9f29d29223e386beee1","Atlanta Braves @ Philadelphia Phillies","2026-09-07T17:06:00Z","betrivers","alternate_totals_1st_5_innings","2026-09-07T15:57:04Z","Over","4.5","102"
"ce94c6d5ef8ae9f29d29223e386beee1","Atlanta Braves @ Philadelphia Phillies","2026-09-07T17:06:00Z","betrivers","alternate_totals_1st_5_innings","2026-09-07T15:57:04Z","Under","4.5","-136"
"ce94c6d5ef8ae9f29d29223e386beee1","Atlanta Braves @ Philadelphia Phillies","2026-09-07T17:06:00Z","pinnacle","alternate_totals_1st_5_innings","2026-09-07T15:56:15Z","Over","3.5","-163"
"ce94c6d5ef8ae9f29d29223e386beee1","Atlanta Braves @ Philadelphia Phillies","2026-09-07T17:06:00Z","pinnacle","alternate_totals_1st_5_innings","2026-09-07T15:56:15Z","Over","4","-127"
"ce94c6d5ef8ae9f29d29223e386beee1","Atlanta Braves @ Philadelphia Phillies","2026-09-07T17:06:00Z","pinnacle","alternate_totals_1st_5_innings","2026-09-07T15:56:15Z","Over","5","140"
"ce94c6d5ef8ae9f29d29223e386beee1","Atlanta Braves @ Philadelphia Phillies","2026-09-07T17:06:00Z","pinnacle","alternate_totals_1st_5_innings","2026-09-07T15:56:15Z","Over","5.5","170"
"ce94c6d5ef8ae9f29d29223e386beee1","Atlanta Braves @ Philadelphia Phillies","2026-09-07T17:06:00Z","pinnacle","alternate_totals_1st_5_innings","2026-09-07T15:56:15Z","Under","3.5","141"
"ce94c6d5ef8ae9f29d29223e386beee1","Atlanta Braves @ Philadelphia Phillies","2026-09-07T17:06:00Z","pinnacle","alternate_totals_1st_5_innings","2026-09-07T15:56:15Z","Under","4","110"
"ce94c6d5ef8ae9f29d29223e386beee1","Atlanta Braves @ Philadelphia Phillies","2026-09-07T17:06:00Z","pinnacle","alternate_totals_1st_5_innings","2026-09-07T15:56:15Z","Under","5","-162"
"ce94c6d5ef8ae9f29d29223e386beee1","Atlanta Braves @ Philadelphia Phillies","2026-09-07T17:06:00Z","pinnacle","alternate_totals_1st_5_innings","2026-09-07T15:56:15Z","Under","5.5","-200"
"ce94c6d5ef8ae9f29d29223e386beee1","Atlanta Braves @ Philadelphia Phillies","2026-09-07T17:06:00Z","fanduel","h2h_1st_5_innings","2026-09-07T15:57:08Z","Atlanta Braves","","158"
"ce94c6d5ef8ae9f29d29223e386beee1","Atlanta Braves @ Philadelphia Phillies","2026-09-07T17:06:00Z","fanduel","h2h_1st_5_innings","2026-09-07T15:57:08Z","Philadelphia Phillies","","-200"
"ce94c6d5ef8ae9f29d29223e386beee1","Atlanta Braves @ Philadelphia Phillies","2026-09-07T17:06:00Z","betonlineag","h2h_1st_5_innings","2026-09-07T15:56:47Z","Atlanta Braves","","165"
"ce94c6d5ef8ae9f29d29223e386beee1","Atlanta Braves @ Philadelphia Phillies","2026-09-07T17:06:00Z","betonlineag","h2h_1st_5_innings","2026-09-07T15:56:47Z","Philadelphia Phillies","","-190"
"ce94c6d5ef8ae9f29d29223e386beee1","Atlanta Braves @ Philadelphia Phillies","2026-09-07T17:06:00Z","bovada","h2h_1st_5_innings","2026-09-07T15:55:59Z","Atlanta Braves","","150"
"ce94c6d5ef8ae9f29d29223e386beee1","Atlanta Braves @ Philadelphia Phillies","2026-09-07T17:06:00Z","bovada","h2h_1st_5_innings","2026-09-07T15:55:59Z","Philadelphia Phillies","","-200"
"ce94c6d5ef8ae9f29d29223e386beee1","Atlanta Braves @ Philadelphia Phillies","2026-09-07T17:06:00Z","draftkings","h2h_1st_5_innings","2026-09-07T15:56:43Z","Atlanta Braves","","154"
"ce94c6d5ef8ae9f29d29223e386beee1","Atlanta Braves @ Philadelphia Phillies","2026-09-07T17:06:00Z","draftkings","h2h_1st_5_innings","2026-09-07T15:56:43Z","Philadelphia Phillies","","-200"
"ce94c6d5ef8ae9f29d29223e386beee1","Atlanta Braves @ Philadelphia Phillies","2026-09-07T17:06:00Z","williamhill_us","h2h_1st_5_innings","2026-09-07T15:56:41Z","Atlanta Braves","","165"
"ce94c6d5ef8ae9f29d29223e386beee1","Atlanta Braves @ Philadelphia Phillies","2026-09-07T17:06:00Z","williamhill_us","h2h_1st_5_innings","2026-09-07T15:56:41Z","Philadelphia Phillies","","-200"
"ce94c6d5ef8ae9f29d29223e386beee1","Atlanta Braves @ Philadelphia Phillies","2026-09-07T17:06:00Z","betrivers","h2h_1st_5_innings","2026-09-07T15:57:04Z","Atlanta Braves","","150"
"ce94c6d5ef8ae9f29d29223e386beee1","Atlanta Braves @ Philadelphia Phillies","2026-09-07T17:06:00Z","betrivers","h2h_1st_5_innings","2026-09-07T15:57:04Z","Philadelphia Phillies","","-205"
"ce94c6d5ef8ae9f29d29223e386beee1","Atlanta Braves @ Philadelphia Phillies","2026-09-07T17:06:00Z","mybookieag","h2h_1st_5_innings","2026-09-07T15:57:04Z","Atlanta Braves","","167"
"ce94c6d5ef8ae9f29d29223e386beee1","Atlanta Braves @ Philadelphia Phillies","2026-09-07T17:06:00Z","mybookieag","h2h_1st_5_innings","2026-09-07T15:57:04Z","Philadelphia Phillies","","-210"
"ce94c6d5ef8ae9f29d29223e386beee1","Atlanta Braves @ Philadelphia Phillies","2026-09-07T17:06:00Z","betus","h2h_1st_5_innings","2026-09-07T15:56:27Z","Atlanta Braves","","160"
"ce94c6d5ef8ae9f29d29223e386beee1","Atlanta Braves @ Philadelphia Phillies","2026-09-07T17:06:00Z","betus","h2h_1st_5_innings","2026-09-07T15:56:27Z","Philadelphia Phillies","","-190"
"ce94c6d5ef8ae9f29d29223e386beee1","Atlanta Braves @ Philadelphia Phillies","2026-09-07T17:06:00Z","fanduel","spreads_1st_5_innings","2026-09-07T15:57:08Z","Atlanta Braves","0.5","106"
"ce94c6d5ef8ae9f29d29223e386beee1","Atlanta Braves @ Philadelphia Phillies","2026-09-07T17:06:00Z","fanduel","spreads_1st_5_innings","2026-09-07T15:57:08Z","Philadelphia Phillies","-0.5","-138"
"ce94c6d5ef8ae9f29d29223e386beee1","Atlanta Braves @ Philadelphia Phillies","2026-09-07T17:06:00Z","betonlineag","spreads_1st_5_innings","2026-09-07T15:56:47Z","Atlanta Braves","0.5","110"
"ce94c6d5ef8ae9f29d29223e386beee1","Atlanta Braves @ Philadelphia Phillies","2026-09-07T17:06:00Z","betonlineag","spreads_1st_5_innings","2026-09-07T15:56:47Z","Philadelphia Phillies","-0.5","-130"
"ce94c6d5ef8ae9f29d29223e386beee1","Atlanta Braves @ Philadelphia Phillies","2026-09-07T17:06:00Z","bovada","spreads_1st_5_innings","2026-09-07T15:55:59Z","Atlanta Braves","0.5","105"
"ce94c6d5ef8ae9f29d29223e386beee1","Atlanta Braves @ Philadelphia Phillies","2026-09-07T17:06:00Z","bovada","spreads_1st_5_innings","2026-09-07T15:55:59Z","Philadelphia Phillies","-0.5","-135"
"ce94c6d5ef8ae9f29d29223e386beee1","Atlanta Braves @ Philadelphia Phillies","2026-09-07T17:06:00Z","williamhill_us","spreads_1st_5_innings","2026-09-07T15:56:41Z","Atlanta Braves","0.5","105"
"ce94c6d5ef8ae9f29d29223e386beee1","Atlanta Braves @ Philadelphia Phillies","2026-09-07T17:06:00Z","williamhill_us","spreads_1st_5_innings","2026-09-07T15:56:41Z","Philadelphia Phillies","-0.5","-135"
"ce94c6d5ef8ae9f29d29223e386beee1","Atlanta Braves @ Philadelphia Phillies","2026-09-07T17:06:00Z","mybookieag","spreads_1st_5_innings","2026-09-07T15:57:04Z","Atlanta Braves","0.5","111"
"ce94c6d5ef8ae9f29d29223e386beee1","Atlanta Braves @ Philadelphia Phillies","2026-09-07T17:06:00Z","mybookieag","spreads_1st_5_innings","2026-09-07T15:57:04Z","Philadelphia Phillies","-0.5","-137"
"ce94c6d5ef8ae9f29d29223e386beee1","Atlanta Braves @ Philadelphia Phillies","2026-09-07T17:06:00Z","betus","spreads_1st_5_innings","2026-09-07T15:56:27Z","Atlanta Braves","0.5","110"
"ce94c6d5ef8ae9f29d29223e386beee1","Atlanta Braves @ Philadelphia Phillies","2026-09-07T17:06:00Z","betus","spreads_1st_5_innings","2026-09-07T15:56:27Z","Philadelphia Phillies","-0.5","-130"
"ce94c6d5ef8ae9f29d29223e386beee1","Atlanta Braves @ Philadelphia Phillies","2026-09-07T17:06:00Z","betmgm","spreads_1st_5_innings","2026-09-07T15:55:33Z","Atlanta Braves","0.5","105"
"ce94c6d5ef8ae9f29d29223e386beee1","Atlanta Braves @ Philadelphia Phillies","2026-09-07T17:06:00Z","betmgm","spreads_1st_5_innings","2026-09-07T15:55:33Z","Philadelphia Phillies","-0.5","-140"
"ce94c6d5ef8ae9f29d29223e386beee1","Atlanta Braves @ Philadelphia Phillies","2026-09-07T17:06:00Z","pinnacle","spreads_1st_5_innings","2026-09-07T15:56:15Z","Atlanta Braves","0","167"
"ce94c6d5ef8ae9f29d29223e386beee1","Atlanta Braves @ Philadelphia Phillies","2026-09-07T17:06:00Z","pinnacle","spreads_1st_5_innings","2026-09-07T15:56:15Z","Philadelphia Phillies","0","-197"
"ce94c6d5ef8ae9f29d29223e386beee1","Atlanta Braves @ Philadelphia Phillies","2026-09-07T17:06:00Z","fanduel","totals_1st_5_innings","2026-09-07T15:57:08Z","Over","4.5","100"
"ce94c6d5ef8ae9f29d29223e386beee1","Atlanta Braves @ Philadelphia Phillies","2026-09-07T17:06:00Z","fanduel","totals_1st_5_innings","2026-09-07T15:57:08Z","Under","4.5","-130"
"ce94c6d5ef8ae9f29d29223e386beee1","Atlanta Braves @ Philadelphia Phillies","2026-09-07T17:06:00Z","betonlineag","totals_1st_5_innings","2026-09-07T15:56:47Z","Over","4.5","-105"
"ce94c6d5ef8ae9f29d29223e386beee1","Atlanta Braves @ Philadelphia Phillies","2026-09-07T17:06:00Z","betonlineag","totals_1st_5_innings","2026-09-07T15:56:47Z","Under","4.5","-115"
"ce94c6d5ef8ae9f29d29223e386beee1","Atlanta Braves @ Philadelphia Phillies","2026-09-07T17:06:00Z","bovada","totals_1st_5_innings","2026-09-07T15:55:59Z","Over","4.5","100"
"ce94c6d5ef8ae9f29d29223e386beee1","Atlanta Braves @ Philadelphia Phillies","2026-09-07T17:06:00Z","bovada","totals_1st_5_innings","2026-09-07T15:55:59Z","Under","4.5","-130"
"ce94c6d5ef8ae9f29d29223e386beee1","Atlanta Braves @ Philadelphia Phillies","2026-09-07T17:06:00Z","williamhill_us","totals_1st_5_innings","2026-09-07T15:56:41Z","Over","4.5","100"
"ce94c6d5ef8ae9f29d29223e386beee1","Atlanta Braves @ Philadelphia Phillies","2026-09-07T17:06:00Z","williamhill_us","totals_1st_5_innings","2026-09-07T15:56:41Z","Under","4.5","-130"
"ce94c6d5ef8ae9f29d29223e386beee1","Atlanta Braves @ Philadelphia Phillies","2026-09-07T17:06:00Z","mybookieag","totals_1st_5_innings","2026-09-07T15:57:04Z","Over","4.5","-102"
"ce94c6d5ef8ae9f29d29223e386beee1","Atlanta Braves @ Philadelphia Phillies","2026-09-07T17:06:00Z","mybookieag","totals_1st_5_innings","2026-09-07T15:57:04Z","Under","4.5","-120"
"ce94c6d5ef8ae9f29d29223e386beee1","Atlanta Braves @ Philadelphia Phillies","2026-09-07T17:06:00Z","betus","totals_1st_5_innings","2026-09-07T15:56:27Z","Over","4.5","-115"
"ce94c6d5ef8ae9f29d29223e386beee1","Atlanta Braves @ Philadelphia Phillies","2026-09-07T17:06:00Z","betus","totals_1st_5_innings","2026-09-07T15:56:27Z","Under","4.5","-115"
"ce94c6d5ef8ae9f29d29223e386beee1","Atlanta Braves @ Philadelphia Phillies","2026-09-07T17:06:00Z","betmgm","totals_1st_5_innings","2026-09-07T15:55:33Z","Over","4.5","-102"
"ce94c6d5ef8ae9f29d29223e386beee1","Atlanta Braves @ Philadelphia Phillies","2026-09-07T17:06:00Z","betmgm","totals_1st_5_innings","2026-09-07T15:55:33Z","Under","4.5","-130"
"ce94c6d5ef8ae9f29d29223e386beee1","Atlanta Braves @ Philadelphia Phillies","2026-09-07T17:06:00Z","pinnacle","totals_1st_5_innings","2026-09-07T15:56:15Z","Over","4.5","105"
"ce94c6d5ef8ae9f29d29223e386beee1","Atlanta Braves @ Philadelphia Phillies","2026-09-07T17:06:00Z","pinnacle","totals_1st_5_innings","2026-09-07T15:56:15Z","Under","4.5","-121"
"4645b2d34e3503155b3ff308836621dc","New York Mets @ Miami Marlins","2026-09-07T17:11:00Z","fanduel","alternate_totals_1st_5_innings","2026-09-07T15:56:21Z","Over","0.5","-5000"
"4645b2d34e3503155b3ff308836621dc","New York Mets @ Miami Marlins","2026-09-07T17:11:00Z","fanduel","alternate_totals_1st_5_innings","2026-09-07T15:56:21Z","Over","1.5","-1100"
"4645b2d34e3503155b3ff308836621dc","New York Mets @ Miami Marlins","2026-09-07T17:11:00Z","fanduel","alternate_totals_1st_5_innings","2026-09-07T15:56:21Z","Over","2.5","-360"
"4645b2d34e3503155b3ff308836621dc","New York Mets @ Miami Marlins","2026-09-07T17:11:00Z","fanduel","alternate_totals_1st_5_innings","2026-09-07T15:56:21Z","Over","3.5","-186"
"4645b2d34e3503155b3ff308836621dc","New York Mets @ Miami Marlins","2026-09-07T17:11:00Z","fanduel","alternate_totals_1st_5_innings","2026-09-07T15:56:21Z","Over","4.5","-102"
"4645b2d34e3503155b3ff308836621dc","New York Mets @ Miami Marlins","2026-09-07T17:11:00Z","fanduel","alternate_totals_1st_5_innings","2026-09-07T15:56:21Z","Over","5.5","164"
"4645b2d34e3503155b3ff308836621dc","New York Mets @ Miami Marlins","2026-09-07T17:11:00Z","fanduel","alternate_totals_1st_5_innings","2026-09-07T15:56:21Z","Over","6.5","265"
"4645b2d34e3503155b3ff308836621dc","New York Mets @ Miami Marlins","2026-09-07T17:11:00Z","fanduel","alternate_totals_1st_5_innings","2026-09-07T15:56:21Z","Over","7.5","390"
"4645b2d34e3503155b3ff308836621dc","New York Mets @ Miami Marlins","2026-09-07T17:11:00Z","fanduel","alternate_totals_1st_5_innings","2026-09-07T15:56:21Z","Over","8.5","580"
"4645b2d34e3503155b3ff308836621dc","New York Mets @ Miami Marlins","2026-09-07T17:11:00Z","fanduel","alternate_totals_1st_5_innings","2026-09-07T15:56:21Z","Over","9.5","850"
"4645b2d34e3503155b3ff308836621dc","New York Mets @ Miami Marlins","2026-09-07T17:11:00Z","fanduel","alternate_totals_1st_5_innings","2026-09-07T15:56:21Z","Over","10.5","1100"
"4645b2d34e3503155b3ff308836621dc","New York Mets @ Miami Marlins","2026-09-07T17:11:00Z","fanduel","alternate_totals_1st_5_innings","2026-09-07T15:56:21Z","Under","0.5","1200"
"4645b2d34e3503155b3ff308836621dc","New York Mets @ Miami Marlins","2026-09-07T17:11:00Z","fanduel","alternate_totals_1st_5_innings","2026-09-07T15:56:21Z","Under","1.5","550"
"4645b2d34e3503155b3ff308836621dc","New York Mets @ Miami Marlins","2026-09-07T17:11:00Z","fanduel","alternate_totals_1st_5_innings","2026-09-07T15:56:21Z","Under","2.5","250"
"4645b2d34e3503155b3ff308836621dc","New York Mets @ Miami Marlins","2026-09-07T17:11:00Z","fanduel","alternate_totals_1st_5_innings","2026-09-07T15:56:21Z","Under","3.5","136"
"4645b2d34e3503155b3ff308836621dc","New York Mets @ Miami Marlins","2026-09-07T17:11:00Z","fanduel","alternate_totals_1st_5_innings","2026-09-07T15:56:21Z","Under","4.5","-130"
"4645b2d34e3503155b3ff308836621dc","New York Mets @ Miami Marlins","2026-09-07T17:11:00Z","fanduel","alternate_totals_1st_5_innings","2026-09-07T15:56:21Z","Under","5.5","-225"
"4645b2d34e3503155b3ff308836621dc","New York Mets @ Miami Marlins","2026-09-07T17:11:00Z","fanduel","alternate_totals_1st_5_innings","2026-09-07T15:56:21Z","Under","6.5","-390"
"4645b2d34e3503155b3ff308836621dc","New York Mets @ Miami Marlins","2026-09-07T17:11:00Z","fanduel","alternate_totals_1st_5_innings","2026-09-07T15:56:21Z","Under","7.5","-650"
"4645b2d34e3503155b3ff308836621dc","New York Mets @ Miami Marlins","2026-09-07T17:11:00Z","fanduel","alternate_totals_1st_5_innings","2026-09-07T15:56:21Z","Under","8.5","-1200"
"4645b2d34e3503155b3ff308836621dc","New York Mets @ Miami Marlins","2026-09-07T17:11:00Z","fanduel","alternate_totals_1st_5_innings","2026-09-07T15:56:21Z","Under","9.5","-2500"
"4645b2d34e3503155b3ff308836621dc","New York Mets @ Miami Marlins","2026-09-07T17:11:00Z","fanduel","alternate_totals_1st_5_innings","2026-09-07T15:56:21Z","Under","10.5","-4500"
"4645b2d34e3503155b3ff308836621dc","New York Mets @ Miami Marlins","2026-09-07T17:11:00Z","fanduel","alternate_totals_1st_5_innings","2026-09-07T15:56:21Z","Under","11.5","-8000"
"4645b2d34e3503155b3ff308836621dc","New York Mets @ Miami Marlins","2026-09-07T17:11:00Z","bovada","alternate_totals_1st_5_innings","2026-09-07T15:57:10Z","Over","0.5","-6600"
"4645b2d34e3503155b3ff308836621dc","New York Mets @ Miami Marlins","2026-09-07T17:11:00Z","bovada","alternate_totals_1st_5_innings","2026-09-07T15:57:10Z","Over","1.5","-1100"
"4645b2d34e3503155b3ff308836621dc","New York Mets @ Miami Marlins","2026-09-07T17:11:00Z","bovada","alternate_totals_1st_5_innings","2026-09-07T15:57:10Z","Over","3.5","-180"
"4645b2d34e3503155b3ff308836621dc","New York Mets @ Miami Marlins","2026-09-07T17:11:00Z","bovada","alternate_totals_1st_5_innings","2026-09-07T15:57:10Z","Over","4","-135"
"4645b2d34e3503155b3ff308836621dc","New York Mets @ Miami Marlins","2026-09-07T17:11:00Z","bovada","alternate_totals_1st_5_innings","2026-09-07T15:57:10Z","Over","5","125"
"4645b2d34e3503155b3ff308836621dc","New York Mets @ Miami Marlins","2026-09-07T17:11:00Z","bovada","alternate_totals_1st_5_innings","2026-09-07T15:57:10Z","Over","5.5","155"
"4645b2d34e3503155b3ff308836621dc","New York Mets @ Miami Marlins","2026-09-07T17:11:00Z","bovada","alternate_totals_1st_5_innings","2026-09-07T15:57:10Z","Over","7.5","400"
"4645b2d34e3503155b3ff308836621dc","New York Mets @ Miami Marlins","2026-09-07T17:11:00Z","bovada","alternate_totals_1st_5_innings","2026-09-07T15:57:10Z","Over","8.5","650"
"4645b2d34e3503155b3ff308836621dc","New York Mets @ Miami Marlins","2026-09-07T17:11:00Z","bovada","alternate_totals_1st_5_innings","2026-09-07T15:57:10Z","Over","9.5","900"
"4645b2d34e3503155b3ff308836621dc","New York Mets @ Miami Marlins","2026-09-07T17:11:00Z","bovada","alternate_totals_1st_5_innings","2026-09-07T15:57:10Z","Over","10.5","1200"
"4645b2d34e3503155b3ff308836621dc","New York Mets @ Miami Marlins","2026-09-07T17:11:00Z","bovada","alternate_totals_1st_5_innings","2026-09-07T15:57:10Z","Under","0.5","1200"
"4645b2d34e3503155b3ff308836621dc","New York Mets @ Miami Marlins","2026-09-07T17:11:00Z","bovada","alternate_totals_1st_5_innings","2026-09-07T15:57:10Z","Under","1.5","575"
"4645b2d34e3503155b3ff308836621dc","New York Mets @ Miami Marlins","2026-09-07T17:11:00Z","bovada","alternate_totals_1st_5_innings","2026-09-07T15:57:10Z","Under","3.5","135"
"4645b2d34e3503155b3ff308836621dc","New York Mets @ Miami Marlins","2026-09-07T17:11:00Z","bovada","alternate_totals_1st_5_innings","2026-09-07T15:57:10Z","Under","4","105"
"4645b2d34e3503155b3ff308836621dc","New York Mets @ Miami Marlins","2026-09-07T17:11:00Z","bovada","alternate_totals_1st_5_innings","2026-09-07T15:57:10Z","Under","5","-165"
"4645b2d34e3503155b3ff308836621dc","New York Mets @ Miami Marlins","2026-09-07T17:11:00Z","bovada","alternate_totals_1st_5_innings","2026-09-07T15:57:10Z","Under","5.5","-210"
"4645b2d34e3503155b3ff308836621dc","New York Mets @ Miami Marlins","2026-09-07T17:11:00Z","bovada","alternate_totals_1st_5_innings","2026-09-07T15:57:10Z","Under","7.5","-650"
"4645b2d34e3503155b3ff308836621dc","New York Mets @ Miami Marlins","2026-09-07T17:11:00Z","bovada","alternate_totals_1st_5_innings","2026-09-07T15:57:10Z","Under","8.5","-1400"
"4645b2d34e3503155b3ff308836621dc","New York Mets @ Miami Marlins","2026-09-07T17:11:00Z","bovada","alternate_totals_1st_5_innings","2026-09-07T15:57:10Z","Under","9.5","-3333"
"4645b2d34e3503155b3ff308836621dc","New York Mets @ Miami Marlins","2026-09-07T17:11:00Z","bovada","alternate_totals_1st_5_innings","2026-09-07T15:57:10Z","Under","10.5","-6600"
"4645b2d34e3503155b3ff308836621dc","New York Mets @ Miami Marlins","2026-09-07T17:11:00Z","draftkings","alternate_totals_1st_5_innings","2026-09-07T15:56:44Z","Over","3.5","-180"
"4645b2d34e3503155b3ff308836621dc","New York Mets @ Miami Marlins","2026-09-07T17:11:00Z","draftkings","alternate_totals_1st_5_innings","2026-09-07T15:56:44Z","Over","4.5","-105"
"4645b2d34e3503155b3ff308836621dc","New York Mets @ Miami Marlins","2026-09-07T17:11:00Z","draftkings","alternate_totals_1st_5_innings","2026-09-07T15:56:44Z","Over","5.5","150"
"4645b2d34e3503155b3ff308836621dc","New York Mets @ Miami Marlins","2026-09-07T17:11:00Z","draftkings","alternate_totals_1st_5_innings","2026-09-07T15:56:44Z","Under","3.5","140"
"4645b2d34e3503155b3ff308836621dc","New York Mets @ Miami Marlins","2026-09-07T17:11:00Z","draftkings","alternate_totals_1st_5_innings","2026-09-07T15:56:44Z","Under","4.5","-125"
"4645b2d34e3503155b3ff308836621dc","New York Mets @ Miami Marlins","2026-09-07T17:11:00Z","draftkings","alternate_totals_1st_5_innings","2026-09-07T15:56:44Z","Under","5.5","-195"
"4645b2d34e3503155b3ff308836621dc","New York Mets @ Miami Marlins","2026-09-07T17:11:00Z","betrivers","alternate_totals_1st_5_innings","2026-09-07T15:56:42Z","Over","4.5","-107"
"4645b2d34e3503155b3ff308836621dc","New York Mets @ Miami Marlins","2026-09-07T17:11:00Z","betrivers","alternate_totals_1st_5_innings","2026-09-07T15:56:42Z","Under","4.5","-125"
"4645b2d34e3503155b3ff308836621dc","New York Mets @ Miami Marlins","2026-09-07T17:11:00Z","pinnacle","alternate_totals_1st_5_innings","2026-09-07T15:56:42Z","Over","3.5","-166"
"4645b2d34e3503155b3ff308836621dc","New York Mets @ Miami Marlins","2026-09-07T17:11:00Z","pinnacle","alternate_totals_1st_5_innings","2026-09-07T15:56:42Z","Over","4","-129"
"4645b2d34e3503155b3ff308836621dc","New York Mets @ Miami Marlins","2026-09-07T17:11:00Z","pinnacle","alternate_totals_1st_5_innings","2026-09-07T15:56:42Z","Over","5","137"
"4645b2d34e3503155b3ff308836621dc","New York Mets @ Miami Marlins","2026-09-07T17:11:00Z","pinnacle","alternate_totals_1st_5_innings","2026-09-07T15:56:42Z","Over","5.5","165"
"4645b2d34e3503155b3ff308836621dc","New York Mets @ Miami Marlins","2026-09-07T17:11:00Z","pinnacle","alternate_totals_1st_5_innings","2026-09-07T15:56:42Z","Under","3.5","143"
"4645b2d34e3503155b3ff308836621dc","New York Mets @ Miami Marlins","2026-09-07T17:11:00Z","pinnacle","alternate_totals_1st_5_innings","2026-09-07T15:56:42Z","Under","4","112"
"4645b2d34e3503155b3ff308836621dc","New York Mets @ Miami Marlins","2026-09-07T17:11:00Z","pinnacle","alternate_totals_1st_5_innings","2026-09-07T15:56:42Z","Under","5","-158"
"4645b2d34e3503155b3ff308836621dc","New York Mets @ Miami Marlins","2026-09-07T17:11:00Z","pinnacle","alternate_totals_1st_5_innings","2026-09-07T15:56:42Z","Under","5.5","-194"
"4645b2d34e3503155b3ff308836621dc","New York Mets @ Miami Marlins","2026-09-07T17:11:00Z","fanduel","h2h_1st_5_innings","2026-09-07T15:56:21Z","Miami Marlins","","-142"
"4645b2d34e3503155b3ff308836621dc","New York Mets @ Miami Marlins","2026-09-07T17:11:00Z","fanduel","h2h_1st_5_innings","2026-09-07T15:56:21Z","New York Mets","","114"
"4645b2d34e3503155b3ff308836621dc","New York Mets @ Miami Marlins","2026-09-07T17:11:00Z","betonlineag","h2h_1st_5_innings","2026-09-07T15:56:43Z","Miami Marlins","","-145"
"4645b2d34e3503155b3ff308836621dc","New York Mets @ Miami Marlins","2026-09-07T17:11:00Z","betonlineag","h2h_1st_5_innings","2026-09-07T15:56:43Z","New York Mets","","125"
"4645b2d34e3503155b3ff308836621dc","New York Mets @ Miami Marlins","2026-09-07T17:11:00Z","mybookieag","h2h_1st_5_innings","2026-09-07T15:56:16Z","Miami Marlins","","-146"
"4645b2d34e3503155b3ff308836621dc","New York Mets @ Miami Marlins","2026-09-07T17:11:00Z","mybookieag","h2h_1st_5_innings","2026-09-07T15:56:16Z","New York Mets","","119"
"4645b2d34e3503155b3ff308836621dc","New York Mets @ Miami Marlins","2026-09-07T17:11:00Z","bovada","h2h_1st_5_innings","2026-09-07T15:57:10Z","Miami Marlins","","-150"
"4645b2d34e3503155b3ff308836621dc","New York Mets @ Miami Marlins","2026-09-07T17:11:00Z","bovada","h2h_1st_5_innings","2026-09-07T15:57:10Z","New York Mets","","115"
"4645b2d34e3503155b3ff308836621dc","New York Mets @ Miami Marlins","2026-09-07T17:11:00Z","draftkings","h2h_1st_5_innings","2026-09-07T15:56:44Z","Miami Marlins","","-154"
"4645b2d34e3503155b3ff308836621dc","New York Mets @ Miami Marlins","2026-09-07T17:11:00Z","draftkings","h2h_1st_5_innings","2026-09-07T15:56:44Z","New York Mets","","120"
"4645b2d34e3503155b3ff308836621dc","New York Mets @ Miami Marlins","2026-09-07T17:11:00Z","williamhill_us","h2h_1st_5_innings","2026-09-07T15:57:04Z","Miami Marlins","","-150"
"4645b2d34e3503155b3ff308836621dc","New York Mets @ Miami Marlins","2026-09-07T17:11:00Z","williamhill_us","h2h_1st_5_innings","2026-09-07T15:57:04Z","New York Mets","","120"
"4645b2d34e3503155b3ff308836621dc","New York Mets @ Miami Marlins","2026-09-07T17:11:00Z","betrivers","h2h_1st_5_innings","2026-09-07T15:56:42Z","Miami Marlins","","-148"
"4645b2d34e3503155b3ff308836621dc","New York Mets @ Miami Marlins","2026-09-07T17:11:00Z","betrivers","h2h_1st_5_innings","2026-09-07T15:56:42Z","New York Mets","","110"
"4645b2d34e3503155b3ff308836621dc","New York Mets @ Miami Marlins","2026-09-07T17:11:00Z","betus","h2h_1st_5_innings","2026-09-07T15:56:27Z","Miami Marlins","","-145"
"4645b2d34e3503155b3ff308836621dc","New York Mets @ Miami Marlins","2026-09-07T17:11:00Z","betus","h2h_1st_5_innings","2026-09-07T15:56:27Z","New York Mets","","125"
"4645b2d34e3503155b3ff308836621dc","New York Mets @ Miami Marlins","2026-09-07T17:11:00Z","fanduel","spreads_1st_5_innings","2026-09-07T15:56:21Z","Miami Marlins","-0.5","100"
"4645b2d34e3503155b3ff308836621dc","New York Mets @ Miami Marlins","2026-09-07T17:11:00Z","fanduel","spreads_1st_5_innings","2026-09-07T15:56:21Z","New York Mets","0.5","-130"
"4645b2d34e3503155b3ff308836621dc","New York Mets @ Miami Marlins","2026-09-07T17:11:00Z","betonlineag","spreads_1st_5_innings","2026-09-07T15:56:43Z","Miami Marlins","-0.5","-105"
"4645b2d34e3503155b3ff308836621dc","New York Mets @ Miami Marlins","2026-09-07T17:11:00Z","betonlineag","spreads_1st_5_innings","2026-09-07T15:56:43Z","New York Mets","0.5","-115"
"4645b2d34e3503155b3ff308836621dc","New York Mets @ Miami Marlins","2026-09-07T17:11:00Z","mybookieag","spreads_1st_5_innings","2026-09-07T15:56:16Z","Miami Marlins","-0.5","-108"
"4645b2d34e3503155b3ff308836621dc","New York Mets @ Miami Marlins","2026-09-07T17:11:00Z","mybookieag","spreads_1st_5_innings","2026-09-07T15:56:16Z","New York Mets","0.5","-113"
"4645b2d34e3503155b3ff308836621dc","New York Mets @ Miami Marlins","2026-09-07T17:11:00Z","bovada","spreads_1st_5_innings","2026-09-07T15:57:10Z","Miami Marlins","-0.5","-105"
"4645b2d34e3503155b3ff308836621dc","New York Mets @ Miami Marlins","2026-09-07T17:11:00Z","bovada","spreads_1st_5_innings","2026-09-07T15:57:10Z","New York Mets","0.5","-125"
"4645b2d34e3503155b3ff308836621dc","New York Mets @ Miami Marlins","2026-09-07T17:11:00Z","williamhill_us","spreads_1st_5_innings","2026-09-07T15:57:04Z","Miami Marlins","-0.5","-105"
"4645b2d34e3503155b3ff308836621dc","New York Mets @ Miami Marlins","2026-09-07T17:11:00Z","williamhill_us","spreads_1st_5_innings","2026-09-07T15:57:04Z","New York Mets","0.5","-125"
"4645b2d34e3503155b3ff308836621dc","New York Mets @ Miami Marlins","2026-09-07T17:11:00Z","betus","spreads_1st_5_innings","2026-09-07T15:56:27Z","Miami Marlins","-0.5","-105"
"4645b2d34e3503155b3ff308836621dc","New York Mets @ Miami Marlins","2026-09-07T17:11:00Z","betus","spreads_1st_5_innings","2026-09-07T15:56:27Z","New York Mets","0.5","-115"
"4645b2d34e3503155b3ff308836621dc","New York Mets @ Miami Marlins","2026-09-07T17:11:00Z","betmgm","spreads_1st_5_innings","2026-09-07T15:55:33Z","Miami Marlins","-0.5","-105"
"4645b2d34e3503155b3ff308836621dc","New York Mets @ Miami Marlins","2026-09-07T17:11:00Z","betmgm","spreads_1st_5_innings","2026-09-07T15:55:33Z","New York Mets","0.5","-125"
"4645b2d34e3503155b3ff308836621dc","New York Mets @ Miami Marlins","2026-09-07T17:11:00Z","pinnacle","spreads_1st_5_innings","2026-09-07T15:56:42Z","Miami Marlins","0","-139"
"4645b2d34e3503155b3ff308836621dc","New York Mets @ Miami Marlins","2026-09-07T17:11:00Z","pinnacle","spreads_1st_5_innings","2026-09-07T15:56:42Z","New York Mets","0","121"
"4645b2d34e3503155b3ff308836621dc","New York Mets @ Miami Marlins","2026-09-07T17:11:00Z","fanduel","totals_1st_5_innings","2026-09-07T15:56:21Z","Over","4.5","-102"
"4645b2d34e3503155b3ff308836621dc","New York Mets @ Miami Marlins","2026-09-07T17:11:00Z","fanduel","totals_1st_5_innings","2026-09-07T15:56:21Z","Under","4.5","-128"
"4645b2d34e3503155b3ff308836621dc","New York Mets @ Miami Marlins","2026-09-07T17:11:00Z","betonlineag","totals_1st_5_innings","2026-09-07T15:56:43Z","Over","4.5","-111"
"4645b2d34e3503155b3ff308836621dc","New York Mets @ Miami Marlins","2026-09-07T17:11:00Z","betonlineag","totals_1st_5_innings","2026-09-07T15:56:43Z","Under","4.5","-109"
"4645b2d34e3503155b3ff308836621dc","New York Mets @ Miami Marlins","2026-09-07T17:11:00Z","mybookieag","totals_1st_5_innings","2026-09-07T15:56:16Z","Over","4.5","101"
"4645b2d34e3503155b3ff308836621dc","New York Mets @ Miami Marlins","2026-09-07T17:11:00Z","mybookieag","totals_1st_5_innings","2026-09-07T15:56:16Z","Under","4.5","-123"
"4645b2d34e3503155b3ff308836621dc","New York Mets @ Miami Marlins","2026-09-07T17:11:00Z","bovada","totals_1st_5_innings","2026-09-07T15:57:10Z","Over","4.5","-105"
"4645b2d34e3503155b3ff308836621dc","New York Mets @ Miami Marlins","2026-09-07T17:11:00Z","bovada","totals_1st_5_innings","2026-09-07T15:57:10Z","Under","4.5","-125"
"4645b2d34e3503155b3ff308836621dc","New York Mets @ Miami Marlins","2026-09-07T17:11:00Z","williamhill_us","totals_1st_5_innings","2026-09-07T15:57:04Z","Over","4.5","100"
"4645b2d34e3503155b3ff308836621dc","New York Mets @ Miami Marlins","2026-09-07T17:11:00Z","williamhill_us","totals_1st_5_innings","2026-09-07T15:57:04Z","Under","4.5","-130"
"4645b2d34e3503155b3ff308836621dc","New York Mets @ Miami Marlins","2026-09-07T17:11:00Z","betus","totals_1st_5_innings","2026-09-07T15:56:27Z","Over","4.5","-115"
"4645b2d34e3503155b3ff308836621dc","New York Mets @ Miami Marlins","2026-09-07T17:11:00Z","betus","totals_1st_5_innings","2026-09-07T15:56:27Z","Under","4.5","-115"
"4645b2d34e3503155b3ff308836621dc","New York Mets @ Miami Marlins","2026-09-07T17:11:00Z","betmgm","totals_1st_5_innings","2026-09-07T15:55:33Z","Over","4.5","-105"
"4645b2d34e3503155b3ff308836621dc","New York Mets @ Miami Marlins","2026-09-07T17:11:00Z","betmgm","totals_1st_5_innings","2026-09-07T15:55:33Z","Under","4.5","-125"
"4645b2d34e3503155b3ff308836621dc","New York Mets @ Miami Marlins","2026-09-07T17:11:00Z","pinnacle","totals_1st_5_innings","2026-09-07T15:56:42Z","Over","4.5","104"
"4645b2d34e3503155b3ff308836621dc","New York Mets @ Miami Marlins","2026-09-07T17:11:00Z","pinnacle","totals_1st_5_innings","2026-09-07T15:56:42Z","Under","4.5","-120"
"0a5522c3b427e5162e8c13c1ddb05dd7","Cleveland Guardians @ Baltimore Orioles","2026-09-07T17:36:00Z","fanduel","alternate_totals_1st_5_innings","2026-09-07T15:56:46Z","Over","0.5","-4500"
"0a5522c3b427e5162e8c13c1ddb05dd7","Cleveland Guardians @ Baltimore Orioles","2026-09-07T17:36:00Z","fanduel","alternate_totals_1st_5_innings","2026-09-07T15:56:46Z","Over","1.5","-700"
"0a5522c3b427e5162e8c13c1ddb05dd7","Cleveland Guardians @ Baltimore Orioles","2026-09-07T17:36:00Z","fanduel","alternate_totals_1st_5_innings","2026-09-07T15:56:46Z","Over","2.5","-300"
"0a5522c3b427e5162e8c13c1ddb05dd7","Cleveland Guardians @ Baltimore Orioles","2026-09-07T17:36:00Z","fanduel","alternate_totals_1st_5_innings","2026-09-07T15:56:46Z","Over","3.5","-152"
"0a5522c3b427e5162e8c13c1ddb05dd7","Cleveland Guardians @ Baltimore Orioles","2026-09-07T17:36:00Z","fanduel","alternate_totals_1st_5_innings","2026-09-07T15:56:46Z","Over","4.5","118"
"0a5522c3b427e5162e8c13c1ddb05dd7","Cleveland Guardians @ Baltimore Orioles","2026-09-07T17:36:00Z","fanduel","alternate_totals_1st_5_innings","2026-09-07T15:56:46Z","Over","5.5","194"
"0a5522c3b427e5162e8c13c1ddb05dd7","Cleveland Guardians @ Baltimore Orioles","2026-09-07T17:36:00Z","fanduel","alternate_totals_1st_5_innings","2026-09-07T15:56:46Z","Over","6.5","310"
"0a5522c3b427e5162e8c13c1ddb05dd7","Cleveland Guardians @ Baltimore Orioles","2026-09-07T17:36:00Z","fanduel","alternate_totals_1st_5_innings","2026-09-07T15:56:46Z","Over","7.5","470"
"0a5522c3b427e5162e8c13c1ddb05dd7","Cleveland Guardians @ Baltimore Orioles","2026-09-07T17:36:00Z","fanduel","alternate_totals_1st_5_innings","2026-09-07T15:56:46Z","Over","8.5","680"
"0a5522c3b427e5162e8c13c1ddb05dd7","Cleveland Guardians @ Baltimore Orioles","2026-09-07T17:36:00Z","fanduel","alternate_totals_1st_5_innings","2026-09-07T15:56:46Z","Over","9.5","920"
"0a5522c3b427e5162e8c13c1ddb05dd7","Cleveland Guardians @ Baltimore Orioles","2026-09-07T17:36:00Z","fanduel","alternate_totals_1st_5_innings","2026-09-07T15:56:46Z","Over","10.5","1280"
"0a5522c3b427e5162e8c13c1ddb05dd7","Cleveland Guardians @ Baltimore Orioles","2026-09-07T17:36:00Z","fanduel","alternate_totals_1st_5_innings","2026-09-07T15:56:46Z","Under","0.5","1100"
"0a5522c3b427e5162e8c13c1ddb05dd7","Cleveland Guardians @ Baltimore Orioles","2026-09-07T17:36:00Z","fanduel","alternate_totals_1st_5_innings","2026-09-07T15:56:46Z","Under","1.5","410"
"0a5522c3b427e5162e8c13c1ddb05dd7","Cleveland Guardians @ Baltimore Orioles","2026-09-07T17:36:00Z","fanduel","alternate_totals_1st_5_innings","2026-09-07T15:56:46Z","Under","2.5","210"
"0a5522c3b427e5162e8c13c1ddb05dd7","Cleveland Guardians @ Baltimore Orioles","2026-09-07T17:36:00Z","fanduel","alternate_totals_1st_5_innings","2026-09-07T15:56:46Z","Under","3.5","114"
"0a5522c3b427e5162e8c13c1ddb05dd7","Cleveland Guardians @ Baltimore Orioles","2026-09-07T17:36:00Z","fanduel","alternate_totals_1st_5_innings","2026-09-07T15:56:46Z","Under","4.5","-158"
"0a5522c3b427e5162e8c13c1ddb05dd7","Cleveland Guardians @ Baltimore Orioles","2026-09-07T17:36:00Z","fanduel","alternate_totals_1st_5_innings","2026-09-07T15:56:46Z","Under","5.5","-270"
"0a5522c3b427e5162e8c13c1ddb05dd7","Cleveland Guardians @ Baltimore Orioles","2026-09-07T17:36:00Z","fanduel","alternate_totals_1st_5_innings","2026-09-07T15:56:46Z","Under","6.5","-470"
"0a5522c3b427e5162e8c13c1ddb05dd7","Cleveland Guardians @ Baltimore Orioles","2026-09-07T17:36:00Z","fanduel","alternate_totals_1st_5_innings","2026-09-07T15:56:46Z","Under","7.5","-850"
"0a5522c3b427e5162e8c13c1ddb05dd7","Cleveland Guardians @ Baltimore Orioles","2026-09-07T17:36:00Z","fanduel","alternate_totals_1st_5_innings","2026-09-07T15:56:46Z","Under","8.5","-1600"
"0a5522c3b427e5162e8c13c1ddb05dd7","Cleveland Guardians @ Baltimore Orioles","2026-09-07T17:36:00Z","fanduel","alternate_totals_1st_5_innings","2026-09-07T15:56:46Z","Under","9.5","-3500"
"0a5522c3b427e5162e8c13c1ddb05dd7","Cleveland Guardians @ Baltimore Orioles","2026-09-07T17:36:00Z","fanduel","alternate_totals_1st_5_innings","2026-09-07T15:56:46Z","Under","10.5","-7000"
"0a5522c3b427e5162e8c13c1ddb05dd7","Cleveland Guardians @ Baltimore Orioles","2026-09-07T17:36:00Z","bovada","alternate_totals_1st_5_innings","2026-09-07T15:55:41Z","Over","0.5","-6600"
"0a5522c3b427e5162e8c13c1ddb05dd7","Cleveland Guardians @ Baltimore Orioles","2026-09-07T17:36:00Z","bovada","alternate_totals_1st_5_innings","2026-09-07T15:55:41Z","Over","1.5","-1100"
"0a5522c3b427e5162e8c13c1ddb05dd7","Cleveland Guardians @ Baltimore Orioles","2026-09-07T17:36:00Z","bovada","alternate_totals_1st_5_innings","2026-09-07T15:55:41Z","Over","3","-230"
"0a5522c3b427e5162e8c13c1ddb05dd7","Cleveland Guardians @ Baltimore Orioles","2026-09-07T17:36:00Z","bovada","alternate_totals_1st_5_innings","2026-09-07T15:55:41Z","Over","3.5","-150"
"0a5522c3b427e5162e8c13c1ddb05dd7","Cleveland Guardians @ Baltimore Orioles","2026-09-07T17:36:00Z","bovada","alternate_totals_1st_5_innings","2026-09-07T15:55:41Z","Over","4.5","115"
"0a5522c3b427e5162e8c13c1ddb05dd7","Cleveland Guardians @ Baltimore Orioles","2026-09-07T17:36:00Z","bovada","alternate_totals_1st_5_innings","2026-09-07T15:55:41Z","Over","5","155"
"0a5522c3b427e5162e8c13c1ddb05dd7","Cleveland Guardians @ Baltimore Orioles","2026-09-07T17:36:00Z","bovada","alternate_totals_1st_5_innings","2026-09-07T15:55:41Z","Over","7.5","350"
"0a5522c3b427e5162e8c13c1ddb05dd7","Cleveland Guardians @ Baltimore Orioles","2026-09-07T17:36:00Z","bovada","alternate_totals_1st_5_innings","2026-09-07T15:55:41Z","Over","8.5","525"
"0a5522c3b427e5162e8c13c1ddb05dd7","Cleveland Guardians @ Baltimore Orioles","2026-09-07T17:36:00Z","bovada","alternate_totals_1st_5_innings","2026-09-07T15:55:41Z","Over","9.5","700"
"0a5522c3b427e5162e8c13c1ddb05dd7","Cleveland Guardians @ Baltimore Orioles","2026-09-07T17:36:00Z","bovada","alternate_totals_1st_5_innings","2026-09-07T15:55:41Z","Over","10.5","900"
"0a5522c3b427e5162e8c13c1ddb05dd7","Cleveland Guardians @ Baltimore Orioles","2026-09-07T17:36:00Z","bovada","alternate_totals_1st_5_innings","2026-09-07T15:55:41Z","Over","11.5","1400"
"0a5522c3b427e5162e8c13c1ddb05dd7","Cleveland Guardians @ Baltimore Orioles","2026-09-07T17:36:00Z","bovada","alternate_totals_1st_5_innings","2026-09-07T15:55:41Z","Under","0.5","1200"
"0a5522c3b427e5162e8c13c1ddb05dd7","Cleveland Guardians @ Baltimore Orioles","2026-09-07T17:36:00Z","bovada","alternate_totals_1st_5_innings","2026-09-07T15:55:41Z","Under","1.5","575"
"0a5522c3b427e5162e8c13c1ddb05dd7","Cleveland Guardians @ Baltimore Orioles","2026-09-07T17:36:00Z","bovada","alternate_totals_1st_5_innings","2026-09-07T15:55:41Z","Under","3","170"
"0a5522c3b427e5162e8c13c1ddb05dd7","Cleveland Guardians @ Baltimore Orioles","2026-09-07T17:36:00Z","bovada","alternate_totals_1st_5_innings","2026-09-07T15:55:41Z","Under","3.5","115"
"0a5522c3b427e5162e8c13c1ddb05dd7","Cleveland Guardians @ Baltimore Orioles","2026-09-07T17:36:00Z","bovada","alternate_totals_1st_5_innings","2026-09-07T15:55:41Z","Under","4.5","-150"
"0a5522c3b427e5162e8c13c1ddb05dd7","Cleveland Guardians @ Baltimore Orioles","2026-09-07T17:36:00Z","bovada","alternate_totals_1st_5_innings","2026-09-07T15:55:41Z","Under","5","-210"
"0a5522c3b427e5162e8c13c1ddb05dd7","Cleveland Guardians @ Baltimore Orioles","2026-09-07T17:36:00Z","bovada","alternate_totals_1st_5_innings","2026-09-07T15:55:41Z","Under","7.5","-550"
"0a5522c3b427e5162e8c13c1ddb05dd7","Cleveland Guardians @ Baltimore Orioles","2026-09-07T17:36:00Z","bovada","alternate_totals_1st_5_innings","2026-09-07T15:55:41Z","Under","8.5","-950"
"0a5522c3b427e5162e8c13c1ddb05dd7","Cleveland Guardians @ Baltimore Orioles","2026-09-07T17:36:00Z","bovada","alternate_totals_1st_5_innings","2026-09-07T15:55:41Z","Under","9.5","-1600"
"0a5522c3b427e5162e8c13c1ddb05dd7","Cleveland Guardians @ Baltimore Orioles","2026-09-07T17:36:00Z","bovada","alternate_totals_1st_5_innings","2026-09-07T15:55:41Z","Under","10.5","-3333"
"0a5522c3b427e5162e8c13c1ddb05dd7","Cleveland Guardians @ Baltimore Orioles","2026-09-07T17:36:00Z","bovada","alternate_totals_1st_5_innings","2026-09-07T15:55:41Z","Under","11.5","-10000"
"0a5522c3b427e5162e8c13c1ddb05dd7","Cleveland Guardians @ Baltimore Orioles","2026-09-07T17:36:00Z","draftkings","alternate_totals_1st_5_innings","2026-09-07T15:55:13Z","Over","3.5","-145"
"0a5522c3b427e5162e8c13c1ddb05dd7","Cleveland Guardians @ Baltimore Orioles","2026-09-07T17:36:00Z","draftkings","alternate_totals_1st_5_innings","2026-09-07T15:55:13Z","Over","4.5","120"
"0a5522c3b427e5162e8c13c1ddb05dd7","Cleveland Guardians @ Baltimore Orioles","2026-09-07T17:36:00Z","draftkings","alternate_totals_1st_5_innings","2026-09-07T15:55:13Z","Over","5.5","195"
"0a5522c3b427e5162e8c13c1ddb05dd7","Cleveland Guardians @ Baltimore Orioles","2026-09-07T17:36:00Z","draftkings","alternate_totals_1st_5_innings","2026-09-07T15:55:13Z","Under","3.5","114"
"0a5522c3b427e5162e8c13c1ddb05dd7","Cleveland Guardians @ Baltimore Orioles","2026-09-07T17:36:00Z","draftkings","alternate_totals_1st_5_innings","2026-09-07T15:55:13Z","Under","4.5","-154"
"0a5522c3b427e5162e8c13c1ddb05dd7","Cleveland Guardians @ Baltimore Orioles","2026-09-07T17:36:00Z","draftkings","alternate_totals_1st_5_innings","2026-09-07T15:55:13Z","Under","5.5","-260"
"0a5522c3b427e5162e8c13c1ddb05dd7","Cleveland Guardians @ Baltimore Orioles","2026-09-07T17:36:00Z","betrivers","alternate_totals_1st_5_innings","2026-09-07T15:56:16Z","Over","3.5","-139"
"0a5522c3b427e5162e8c13c1ddb05dd7","Cleveland Guardians @ Baltimore Orioles","2026-09-07T17:36:00Z","betrivers","alternate_totals_1st_5_innings","2026-09-07T15:56:16Z","Under","3.5","105"
"0a5522c3b427e5162e8c13c1ddb05dd7","Cleveland Guardians @ Baltimore Orioles","2026-09-07T17:36:00Z","pinnacle","alternate_totals_1st_5_innings","2026-09-07T15:56:41Z","Over","3","-212"
"0a5522c3b427e5162e8c13c1ddb05dd7","Cleveland Guardians @ Baltimore Orioles","2026-09-07T17:36:00Z","pinnacle","alternate_totals_1st_5_innings","2026-09-07T15:56:41Z","Over","3.5","-139"
"0a5522c3b427e5162e8c13c1ddb05dd7","Cleveland Guardians @ Baltimore Orioles","2026-09-07T17:36:00Z","pinnacle","alternate_totals_1st_5_innings","2026-09-07T15:56:41Z","Over","4.5","124"
"0a5522c3b427e5162e8c13c1ddb05dd7","Cleveland Guardians @ Baltimore Orioles","2026-09-07T17:36:00Z","pinnacle","alternate_totals_1st_5_innings","2026-09-07T15:56:41Z","Over","5","166"
"0a5522c3b427e5162e8c13c1ddb05dd7","Cleveland Guardians @ Baltimore Orioles","2026-09-07T17:36:00Z","pinnacle","alternate_totals_1st_5_innings","2026-09-07T15:56:41Z","Under","3","179"
"0a5522c3b427e5162e8c13c1ddb05dd7","Cleveland Guardians @ Baltimore Orioles","2026-09-07T17:36:00Z","pinnacle","alternate_totals_1st_5_innings","2026-09-07T15:56:41Z","Under","3.5","121"
"0a5522c3b427e5162e8c13c1ddb05dd7","Cleveland Guardians @ Baltimore Orioles","2026-09-07T17:36:00Z","pinnacle","alternate_totals_1st_5_innings","2026-09-07T15:56:41Z","Under","4.5","-143"
"0a5522c3b427e5162e8c13c1ddb05dd7","Cleveland Guardians @ Baltimore Orioles","2026-09-07T17:36:00Z","pinnacle","alternate_totals_1st_5_innings","2026-09-07T15:56:41Z","Under","5","-195"
"0a5522c3b427e5162e8c13c1ddb05dd7","Cleveland Guardians @ Baltimore Orioles","2026-09-07T17:36:00Z","fanduel","h2h_1st_5_innings","2026-09-07T15:56:46Z","Baltimore Orioles","","-140"
"0a5522c3b427e5162e8c13c1ddb05dd7","Cleveland Guardians @ Baltimore Orioles","2026-09-07T17:36:00Z","fanduel","h2h_1st_5_innings","2026-09-07T15:56:46Z","Cleveland Guardians","","112"
"0a5522c3b427e5162e8c13c1ddb05dd7","Cleveland Guardians @ Baltimore Orioles","2026-09-07T17:36:00Z","betonlineag","h2h_1st_5_innings","2026-09-07T15:57:08Z","Baltimore Orioles","","-138"
"0a5522c3b427e5162e8c13c1ddb05dd7","Cleveland Guardians @ Baltimore Orioles","2026-09-07T17:36:00Z","betonlineag","h2h_1st_5_innings","2026-09-07T15:57:08Z","Cleveland Guardians","","118"
"0a5522c3b427e5162e8c13c1ddb05dd7","Cleveland Guardians @ Baltimore Orioles","2026-09-07T17:36:00Z","mybookieag","h2h_1st_5_innings","2026-09-07T15:57:03Z","Baltimore Orioles","","-139"
"0a5522c3b427e5162e8c13c1ddb05dd7","Cleveland Guardians @ Baltimore Orioles","2026-09-07T17:36:00Z","mybookieag","h2h_1st_5_innings","2026-09-07T15:57:03Z","Cleveland Guardians","","113"
"0a5522c3b427e5162e8c13c1ddb05dd7","Cleveland Guardians @ Baltimore Orioles","2026-09-07T17:36:00Z","bovada","h2h_1st_5_innings","2026-09-07T15:55:41Z","Baltimore Orioles","","-145"
"0a5522c3b427e5162e8c13c1ddb05dd7","Cleveland Guardians @ Baltimore Orioles","2026-09-07T17:36:00Z","bovada","h2h_1st_5_innings","2026-09-07T15:55:41Z","Cleveland Guardians","","110"
"0a5522c3b427e5162e8c13c1ddb05dd7","Cleveland Guardians @ Baltimore Orioles","2026-09-07T17:36:00Z","draftkings","h2h_1st_5_innings","2026-09-07T15:55:13Z","Baltimore Orioles","","-140"
"0a5522c3b427e5162e8c13c1ddb05dd7","Cleveland Guardians @ Baltimore Orioles","2026-09-07T17:36:00Z","draftkings","h2h_1st_5_innings","2026-09-07T15:55:13Z","Cleveland Guardians","","110"
"0a5522c3b427e5162e8c13c1ddb05dd7","Cleveland Guardians @ Baltimore Orioles","2026-09-07T17:36:00Z","williamhill_us","h2h_1st_5_innings","2026-09-07T15:56:17Z","Baltimore Orioles","","-145"
"0a5522c3b427e5162e8c13c1ddb05dd7","Cleveland Guardians @ Baltimore Orioles","2026-09-07T17:36:00Z","williamhill_us","h2h_1st_5_innings","2026-09-07T15:56:17Z","Cleveland Guardians","","115"
"0a5522c3b427e5162e8c13c1ddb05dd7","Cleveland Guardians @ Baltimore Orioles","2026-09-07T17:36:00Z","betrivers","h2h_1st_5_innings","2026-09-07T15:56:16Z","Baltimore Orioles","","-148"
"0a5522c3b427e5162e8c13c1ddb05dd7","Cleveland Guardians @ Baltimore Orioles","2026-09-07T17:36:00Z","betrivers","h2h_1st_5_innings","2026-09-07T15:56:16Z","Cleveland Guardians","","112"
"0a5522c3b427e5162e8c13c1ddb05dd7","Cleveland Guardians @ Baltimore Orioles","2026-09-07T17:36:00Z","betus","h2h_1st_5_innings","2026-09-07T15:56:27Z","Baltimore Orioles","","-140"
"0a5522c3b427e5162e8c13c1ddb05dd7","Cleveland Guardians @ Baltimore Orioles","2026-09-07T17:36:00Z","betus","h2h_1st_5_innings","2026-09-07T15:56:27Z","Cleveland Guardians","","120"
"0a5522c3b427e5162e8c13c1ddb05dd7","Cleveland Guardians @ Baltimore Orioles","2026-09-07T17:36:00Z","fanduel","spreads_1st_5_innings","2026-09-07T15:56:46Z","Baltimore Orioles","-0.5","104"
"0a5522c3b427e5162e8c13c1ddb05dd7","Cleveland Guardians @ Baltimore Orioles","2026-09-07T17:36:00Z","fanduel","spreads_1st_5_innings","2026-09-07T15:56:46Z","Cleveland Guardians","0.5","-135"
"0a5522c3b427e5162e8c13c1ddb05dd7","Cleveland Guardians @ Baltimore Orioles","2026-09-07T17:36:00Z","betonlineag","spreads_1st_5_innings","2026-09-07T15:57:08Z","Baltimore Orioles","-0.5","103"
"0a5522c3b427e5162e8c13c1ddb05dd7","Cleveland Guardians @ Baltimore Orioles","2026-09-07T17:36:00Z","betonlineag","spreads_1st_5_innings","2026-09-07T15:57:08Z","Cleveland Guardians","0.5","-123"
"0a5522c3b427e5162e8c13c1ddb05dd7","Cleveland Guardians @ Baltimore Orioles","2026-09-07T17:36:00Z","mybookieag","spreads_1st_5_innings","2026-09-07T15:57:03Z","Baltimore Orioles","-0.5","103"
"0a5522c3b427e5162e8c13c1ddb05dd7","Cleveland Guardians @ Baltimore Orioles","2026-09-07T17:36:00Z","mybookieag","spreads_1st_5_innings","2026-09-07T15:57:03Z","Cleveland Guardians","0.5","-126"
"0a5522c3b427e5162e8c13c1ddb05dd7","Cleveland Guardians @ Baltimore Orioles","2026-09-07T17:36:00Z","bovada","spreads_1st_5_innings","2026-09-07T15:55:41Z","Baltimore Orioles","-0.5","100"
"0a5522c3b427e5162e8c13c1ddb05dd7","Cleveland Guardians @ Baltimore Orioles","2026-09-07T17:36:00Z","bovada","spreads_1st_5_innings","2026-09-07T15:55:41Z","Cleveland Guardians","0.5","-130"
"0a5522c3b427e5162e8c13c1ddb05dd7","Cleveland Guardians @ Baltimore Orioles","2026-09-07T17:36:00Z","williamhill_us","spreads_1st_5_innings","2026-09-07T15:56:17Z","Baltimore Orioles","-0.5","100"
"0a5522c3b427e5162e8c13c1ddb05dd7","Cleveland Guardians @ Baltimore Orioles","2026-09-07T17:36:00Z","williamhill_us","spreads_1st_5_innings","2026-09-07T15:56:17Z","Cleveland Guardians","0.5","-130"
"0a5522c3b427e5162e8c13c1ddb05dd7","Cleveland Guardians @ Baltimore Orioles","2026-09-07T17:36:00Z","betus","spreads_1st_5_innings","2026-09-07T15:56:27Z","Baltimore Orioles","-0.5","105"
"0a5522c3b427e5162e8c13c1ddb05dd7","Cleveland Guardians @ Baltimore Orioles","2026-09-07T17:36:00Z","betus","spreads_1st_5_innings","2026-09-07T15:56:27Z","Cleveland Guardians","0.5","-125"
"0a5522c3b427e5162e8c13c1ddb05dd7","Cleveland Guardians @ Baltimore Orioles","2026-09-07T17:36:00Z","betmgm","spreads_1st_5_innings","2026-09-07T15:55:33Z","Baltimore Orioles","-0.5","-105"
"0a5522c3b427e5162e8c13c1ddb05dd7","Cleveland Guardians @ Baltimore Orioles","2026-09-07T17:36:00Z","betmgm","spreads_1st_5_innings","2026-09-07T15:55:33Z","Cleveland Guardians","0.5","-125"
"0a5522c3b427e5162e8c13c1ddb05dd7","Cleveland Guardians @ Baltimore Orioles","2026-09-07T17:36:00Z","pinnacle","spreads_1st_5_innings","2026-09-07T15:56:41Z","Baltimore Orioles","0","-135"
"0a5522c3b427e5162e8c13c1ddb05dd7","Cleveland Guardians @ Baltimore Orioles","2026-09-07T17:36:00Z","pinnacle","spreads_1st_5_innings","2026-09-07T15:56:41Z","Cleveland Guardians","0","117"
"0a5522c3b427e5162e8c13c1ddb05dd7","Cleveland Guardians @ Baltimore Orioles","2026-09-07T17:36:00Z","fanduel","totals_1st_5_innings","2026-09-07T15:56:46Z","Over","3.5","-148"
"0a5522c3b427e5162e8c13c1ddb05dd7","Cleveland Guardians @ Baltimore Orioles","2026-09-07T17:36:00Z","fanduel","totals_1st_5_innings","2026-09-07T15:56:46Z","Under","3.5","114"
"0a5522c3b427e5162e8c13c1ddb05dd7","Cleveland Guardians @ Baltimore Orioles","2026-09-07T17:36:00Z","betonlineag","totals_1st_5_innings","2026-09-07T15:57:08Z","Over","4","-104"
"0a5522c3b427e5162e8c13c1ddb05dd7","Cleveland Guardians @ Baltimore Orioles","2026-09-07T17:36:00Z","betonlineag","totals_1st_5_innings","2026-09-07T15:57:08Z","Under","4","-116"
"0a5522c3b427e5162e8c13c1ddb05dd7","Cleveland Guardians @ Baltimore Orioles","2026-09-07T17:36:00Z","mybookieag","totals_1st_5_innings","2026-09-07T15:57:03Z","Over","4","-106"
"0a5522c3b427e5162e8c13c1ddb05dd7","Cleveland Guardians @ Baltimore Orioles","2026-09-07T17:36:00Z","mybookieag","totals_1st_5_innings","2026-09-07T15:57:03Z","Under","4","-115"
"0a5522c3b427e5162e8c13c1ddb05dd7","Cleveland Guardians @ Baltimore Orioles","2026-09-07T17:36:00Z","bovada","totals_1st_5_innings","2026-09-07T15:55:41Z","Over","4","-115"
"0a5522c3b427e5162e8c13c1ddb05dd7","Cleveland Guardians @ Baltimore Orioles","2026-09-07T17:36:00Z","bovada","totals_1st_5_innings","2026-09-07T15:55:41Z","Under","4","-115"
"0a5522c3b427e5162e8c13c1ddb05dd7","Cleveland Guardians @ Baltimore Orioles","2026-09-07T17:36:00Z","williamhill_us","totals_1st_5_innings","2026-09-07T15:56:17Z","Over","4","-105"
"0a5522c3b427e5162e8c13c1ddb05dd7","Cleveland Guardians @ Baltimore Orioles","2026-09-07T17:36:00Z","williamhill_us","totals_1st_5_innings","2026-09-07T15:56:17Z","Under","4","-125"
"0a5522c3b427e5162e8c13c1ddb05dd7","Cleveland Guardians @ Baltimore Orioles","2026-09-07T17:36:00Z","betus","totals_1st_5_innings","2026-09-07T15:56:27Z","Over","4","-115"
"0a5522c3b427e5162e8c13c1ddb05dd7","Cleveland Guardians @ Baltimore Orioles","2026-09-07T17:36:00Z","betus","totals_1st_5_innings","2026-09-07T15:56:27Z","Under","4","-115"
"0a5522c3b427e5162e8c13c1ddb05dd7","Cleveland Guardians @ Baltimore Orioles","2026-09-07T17:36:00Z","betmgm","totals_1st_5_innings","2026-09-07T15:55:33Z","Over","4","-115"
"0a5522c3b427e5162e8c13c1ddb05dd7","Cleveland Guardians @ Baltimore Orioles","2026-09-07T17:36:00Z","betmgm","totals_1st_5_innings","2026-09-07T15:55:33Z","Under","4","-115"
"0a5522c3b427e5162e8c13c1ddb05dd7","Cleveland Guardians @ Baltimore Orioles","2026-09-07T17:36:00Z","pinnacle","totals_1st_5_innings","2026-09-07T15:56:41Z","Over","4","-106"
"0a5522c3b427e5162e8c13c1ddb05dd7","Cleveland Guardians @ Baltimore Orioles","2026-09-07T17:36:00Z","pinnacle","totals_1st_5_innings","2026-09-07T15:56:41Z","Under","4","-108"
"22430c880f9e9118f74aacf0b720b7ee","Los Angeles Angels @ Boston Red Sox","2026-09-07T17:36:00Z","fanduel","alternate_totals_1st_5_innings","2026-09-07T15:56:51Z","Over","0.5","-7000"
"22430c880f9e9118f74aacf0b720b7ee","Los Angeles Angels @ Boston Red Sox","2026-09-07T17:36:00Z","fanduel","alternate_totals_1st_5_innings","2026-09-07T15:56:51Z","Over","1.5","-1100"
"22430c880f9e9118f74aacf0b720b7ee","Los Angeles Angels @ Boston Red Sox","2026-09-07T17:36:00Z","fanduel","alternate_totals_1st_5_innings","2026-09-07T15:56:51Z","Over","2.5","-400"
"22430c880f9e9118f74aacf0b720b7ee","Los Angeles Angels @ Boston Red Sox","2026-09-07T17:36:00Z","fanduel","alternate_totals_1st_5_innings","2026-09-07T15:56:51Z","Over","3.5","-205"
"22430c880f9e9118f74aacf0b720b7ee","Los Angeles Angels @ Boston Red Sox","2026-09-07T17:36:00Z","fanduel","alternate_totals_1st_5_innings","2026-09-07T15:56:51Z","Over","4.5","-112"
"22430c880f9e9118f74aacf0b720b7ee","Los Angeles Angels @ Boston Red Sox","2026-09-07T17:36:00Z","fanduel","alternate_totals_1st_5_innings","2026-09-07T15:56:51Z","Over","5.5","152"
"22430c880f9e9118f74aacf0b720b7ee","Los Angeles Angels @ Boston Red Sox","2026-09-07T17:36:00Z","fanduel","alternate_totals_1st_5_innings","2026-09-07T15:56:51Z","Over","6.5","230"
"22430c880f9e9118f74aacf0b720b7ee","Los Angeles Angels @ Boston Red Sox","2026-09-07T17:36:00Z","fanduel","alternate_totals_1st_5_innings","2026-09-07T15:56:51Z","Over","7.5","360"
"22430c880f9e9118f74aacf0b720b7ee","Los Angeles Angels @ Boston Red Sox","2026-09-07T17:36:00Z","fanduel","alternate_totals_1st_5_innings","2026-09-07T15:56:51Z","Over","8.5","520"
"22430c880f9e9118f74aacf0b720b7ee","Los Angeles Angels @ Boston Red Sox","2026-09-07T17:36:00Z","fanduel","alternate_totals_1st_5_innings","2026-09-07T15:56:51Z","Over","9.5","750"
"22430c880f9e9118f74aacf0b720b7ee","Los Angeles Angels @ Boston Red Sox","2026-09-07T17:36:00Z","fanduel","alternate_totals_1st_5_innings","2026-09-07T15:56:51Z","Over","10.5","920"
"22430c880f9e9118f74aacf0b720b7ee","Los Angeles Angels @ Boston Red Sox","2026-09-07T17:36:00Z","fanduel","alternate_totals_1st_5_innings","2026-09-07T15:56:51Z","Over","11.5","1280"
"22430c880f9e9118f74aacf0b720b7ee","Los Angeles Angels @ Boston Red Sox","2026-09-07T17:36:00Z","fanduel","alternate_totals_1st_5_innings","2026-09-07T15:56:51Z","Under","0.5","1280"
"22430c880f9e9118f74aacf0b720b7ee","Los Angeles Angels @ Boston Red Sox","2026-09-07T17:36:00Z","fanduel","alternate_totals_1st_5_innings","2026-09-07T15:56:51Z","Under","1.5","550"
"22430c880f9e9118f74aacf0b720b7ee","Los Angeles Angels @ Boston Red Sox","2026-09-07T17:36:00Z","fanduel","alternate_totals_1st_5_innings","2026-09-07T15:56:51Z","Under","2.5","270"
"22430c880f9e9118f74aacf0b720b7ee","Los Angeles Angels @ Boston Red Sox","2026-09-07T17:36:00Z","fanduel","alternate_totals_1st_5_innings","2026-09-07T15:56:51Z","Under","3.5","152"
"22430c880f9e9118f74aacf0b720b7ee","Los Angeles Angels @ Boston Red Sox","2026-09-07T17:36:00Z","fanduel","alternate_totals_1st_5_innings","2026-09-07T15:56:51Z","Under","4.5","-118"
"22430c880f9e9118f74aacf0b720b7ee","Los Angeles Angels @ Boston Red Sox","2026-09-07T17:36:00Z","fanduel","alternate_totals_1st_5_innings","2026-09-07T15:56:51Z","Under","5.5","-205"
"22430c880f9e9118f74aacf0b720b7ee","Los Angeles Angels @ Boston Red Sox","2026-09-07T17:36:00Z","fanduel","alternate_totals_1st_5_innings","2026-09-07T15:56:51Z","Under","6.5","-330"
"22430c880f9e9118f74aacf0b720b7ee","Los Angeles Angels @ Boston Red Sox","2026-09-07T17:36:00Z","fanduel","alternate_totals_1st_5_innings","2026-09-07T15:56:51Z","Under","7.5","-580"
"22430c880f9e9118f74aacf0b720b7ee","Los Angeles Angels @ Boston Red Sox","2026-09-07T17:36:00Z","fanduel","alternate_totals_1st_5_innings","2026-09-07T15:56:51Z","Under","8.5","-1000"
"22430c880f9e9118f74aacf0b720b7ee","Los Angeles Angels @ Boston Red Sox","2026-09-07T17:36:00Z","fanduel","alternate_totals_1st_5_innings","2026-09-07T15:56:51Z","Under","9.5","-2000"
"22430c880f9e9118f74aacf0b720b7ee","Los Angeles Angels @ Boston Red Sox","2026-09-07T17:36:00Z","fanduel","alternate_totals_1st_5_innings","2026-09-07T15:56:51Z","Under","10.5","-3500"
"22430c880f9e9118f74aacf0b720b7ee","Los Angeles Angels @ Boston Red Sox","2026-09-07T17:36:00Z","fanduel","alternate_totals_1st_5_innings","2026-09-07T15:56:51Z","Under","11.5","-7000"
"22430c880f9e9118f74aacf0b720b7ee","Los Angeles Angels @ Boston Red Sox","2026-09-07T17:36:00Z","bovada","alternate_totals_1st_5_innings","2026-09-07T15:56:00Z","Over","3.5","-200"
"22430c880f9e9118f74aacf0b720b7ee","Los Angeles Angels @ Boston Red Sox","2026-09-07T17:36:00Z","bovada","alternate_totals_1st_5_innings","2026-09-07T15:56:00Z","Over","4","-160"
"22430c880f9e9118f74aacf0b720b7ee","Los Angeles Angels @ Boston Red Sox","2026-09-07T17:36:00Z","bovada","alternate_totals_1st_5_innings","2026-09-07T15:56:00Z","Over","5","115"
"22430c880f9e9118f74aacf0b720b7ee","Los Angeles Angels @ Boston Red Sox","2026-09-07T17:36:00Z","bovada","alternate_totals_1st_5_innings","2026-09-07T15:56:00Z","Over","5.5","140"
"22430c880f9e9118f74aacf0b720b7ee","Los Angeles Angels @ Boston Red Sox","2026-09-07T17:36:00Z","bovada","alternate_totals_1st_5_innings","2026-09-07T15:56:00Z","Under","3.5","150"
"22430c880f9e9118f74aacf0b720b7ee","Los Angeles Angels @ Boston Red Sox","2026-09-07T17:36:00Z","bovada","alternate_totals_1st_5_innings","2026-09-07T15:56:00Z","Under","4","120"
"22430c880f9e9118f74aacf0b720b7ee","Los Angeles Angels @ Boston Red Sox","2026-09-07T17:36:00Z","bovada","alternate_totals_1st_5_innings","2026-09-07T15:56:00Z","Under","5","-150"
"22430c880f9e9118f74aacf0b720b7ee","Los Angeles Angels @ Boston Red Sox","2026-09-07T17:36:00Z","bovada","alternate_totals_1st_5_innings","2026-09-07T15:56:00Z","Under","5.5","-185"
"22430c880f9e9118f74aacf0b720b7ee","Los Angeles Angels @ Boston Red Sox","2026-09-07T17:36:00Z","draftkings","alternate_totals_1st_5_innings","2026-09-07T15:56:43Z","Over","3.5","-188"
"22430c880f9e9118f74aacf0b720b7ee","Los Angeles Angels @ Boston Red Sox","2026-09-07T17:36:00Z","draftkings","alternate_totals_1st_5_innings","2026-09-07T15:56:43Z","Over","4.5","-110"
"22430c880f9e9118f74aacf0b720b7ee","Los Angeles Angels @ Boston Red Sox","2026-09-07T17:36:00Z","draftkings","alternate_totals_1st_5_innings","2026-09-07T15:56:43Z","Over","5.5","150"
"22430c880f9e9118f74aacf0b720b7ee","Los Angeles Angels @ Boston Red Sox","2026-09-07T17:36:00Z","draftkings","alternate_totals_1st_5_innings","2026-09-07T15:56:43Z","Under","3.5","145"
"22430c880f9e9118f74aacf0b720b7ee","Los Angeles Angels @ Boston Red Sox","2026-09-07T17:36:00Z","draftkings","alternate_totals_1st_5_innings","2026-09-07T15:56:43Z","Under","4.5","-120"
"22430c880f9e9118f74aacf0b720b7ee","Los Angeles Angels @ Boston Red Sox","2026-09-07T17:36:00Z","draftkings","alternate_totals_1st_5_innings","2026-09-07T15:56:43Z","Under","5.5","-195"
"22430c880f9e9118f74aacf0b720b7ee","Los Angeles Angels @ Boston Red Sox","2026-09-07T17:36:00Z","betrivers","alternate_totals_1st_5_innings","2026-09-07T15:56:16Z","Over","4.5","-107"
"22430c880f9e9118f74aacf0b720b7ee","Los Angeles Angels @ Boston Red Sox","2026-09-07T17:36:00Z","betrivers","alternate_totals_1st_5_innings","2026-09-07T15:56:16Z","Under","4.5","-124"
"22430c880f9e9118f74aacf0b720b7ee","Los Angeles Angels @ Boston Red Sox","2026-09-07T17:36:00Z","pinnacle","alternate_totals_1st_5_innings","2026-09-07T15:55:54Z","Over","3.5","-175"
"22430c880f9e9118f74aacf0b720b7ee","Los Angeles Angels @ Boston Red Sox","2026-09-07T17:36:00Z","pinnacle","alternate_totals_1st_5_innings","2026-09-07T15:55:54Z","Over","4","-138"
"22430c880f9e9118f74aacf0b720b7ee","Los Angeles Angels @ Boston Red Sox","2026-09-07T17:36:00Z","pinnacle","alternate_totals_1st_5_innings","2026-09-07T15:55:54Z","Over","5","128"
"22430c880f9e9118f74aacf0b720b7ee","Los Angeles Angels @ Boston Red Sox","2026-09-07T17:36:00Z","pinnacle","alternate_totals_1st_5_innings","2026-09-07T15:55:54Z","Over","5.5","158"
"22430c880f9e9118f74aacf0b720b7ee","Los Angeles Angels @ Boston Red Sox","2026-09-07T17:36:00Z","pinnacle","alternate_totals_1st_5_innings","2026-09-07T15:55:54Z","Under","3.5","151"
"22430c880f9e9118f74aacf0b720b7ee","Los Angeles Angels @ Boston Red Sox","2026-09-07T17:36:00Z","pinnacle","alternate_totals_1st_5_innings","2026-09-07T15:55:54Z","Under","4","120"
"22430c880f9e9118f74aacf0b720b7ee","Los Angeles Angels @ Boston Red Sox","2026-09-07T17:36:00Z","pinnacle","alternate_totals_1st_5_innings","2026-09-07T15:55:54Z","Under","5","-148"
"22430c880f9e9118f74aacf0b720b7ee","Los Angeles Angels @ Boston Red Sox","2026-09-07T17:36:00Z","pinnacle","alternate_totals_1st_5_innings","2026-09-07T15:55:54Z","Under","5.5","-184"
"22430c880f9e9118f74aacf0b720b7ee","Los Angeles Angels @ Boston Red Sox","2026-09-07T17:36:00Z","fanduel","h2h_1st_5_innings","2026-09-07T15:56:51Z","Boston Red Sox","","-168"
"22430c880f9e9118f74aacf0b720b7ee","Los Angeles Angels @ Boston Red Sox","2026-09-07T17:36:00Z","fanduel","h2h_1st_5_innings","2026-09-07T15:56:51Z","Los Angeles Angels","","134"
"22430c880f9e9118f74aacf0b720b7ee","Los Angeles Angels @ Boston Red Sox","2026-09-07T17:36:00Z","mybookieag","h2h_1st_5_innings","2026-09-07T15:56:18Z","Boston Red Sox","","-172"
"22430c880f9e9118f74aacf0b720b7ee","Los Angeles Angels @ Boston Red Sox","2026-09-07T17:36:00Z","mybookieag","h2h_1st_5_innings","2026-09-07T15:56:18Z","Los Angeles Angels","","140"
"22430c880f9e9118f74aacf0b720b7ee","Los Angeles Angels @ Boston Red Sox","2026-09-07T17:36:00Z","bovada","h2h_1st_5_innings","2026-09-07T15:56:00Z","Boston Red Sox","","-170"
"22430c880f9e9118f74aacf0b720b7ee","Los Angeles Angels @ Boston Red Sox","2026-09-07T17:36:00Z","bovada","h2h_1st_5_innings","2026-09-07T15:56:00Z","Los Angeles Angels","","130"
"22430c880f9e9118f74aacf0b720b7ee","Los Angeles Angels @ Boston Red Sox","2026-09-07T17:36:00Z","draftkings","h2h_1st_5_innings","2026-09-07T15:56:43Z","Boston Red Sox","","-166"
"22430c880f9e9118f74aacf0b720b7ee","Los Angeles Angels @ Boston Red Sox","2026-09-07T17:36:00Z","draftkings","h2h_1st_5_innings","2026-09-07T15:56:43Z","Los Angeles Angels","","130"
"22430c880f9e9118f74aacf0b720b7ee","Los Angeles Angels @ Boston Red Sox","2026-09-07T17:36:00Z","williamhill_us","h2h_1st_5_innings","2026-09-07T15:56:17Z","Boston Red Sox","","-170"
"22430c880f9e9118f74aacf0b720b7ee","Los Angeles Angels @ Boston Red Sox","2026-09-07T17:36:00Z","williamhill_us","h2h_1st_5_innings","2026-09-07T15:56:17Z","Los Angeles Angels","","140"
"22430c880f9e9118f74aacf0b720b7ee","Los Angeles Angels @ Boston Red Sox","2026-09-07T17:36:00Z","betonlineag","h2h_1st_5_innings","2026-09-07T15:56:48Z","Boston Red Sox","","-163"
"22430c880f9e9118f74aacf0b720b7ee","Los Angeles Angels @ Boston Red Sox","2026-09-07T17:36:00Z","betonlineag","h2h_1st_5_innings","2026-09-07T15:56:48Z","Los Angeles Angels","","143"
"22430c880f9e9118f74aacf0b720b7ee","Los Angeles Angels @ Boston Red Sox","2026-09-07T17:36:00Z","betrivers","h2h_1st_5_innings","2026-09-07T15:56:16Z","Boston Red Sox","","-175"
"22430c880f9e9118f74aacf0b720b7ee","Los Angeles Angels @ Boston Red Sox","2026-09-07T17:36:00Z","betrivers","h2h_1st_5_innings","2026-09-07T15:56:16Z","Los Angeles Angels","","128"
"22430c880f9e9118f74aacf0b720b7ee","Los Angeles Angels @ Boston Red Sox","2026-09-07T17:36:00Z","betus","h2h_1st_5_innings","2026-09-07T15:56:27Z","Boston Red Sox","","-165"
"22430c880f9e9118f74aacf0b720b7ee","Los Angeles Angels @ Boston Red Sox","2026-09-07T17:36:00Z","betus","h2h_1st_5_innings","2026-09-07T15:56:27Z","Los Angeles Angels","","145"
"22430c880f9e9118f74aacf0b720b7ee","Los Angeles Angels @ Boston Red Sox","2026-09-07T17:36:00Z","fanduel","spreads_1st_5_innings","2026-09-07T15:56:51Z","Boston Red Sox","-0.5","-115"
"22430c880f9e9118f74aacf0b720b7ee","Los Angeles Angels @ Boston Red Sox","2026-09-07T17:36:00Z","fanduel","spreads_1st_5_innings","2026-09-07T15:56:51Z","Los Angeles Angels","0.5","-113"
"22430c880f9e9118f74aacf0b720b7ee","Los Angeles Angels @ Boston Red Sox","2026-09-07T17:36:00Z","mybookieag","spreads_1st_5_innings","2026-09-07T15:56:18Z","Boston Red Sox","-0.5","-117"
"22430c880f9e9118f74aacf0b720b7ee","Los Angeles Angels @ Boston Red Sox","2026-09-07T17:36:00Z","mybookieag","spreads_1st_5_innings","2026-09-07T15:56:18Z","Los Angeles Angels","0.5","-104"
"22430c880f9e9118f74aacf0b720b7ee","Los Angeles Angels @ Boston Red Sox","2026-09-07T17:36:00Z","bovada","spreads_1st_5_innings","2026-09-07T15:56:00Z","Boston Red Sox","-0.5","-120"
"22430c880f9e9118f74aacf0b720b7ee","Los Angeles Angels @ Boston Red Sox","2026-09-07T17:36:00Z","bovada","spreads_1st_5_innings","2026-09-07T15:56:00Z","Los Angeles Angels","0.5","-110"
"22430c880f9e9118f74aacf0b720b7ee","Los Angeles Angels @ Boston Red Sox","2026-09-07T17:36:00Z","williamhill_us","spreads_1st_5_innings","2026-09-07T15:56:17Z","Boston Red Sox","-0.5","-125"
"22430c880f9e9118f74aacf0b720b7ee","Los Angeles Angels @ Boston Red Sox","2026-09-07T17:36:00Z","williamhill_us","spreads_1st_5_innings","2026-09-07T15:56:17Z","Los Angeles Angels","0.5","-105"
"22430c880f9e9118f74aacf0b720b7ee","Los Angeles Angels @ Boston Red Sox","2026-09-07T17:36:00Z","betmgm","spreads_1st_5_innings","2026-09-07T15:55:33Z","Boston Red Sox","-0.5","-118"
"22430c880f9e9118f74aacf0b720b7ee","Los Angeles Angels @ Boston Red Sox","2026-09-07T17:36:00Z","betmgm","spreads_1st_5_innings","2026-09-07T15:55:33Z","Los Angeles Angels","0.5","-110"
"22430c880f9e9118f74aacf0b720b7ee","Los Angeles Angels @ Boston Red Sox","2026-09-07T17:36:00Z","betonlineag","spreads_1st_5_innings","2026-09-07T15:56:48Z","Boston Red Sox","-0.5","-115"
"22430c880f9e9118f74aacf0b720b7ee","Los Angeles Angels @ Boston Red Sox","2026-09-07T17:36:00Z","betonlineag","spreads_1st_5_innings","2026-09-07T15:56:48Z","Los Angeles Angels","0.5","-105"
"22430c880f9e9118f74aacf0b720b7ee","Los Angeles Angels @ Boston Red Sox","2026-09-07T17:36:00Z","betus","spreads_1st_5_innings","2026-09-07T15:56:27Z","Boston Red Sox","-0.5","-115"
"22430c880f9e9118f74aacf0b720b7ee","Los Angeles Angels @ Boston Red Sox","2026-09-07T17:36:00Z","betus","spreads_1st_5_innings","2026-09-07T15:56:27Z","Los Angeles Angels","0.5","-105"
"22430c880f9e9118f74aacf0b720b7ee","Los Angeles Angels @ Boston Red Sox","2026-09-07T17:36:00Z","pinnacle","spreads_1st_5_innings","2026-09-07T15:55:54Z","Boston Red Sox","0","-159"
"22430c880f9e9118f74aacf0b720b7ee","Los Angeles Angels @ Boston Red Sox","2026-09-07T17:36:00Z","pinnacle","spreads_1st_5_innings","2026-09-07T15:55:54Z","Los Angeles Angels","0","137"
"22430c880f9e9118f74aacf0b720b7ee","Los Angeles Angels @ Boston Red Sox","2026-09-07T17:36:00Z","fanduel","totals_1st_5_innings","2026-09-07T15:56:51Z","Over","4.5","-113"
"22430c880f9e9118f74aacf0b720b7ee","Los Angeles Angels @ Boston Red Sox","2026-09-07T17:36:00Z","fanduel","totals_1st_5_innings","2026-09-07T15:56:51Z","Under","4.5","-115"
"22430c880f9e9118f74aacf0b720b7ee","Los Angeles Angels @ Boston Red Sox","2026-09-07T17:36:00Z","mybookieag","totals_1st_5_innings","2026-09-07T15:56:18Z","Over","4.5","-105"
"22430c880f9e9118f74aacf0b720b7ee","Los Angeles Angels @ Boston Red Sox","2026-09-07T17:36:00Z","mybookieag","totals_1st_5_innings","2026-09-07T15:56:18Z","Under","4.5","-116"
"22430c880f9e9118f74aacf0b720b7ee","Los Angeles Angels @ Boston Red Sox","2026-09-07T17:36:00Z","bovada","totals_1st_5_innings","2026-09-07T15:56:00Z","Over","4.5","-115"
"22430c880f9e9118f74aacf0b720b7ee","Los Angeles Angels @ Boston Red Sox","2026-09-07T17:36:00Z","bovada","totals_1st_5_innings","2026-09-07T15:56:00Z","Under","4.5","-115"
"22430c880f9e9118f74aacf0b720b7ee","Los Angeles Angels @ Boston Red Sox","2026-09-07T17:36:00Z","williamhill_us","totals_1st_5_innings","2026-09-07T15:56:17Z","Over","4.5","-120"
"22430c880f9e9118f74aacf0b720b7ee","Los Angeles Angels @ Boston Red Sox","2026-09-07T17:36:00Z","williamhill_us","totals_1st_5_innings","2026-09-07T15:56:17Z","Under","4.5","-110"
"22430c880f9e9118f74aacf0b720b7ee","Los Angeles Angels @ Boston Red Sox","2026-09-07T17:36:00Z","betmgm","totals_1st_5_innings","2026-09-07T15:55:33Z","Over","4.5","-110"
"22430c880f9e9118f74aacf0b720b7ee","Los Angeles Angels @ Boston Red Sox","2026-09-07T17:36:00Z","betmgm","totals_1st_5_innings","2026-09-07T15:55:33Z","Under","4.5","-118"
"22430c880f9e9118f74aacf0b720b7ee","Los Angeles Angels @ Boston Red Sox","2026-09-07T17:36:00Z","betonlineag","totals_1st_5_innings","2026-09-07T15:56:48Z","Over","4.5","-102"
"22430c880f9e9118f74aacf0b720b7ee","Los Angeles Angels @ Boston Red Sox","2026-09-07T17:36:00Z","betonlineag","totals_1st_5_innings","2026-09-07T15:56:48Z","Under","4.5","-118"
"22430c880f9e9118f74aacf0b720b7ee","Los Angeles Angels @ Boston Red Sox","2026-09-07T17:36:00Z","betus","totals_1st_5_innings","2026-09-07T15:56:27Z","Over","4.5","-110"
"22430c880f9e9118f74aacf0b720b7ee","Los Angeles Angels @ Boston Red Sox","2026-09-07T17:36:00Z","betus","totals_1st_5_innings","2026-09-07T15:56:27Z","Under","4.5","-120"
"22430c880f9e9118f74aacf0b720b7ee","Los Angeles Angels @ Boston Red Sox","2026-09-07T17:36:00Z","pinnacle","totals_1st_5_innings","2026-09-07T15:55:54Z","Over","4.5","-103"
"22430c880f9e9118f74aacf0b720b7ee","Los Angeles Angels @ Boston Red Sox","2026-09-07T17:36:00Z","pinnacle","totals_1st_5_innings","2026-09-07T15:55:54Z","Under","4.5","-111"
